lat,lon,year,subregion,country,cause,route,origin,toll
31.650259,-110.366453,2014,Norteamérica,United States of America,Mixta o desconocida,Frontera EE.UU.-México,Guatemala,1
31.59713,-111.73756,2014,Norteamérica,United States of America,Mixta o desconocida,Frontera EE.UU.-México,Desconocido,1
31.94026,-113.01125,2014,Norteamérica,United States of America,Mixta o desconocida,Frontera EE.UU.-México,Desconocido,1
31.506777,-109.315632,2014,Norteamérica,United States of America,Violencia,Frontera EE.UU.-México,Mexico,1
32.45435,-113.18402,2014,Norteamérica,United States of America,Mixta o desconocida,Frontera EE.UU.-México,Desconocido,1
32.478317,-113.182833,2014,Norteamérica,United States of America,Mixta o desconocida,Frontera EE.UU.-México,Desconocido,1
31.81154,-111.01101,2014,Norteamérica,United States of America,Mixta o desconocida,Frontera EE.UU.-México,Desconocido,1
32.174017,-112.174583,2014,Norteamérica,United States of America,Mixta o desconocida,Frontera EE.UU.-México,Desconocido,1
32.40291,-113.02935,2014,Norteamérica,United States of America,Mixta o desconocida,Frontera EE.UU.-México,Mexico,1
32.159,-112.919,2014,Norteamérica,United States of America,Mixta o desconocida,Frontera EE.UU.-México,Desconocido,1
32.481483,-111.654933,2014,Norteamérica,United States of America,Mixta o desconocida,Frontera EE.UU.-México,Desconocido,1
32.481683,-111.654933,2014,Norteamérica,United States of America,Mixta o desconocida,Frontera EE.UU.-México,Desconocido,1
26.116,-80.0,2014,Caribe,United States of America,Ahogamiento,Caribe hacia EE.UU.,Haiti,1
31.8054,-111.854867,2014,Norteamérica,United States of America,Mixta o desconocida,Frontera EE.UU.-México,Desconocido,1
31.992833,-111.385833,2014,Norteamérica,United States of America,Mixta o desconocida,Frontera EE.UU.-México,Desconocido,1
32.17305,-112.20211,2014,Norteamérica,United States of America,Mixta o desconocida,Frontera EE.UU.-México,Desconocido,1
32.00768,-112.1726,2014,Norteamérica,United States of America,Mixta o desconocida,Frontera EE.UU.-México,Desconocido,1
32.587899,-116.850999,2014,Norteamérica,United States of America,Violencia,Frontera EE.UU.-México,Mexico,1
18.4505,-68.0,2014,Caribe,Dominican Republic,Ahogamiento,Haití a Rep. Dominicana,Haiti,8
31.82214,-111.96383,2014,Norteamérica,United States of America,Mixta o desconocida,Frontera EE.UU.-México,Desconocido,1
32.08795,-112.58407,2014,Norteamérica,United States of America,Mixta o desconocida,Frontera EE.UU.-México,Desconocido,1
32.0885,-112.44956,2014,Norteamérica,United States of America,Mixta o desconocida,Frontera EE.UU.-México,Desconocido,1
31.759,-110.51916,2014,Norteamérica,United States of America,Condiciones ambientales extremas,Frontera EE.UU.-México,Guatemala,1
31.6904,-106.425,2014,Centroamérica,Mexico,Violencia,Frontera EE.UU.-México,Ecuador,1
26.811203,-97.748199,2014,Norteamérica,United States of America,Mixta o desconocida,Frontera EE.UU.-México,El Salvador,1
31.789033,-112.114583,2014,Norteamérica,United States of America,Condiciones ambientales extremas,Frontera EE.UU.-México,Desconocido,1
32.1386,-112.326,2014,Norteamérica,United States of America,Mixta o desconocida,Frontera EE.UU.-México,Desconocido,1
31.558,-111.183,2014,Norteamérica,United States of America,Mixta o desconocida,Frontera EE.UU.-México,Desconocido,1
31.94755,-112.06415,2014,Norteamérica,United States of America,Mixta o desconocida,Frontera EE.UU.-México,Desconocido,1
31.85666,-111.62433,2014,Norteamérica,United States of America,Mixta o desconocida,Frontera EE.UU.-México,Desconocido,1
16.2299602,-92.0,2014,Centroamérica,Mexico,Accidente de transporte,Sin ruta registrada,Guatemala,1
31.688867,-111.862733,2014,Norteamérica,United States of America,Mixta o desconocida,Frontera EE.UU.-México,Desconocido,1
32.3085,-111.7528,2014,Norteamérica,United States of America,Mixta o desconocida,Frontera EE.UU.-México,Desconocido,1
31.33271,-110.93813,2014,Norteamérica,United States of America,Muerte accidental,Frontera EE.UU.-México,El Salvador,1
31.354017,-110.989383,2014,Norteamérica,United States of America,Mixta o desconocida,Frontera EE.UU.-México,Mexico,1
32.03171,-112.42503,2014,Norteamérica,United States of America,Mixta o desconocida,Frontera EE.UU.-México,Desconocido,1
31.836217,-111.9419,2014,Norteamérica,United States of America,Mixta o desconocida,Frontera EE.UU.-México,Desconocido,1
32.12865,-111.330983,2014,Norteamérica,United States of America,Mixta o desconocida,Frontera EE.UU.-México,Desconocido,1
32.178733,-112.5039,2014,Norteamérica,United States of America,Mixta o desconocida,Frontera EE.UU.-México,Desconocido,1
32.09045,-112.246033,2014,Norteamérica,United States of America,Mixta o desconocida,Frontera EE.UU.-México,Desconocido,1
16.242196,-94.0,2014,Centroamérica,Mexico,Violencia,Sin ruta registrada,Honduras,4
32.1886,-113.0037,2014,Norteamérica,United States of America,Mixta o desconocida,Frontera EE.UU.-México,Desconocido,1
32.1833,-112.9961,2014,Norteamérica,United States of America,Mixta o desconocida,Frontera EE.UU.-México,Desconocido,1
31.99887,-110.862595,2014,Norteamérica,United States of America,Violencia,Frontera EE.UU.-México,Mexico,1
31.467633,-110.793333,2014,Norteamérica,United States of America,Condiciones ambientales extremas,Frontera EE.UU.-México,Mexico,1
31.59867,-111.43782,2014,Norteamérica,United States of America,Mixta o desconocida,Frontera EE.UU.-México,Desconocido,1
18.3079,-70.0,2014,Caribe,Dominican Republic,Ahogamiento,Sin ruta registrada,Desconocido,9
31.58023,-111.79283,2014,Norteamérica,United States of America,Mixta o desconocida,Frontera EE.UU.-México,Desconocido,1
32.12555,-112.868,2014,Norteamérica,United States of America,Mixta o desconocida,Frontera EE.UU.-México,Desconocido,1
31.75233,-111.97016,2014,Norteamérica,United States of America,Mixta o desconocida,Frontera EE.UU.-México,Desconocido,1
31.692369,-110.360473,2014,Norteamérica,United States of America,Violencia,Frontera EE.UU.-México,Desconocido,1
31.95283,-112.34965,2014,Norteamérica,United States of America,Mixta o desconocida,Frontera EE.UU.-México,Mexico,1
31.61445,-111.68357,2014,Norteamérica,United States of America,Mixta o desconocida,Frontera EE.UU.-México,Desconocido,1
32.46313,-111.6213,2014,Norteamérica,United States of America,Mixta o desconocida,Frontera EE.UU.-México,Desconocido,1
32.0667,-113.1525,2014,Norteamérica,United States of America,Mixta o desconocida,Frontera EE.UU.-México,Desconocido,1
31.34675,-109.4814,2014,Norteamérica,United States of America,Mixta o desconocida,Frontera EE.UU.-México,Mexico,1
32.437783,-111.636383,2014,Norteamérica,United States of America,Mixta o desconocida,Frontera EE.UU.-México,Desconocido,1
32.437983,-111.636383,2014,Norteamérica,United States of America,Mixta o desconocida,Frontera EE.UU.-México,Desconocido,1
31.62445,-111.3423,2014,Norteamérica,United States of America,Mixta o desconocida,Frontera EE.UU.-México,Desconocido,1
31.334397,-110.96816,2014,Norteamérica,United States of America,Condiciones ambientales extremas,Frontera EE.UU.-México,Mexico,1
32.564183,-111.670617,2014,Norteamérica,United States of America,Mixta o desconocida,Frontera EE.UU.-México,Desconocido,1
31.906667,-112.0059,2014,Norteamérica,United States of America,Condiciones ambientales extremas,Frontera EE.UU.-México,Desconocido,1
32.23316,-112.959966,2014,Norteamérica,United States of America,Mixta o desconocida,Frontera EE.UU.-México,Desconocido,1
32.05,-112.9,2014,Norteamérica,United States of America,Condiciones ambientales extremas,Frontera EE.UU.-México,Desconocido,1
32.48843,-112.59816,2014,Norteamérica,United States of America,Mixta o desconocida,Frontera EE.UU.-México,Desconocido,1
31.778767,-111.396767,2014,Norteamérica,United States of America,Condiciones ambientales extremas,Frontera EE.UU.-México,Desconocido,1
32.833333,-113.75,2014,Norteamérica,United States of America,Mixta o desconocida,Frontera EE.UU.-México,Desconocido,1
31.914994,-111.875669,2014,Norteamérica,United States of America,Mixta o desconocida,Frontera EE.UU.-México,Desconocido,1
31.84452,-111.86507,2014,Norteamérica,United States of America,Mixta o desconocida,Frontera EE.UU.-México,Desconocido,1
32.14323,-112.58124,2014,Norteamérica,United States of America,Mixta o desconocida,Frontera EE.UU.-México,Desconocido,1
31.78543,-111.86321,2014,Norteamérica,United States of America,Condiciones ambientales extremas,Frontera EE.UU.-México,Desconocido,1
31.49908,-111.40091,2014,Norteamérica,United States of America,Mixta o desconocida,Frontera EE.UU.-México,Desconocido,1
27.153103,-98.161338,2014,Norteamérica,United States of America,Mixta o desconocida,Frontera EE.UU.-México,Desconocido,1
32.16403,-111.71384,2014,Norteamérica,United States of America,Condiciones ambientales extremas,Frontera EE.UU.-México,Desconocido,1
32.17175,-111.20567,2014,Norteamérica,United States of America,Mixta o desconocida,Frontera EE.UU.-México,Desconocido,1
32.4275,-111.64305,2014,Norteamérica,United States of America,Mixta o desconocida,Frontera EE.UU.-México,Desconocido,1
32.49936,-112.21016,2014,Norteamérica,United States of America,Mixta o desconocida,Frontera EE.UU.-México,Desconocido,1
31.39289,-111.00497,2014,Norteamérica,United States of America,Mixta o desconocida,Frontera EE.UU.-México,Desconocido,1
31.6739,-111.84799,2014,Norteamérica,United States of America,Mixta o desconocida,Frontera EE.UU.-México,Desconocido,1
31.629327,-111.78697,2014,Norteamérica,United States of America,Condiciones ambientales extremas,Frontera EE.UU.-México,Desconocido,1
32.375917,-112.12716,2014,Norteamérica,United States of America,Mixta o desconocida,Frontera EE.UU.-México,Desconocido,1
32.081967,-112.737717,2014,Norteamérica,United States of America,Mixta o desconocida,Frontera EE.UU.-México,Desconocido,1
18.130861,-95.0,2014,Centroamérica,Mexico,Accidente de transporte,Sin ruta registrada,Desconocido,1
32.316,-111.863817,2014,Norteamérica,United States of America,Mixta o desconocida,Frontera EE.UU.-México,Desconocido,1
26.926356,-97.709747,2014,Norteamérica,United States of America,Mixta o desconocida,Frontera EE.UU.-México,El Salvador,1
26.998573,-98.186279,2014,Norteamérica,United States of America,Mixta o desconocida,Frontera EE.UU.-México,El Salvador,1
31.62332,-111.69537,2014,Norteamérica,United States of America,Mixta o desconocida,Frontera EE.UU.-México,Desconocido,1
26.990008,-98.187652,2014,Norteamérica,United States of America,Mixta o desconocida,Frontera EE.UU.-México,Guatemala,1
32.03617,-113.00065,2014,Norteamérica,United States of America,Mixta o desconocida,Frontera EE.UU.-México,Desconocido,1
26.955738,-98.033844,2014,Norteamérica,United States of America,Mixta o desconocida,Frontera EE.UU.-México,Guatemala,1
31.651,-111.6385,2014,Norteamérica,United States of America,Mixta o desconocida,Frontera EE.UU.-México,Desconocido,1
32.37387,-113.14252,2014,Norteamérica,United States of America,Condiciones ambientales extremas,Frontera EE.UU.-México,Desconocido,1
32.532056,-111.533472,2014,Norteamérica,United States of America,Mixta o desconocida,Frontera EE.UU.-México,Desconocido,1
31.6488,-110.697817,2014,Norteamérica,United States of America,Muerte accidental,Frontera EE.UU.-México,Mexico,1
32.83222,-112.05419,2014,Norteamérica,United States of America,Mixta o desconocida,Frontera EE.UU.-México,Desconocido,1
31.949573,-112.871417,2014,Norteamérica,United States of America,Mixta o desconocida,Frontera EE.UU.-México,Desconocido,1
18.539117,-96.606006,2014,Centroamérica,Mexico,Accidente de transporte,Sin ruta registrada,Desconocido,1
32.26839,-111.4741,2014,Norteamérica,United States of America,Condiciones ambientales extremas,Frontera EE.UU.-México,Desconocido,1
32.04927,-111.56971,2014,Norteamérica,United States of America,Mixta o desconocida,Frontera EE.UU.-México,Desconocido,1
32.54141,-111.526,2014,Norteamérica,United States of America,Mixta o desconocida,Frontera EE.UU.-México,Desconocido,1
32.197083,-113.05333,2014,Norteamérica,United States of America,Mixta o desconocida,Frontera EE.UU.-México,Desconocido,1
31.685017,-111.997183,2014,Norteamérica,United States of America,Mixta o desconocida,Frontera EE.UU.-México,Desconocido,1
31.63525,-111.78028,2014,Norteamérica,United States of America,Mixta o desconocida,Frontera EE.UU.-México,Desconocido,1
31.489567,-111.461233,2014,Norteamérica,United States of America,Condiciones ambientales extremas,Frontera EE.UU.-México,Desconocido,1
25.8709,-80.0,2014,Caribe,United States of America,Ahogamiento,Caribe hacia EE.UU.,Cuba,9
26.2937,-80.0,2014,Caribe,United States of America,Ahogamiento,Caribe hacia EE.UU.,Haiti,1
32.03905,-112.12708,2014,Norteamérica,United States of America,Mixta o desconocida,Frontera EE.UU.-México,Desconocido,1
32.299867,-111.47552,2014,Norteamérica,United States of America,Mixta o desconocida,Frontera EE.UU.-México,Desconocido,1
18.3459,-67.8186,2014,Caribe,Puerto Rico,Ahogamiento,Sin ruta registrada,Rep. Dominicana,23
27.033656,-98.233616,2014,Norteamérica,United States of America,Mixta o desconocida,Frontera EE.UU.-México,Desconocido,44
23.6244,-86.2866,2014,Caribe,Mexico,Mixta o desconocida,Sin ruta registrada,Cuba,17
19.1452,-101.074,2014,Centroamérica,Mexico,Mixta o desconocida,Sin ruta registrada,El Salvador,64
21.897364,-88.384764,2014,Centroamérica,Mexico,Ahogamiento,Sin ruta registrada,Cuba,2
31.93067,-112.07349,2014,Norteamérica,United States of America,Mixta o desconocida,Frontera EE.UU.-México,Mexico,1
31.33915,-109.549239,2014,Norteamérica,United States of America,Mixta o desconocida,Frontera EE.UU.-México,Desconocido,1
32.00936,-113.02776,2014,Norteamérica,United States of America,Mixta o desconocida,Frontera EE.UU.-México,Desconocido,1
18.600776,-98.463359,2014,Centroamérica,Mexico,Accidente de transporte,Sin ruta registrada,Desconocido,1
32.35267,-113.163509,2014,Norteamérica,United States of America,Mixta o desconocida,Frontera EE.UU.-México,Desconocido,1
26.185052,-98.379882,2014,Norteamérica,United States of America,Ahogamiento,Frontera EE.UU.-México,Mexico,1
32.6185,-112.33998,2014,Norteamérica,United States of America,Condiciones ambientales extremas,Frontera EE.UU.-México,Desconocido,1
31.76753,-112.051033,2014,Norteamérica,United States of America,Mixta o desconocida,Frontera EE.UU.-México,Desconocido,1
31.75811,-111.68045,2014,Norteamérica,United States of America,Mixta o desconocida,Frontera EE.UU.-México,Desconocido,1
32.15356,-112.02004,2014,Norteamérica,United States of America,Mixta o desconocida,Frontera EE.UU.-México,Desconocido,1
32.1823,-113.1603,2014,Norteamérica,United States of America,Mixta o desconocida,Frontera EE.UU.-México,Desconocido,1
31.763,-111.9822,2014,Norteamérica,United States of America,Mixta o desconocida,Frontera EE.UU.-México,Desconocido,1
25.7529,-79.8528,2014,Caribe,United States of America,Ahogamiento,Caribe hacia EE.UU.,Desconocido,2
30.5398333,-111.1196215,2014,Centroamérica,Mexico,Accidente de transporte,Sin ruta registrada,Desconocido,1
24.5671,-80.321,2014,Caribe,United States of America,Ahogamiento,Caribe hacia EE.UU.,Cuba,2
23.6345,-102.553,2014,Centroamérica,Mexico,Mixta o desconocida,Sin ruta registrada,Guatemala,41
23.6445,-80.2881,2014,Caribe,Cuba,Ahogamiento,Caribe hacia EE.UU.,Cuba,1
32.920733,-112.24025,2014,Norteamérica,United States of America,Mixta o desconocida,Frontera EE.UU.-México,Desconocido,1
32.54435,-112.590033,2014,Norteamérica,United States of America,Condiciones ambientales extremas,Frontera EE.UU.-México,Desconocido,1
33.406483,-111.7932,2014,Norteamérica,United States of America,Violencia,Frontera EE.UU.-México,Desconocido,1
32.867583,-112.529133,2014,Norteamérica,United States of America,Mixta o desconocida,Frontera EE.UU.-México,Desconocido,1
33.328533,-112.20325,2014,Norteamérica,United States of America,Violencia,Frontera EE.UU.-México,Desconocido,1
32.767733,-112.493383,2014,Norteamérica,United States of America,Mixta o desconocida,Frontera EE.UU.-México,Desconocido,1
32.889083,-113.05275,2014,Norteamérica,United States of America,Mixta o desconocida,Frontera EE.UU.-México,Desconocido,1
32.785367,-112.5716,2014,Norteamérica,United States of America,Mixta o desconocida,Frontera EE.UU.-México,Desconocido,1
32.773417,-113.022283,2014,Norteamérica,United States of America,Mixta o desconocida,Frontera EE.UU.-México,Desconocido,1
32.799933,-112.603117,2014,Norteamérica,United States of America,Mixta o desconocida,Frontera EE.UU.-México,Desconocido,1
32.11158,-112.70088,2014,Norteamérica,United States of America,Mixta o desconocida,Frontera EE.UU.-México,Desconocido,1
33.286833,-113.100567,2014,Norteamérica,United States of America,Mixta o desconocida,Frontera EE.UU.-México,Desconocido,1
31.363417,-109.9977,2014,Norteamérica,United States of America,Mixta o desconocida,Frontera EE.UU.-México,Desconocido,1
31.7237,-111.4236,2014,Norteamérica,United States of America,Mixta o desconocida,Frontera EE.UU.-México,Desconocido,1
32.443117,-111.630167,2014,Norteamérica,United States of America,Mixta o desconocida,Frontera EE.UU.-México,Desconocido,1
32.7641,-112.184983,2014,Norteamérica,United States of America,Mixta o desconocida,Frontera EE.UU.-México,Desconocido,1
32.854167,-112.5388,2014,Norteamérica,United States of America,Mixta o desconocida,Frontera EE.UU.-México,Desconocido,1
32.21341,-111.37118,2014,Norteamérica,United States of America,Mixta o desconocida,Frontera EE.UU.-México,Desconocido,1
32.100767,-111.140983,2014,Norteamérica,United States of America,Violencia,Frontera EE.UU.-México,Desconocido,1
32.49773,-113.03201,2014,Norteamérica,United States of America,Mixta o desconocida,Frontera EE.UU.-México,Desconocido,1
31.890617,-112.7889,2014,Norteamérica,United States of America,Mixta o desconocida,Frontera EE.UU.-México,Desconocido,1
32.652667,-112.736483,2014,Norteamérica,United States of America,Mixta o desconocida,Frontera EE.UU.-México,Desconocido,1
31.75902,-111.63283,2014,Norteamérica,United States of America,Mixta o desconocida,Frontera EE.UU.-México,Desconocido,1
31.916783,-112.937883,2014,Norteamérica,United States of America,Mixta o desconocida,Frontera EE.UU.-México,Desconocido,1
31.76492,-111.02039,2014,Norteamérica,United States of America,Mixta o desconocida,Frontera EE.UU.-México,Desconocido,1
31.75662,-111.76598,2014,Norteamérica,United States of America,Mixta o desconocida,Frontera EE.UU.-México,Desconocido,1
31.530333,-110.973083,2014,Norteamérica,United States of America,Mixta o desconocida,Frontera EE.UU.-México,Desconocido,1
32.303726,-109.379947,2014,Norteamérica,United States of America,Condiciones ambientales extremas,Frontera EE.UU.-México,Desconocido,1
31.585083,-111.095583,2014,Norteamérica,United States of America,Mixta o desconocida,Frontera EE.UU.-México,Desconocido,1
32.223531,-113.111221,2014,Norteamérica,United States of America,Mixta o desconocida,Frontera EE.UU.-México,Desconocido,1
31.672801,-111.834361,2014,Norteamérica,United States of America,Mixta o desconocida,Frontera EE.UU.-México,Desconocido,1
31.983401,-112.750001,2014,Norteamérica,United States of America,Mixta o desconocida,Frontera EE.UU.-México,Desconocido,1
31.789117,-112.20065,2014,Norteamérica,United States of America,Mixta o desconocida,Frontera EE.UU.-México,Desconocido,1
32.436583,-112.67935,2014,Norteamérica,United States of America,Mixta o desconocida,Frontera EE.UU.-México,Desconocido,1
32.046333,-113.040883,2014,Norteamérica,United States of America,Mixta o desconocida,Frontera EE.UU.-México,Desconocido,1
32.0405,-112.6999,2014,Norteamérica,United States of America,Mixta o desconocida,Frontera EE.UU.-México,Desconocido,1
31.62241,-111.84954,2014,Norteamérica,United States of America,Mixta o desconocida,Frontera EE.UU.-México,Desconocido,1
32.22804,-112.590416,2014,Norteamérica,United States of America,Mixta o desconocida,Frontera EE.UU.-México,Desconocido,1
26.8342,-98.2662,2014,Norteamérica,United States of America,Condiciones ambientales extremas,Frontera EE.UU.-México,Desconocido,1
27.2169,-98.1868,2014,Norteamérica,United States of America,Mixta o desconocida,Frontera EE.UU.-México,Desconocido,1
31.6595,-111.641,2014,Norteamérica,United States of America,Mixta o desconocida,Frontera EE.UU.-México,Desconocido,1
25.875,-97.4485,2014,Norteamérica,United States of America,Condiciones ambientales extremas,Frontera EE.UU.-México,Desconocido,1
27.8525,-98.9322,2014,Norteamérica,United States of America,Mixta o desconocida,Frontera EE.UU.-México,Mexico,1
31.5966,-111.7345,2014,Norteamérica,United States of America,Mixta o desconocida,Frontera EE.UU.-México,Desconocido,1
27.0395,-98.2945,2014,Norteamérica,United States of America,Mixta o desconocida,Frontera EE.UU.-México,Mexico,1
32.174,-112.1746,2014,Norteamérica,United States of America,Mixta o desconocida,Frontera EE.UU.-México,Desconocido,1
32.4029,-113.0294,2014,Norteamérica,United States of America,Mixta o desconocida,Frontera EE.UU.-México,Desconocido,1
27.2444,-98.3095,2014,Norteamérica,United States of America,Condiciones ambientales extremas,Frontera EE.UU.-México,Mexico,1
27.246,-98.3493,2014,Norteamérica,United States of America,Mixta o desconocida,Frontera EE.UU.-México,Mexico,1
27.0776,-98.1143,2014,Norteamérica,United States of America,Mixta o desconocida,Frontera EE.UU.-México,Mexico,1
32.4653,-111.6416,2014,Norteamérica,United States of America,Mixta o desconocida,Frontera EE.UU.-México,Desconocido,1
30.1836,-104.1565,2014,Norteamérica,United States of America,Mixta o desconocida,Frontera EE.UU.-México,Desconocido,1
26.2144,-98.4387,2014,Norteamérica,United States of America,Ahogamiento,Frontera EE.UU.-México,Desconocido,1
26.9325,-98.3777,2014,Norteamérica,United States of America,Condiciones ambientales extremas,Frontera EE.UU.-México,Mexico,1
26.9551,-98.2349,2014,Norteamérica,United States of America,Ahogamiento,Frontera EE.UU.-México,Guatemala,1
27.0438,-98.0257,2014,Norteamérica,United States of America,Mixta o desconocida,Frontera EE.UU.-México,Desconocido,1
27.741,-97.5147,2014,Norteamérica,United States of America,Condiciones ambientales extremas,Frontera EE.UU.-México,Mexico,1
27.2326,-98.4616,2014,Norteamérica,United States of America,Condiciones ambientales extremas,Frontera EE.UU.-México,Guatemala,1
28.884,-100.5896,2014,Norteamérica,United States of America,Ahogamiento,Frontera EE.UU.-México,Mexico,1
26.0889,-98.2482,2014,Norteamérica,United States of America,Ahogamiento,Frontera EE.UU.-México,Guatemala,1
26.0872,-98.2435,2014,Norteamérica,United States of America,Ahogamiento,Frontera EE.UU.-México,Guatemala,1
27.3333,-99.5025,2014,Norteamérica,United States of America,Ahogamiento,Frontera EE.UU.-México,Mexico,1
32.7009,-116.0343,2014,Norteamérica,United States of America,Condiciones ambientales extremas,Frontera EE.UU.-México,Desconocido,1
27.3725,-99.4972,2014,Norteamérica,United States of America,Ahogamiento,Frontera EE.UU.-México,Desconocido,1
26.9918,-98.4202,2014,Norteamérica,United States of America,Condiciones ambientales extremas,Frontera EE.UU.-México,Mexico,1
27.1709,-98.175,2014,Norteamérica,United States of America,Mixta o desconocida,Frontera EE.UU.-México,Desconocido,1
30.7629,-105.0529,2014,Norteamérica,United States of America,Condiciones ambientales extremas,Frontera EE.UU.-México,Desconocido,1
30.7629,-105.0529,2014,Norteamérica,United States of America,Condiciones ambientales extremas,Frontera EE.UU.-México,Desconocido,1
32.1731,-112.2021,2014,Norteamérica,United States of America,Mixta o desconocida,Frontera EE.UU.-México,Desconocido,1
27.1907,-97.9588,2014,Norteamérica,United States of America,Mixta o desconocida,Frontera EE.UU.-México,Guatemala,1
32.1475,-112.7493,2014,Norteamérica,United States of America,Mixta o desconocida,Frontera EE.UU.-México,Desconocido,1
26.0724,-98.2467,2014,Norteamérica,United States of America,Ahogamiento,Frontera EE.UU.-México,Guatemala,1
27.4818,-99.4788,2014,Norteamérica,United States of America,Ahogamiento,Frontera EE.UU.-México,Desconocido,1
31.789,-112.1146,2014,Norteamérica,United States of America,Mixta o desconocida,Frontera EE.UU.-México,Desconocido,1
26.1037,-98.3057,2014,Norteamérica,United States of America,Mixta o desconocida,Frontera EE.UU.-México,Mexico,1
27.2597,-98.6292,2014,Norteamérica,United States of America,Condiciones ambientales extremas,Frontera EE.UU.-México,Desconocido,1
32.1386,-112.3261,2014,Norteamérica,United States of America,Mixta o desconocida,Frontera EE.UU.-México,Desconocido,1
27.1511,-98.4532,2014,Norteamérica,United States of America,Condiciones ambientales extremas,Frontera EE.UU.-México,Honduras,1
27.1139,-98.4517,2014,Norteamérica,United States of America,Mixta o desconocida,Frontera EE.UU.-México,El Salvador,1
32.3156,-113.3852,2014,Norteamérica,United States of America,Condiciones ambientales extremas,Frontera EE.UU.-México,Desconocido,1
25.8824,-97.486,2014,Norteamérica,United States of America,Ahogamiento,Frontera EE.UU.-México,Desconocido,1
27.1832,-98.1472,2014,Norteamérica,United States of America,Accidente de transporte,Frontera EE.UU.-México,Mexico,1
27.1832,-98.1472,2014,Norteamérica,United States of America,Accidente de transporte,Frontera EE.UU.-México,Mexico,1
28.0342,-99.3559,2014,Norteamérica,United States of America,Accidente de transporte,Frontera EE.UU.-México,El Salvador,1
32.5407,-117.0593,2014,Norteamérica,United States of America,Mixta o desconocida,Frontera EE.UU.-México,Mexico,1
27.0681,-98.2269,2014,Norteamérica,United States of America,Condiciones ambientales extremas,Frontera EE.UU.-México,El Salvador,1
27.2086,-98.0921,2014,Norteamérica,United States of America,Mixta o desconocida,Frontera EE.UU.-México,Desconocido,1
27.2231,-98.4291,2014,Norteamérica,United States of America,Condiciones ambientales extremas,Frontera EE.UU.-México,El Salvador,1
27.2469,-97.8543,2014,Norteamérica,United States of America,Condiciones ambientales extremas,Frontera EE.UU.-México,Guatemala,1
31.8362,-111.9419,2014,Norteamérica,United States of America,Mixta o desconocida,Frontera EE.UU.-México,Desconocido,1
27.3366,-98.2731,2014,Norteamérica,United States of America,Accidente de transporte,Frontera EE.UU.-México,El Salvador,1
27.3366,-98.2731,2014,Norteamérica,United States of America,Accidente de transporte,Frontera EE.UU.-México,Guatemala,1
32.0317,-112.425,2014,Norteamérica,United States of America,Mixta o desconocida,Frontera EE.UU.-México,Desconocido,1
32.0981,-112.2461,2014,Norteamérica,United States of America,Mixta o desconocida,Frontera EE.UU.-México,Desconocido,1
28.2909,-99.7013,2014,Norteamérica,United States of America,Condiciones ambientales extremas,Frontera EE.UU.-México,Mexico,1
28.7121,-100.5078,2014,Norteamérica,United States of America,Ahogamiento,Frontera EE.UU.-México,Desconocido,1
31.741,-112.1679,2014,Norteamérica,United States of America,Mixta o desconocida,Frontera EE.UU.-México,Desconocido,1
32.1886,-113.0037,2014,Norteamérica,United States of America,Mixta o desconocida,Frontera EE.UU.-México,Desconocido,1
31.5802,-111.7928,2014,Norteamérica,United States of America,Mixta o desconocida,Frontera EE.UU.-México,Desconocido,1
27.1816,-98.1618,2014,Norteamérica,United States of America,Mixta o desconocida,Frontera EE.UU.-México,Desconocido,1
26.4254,-99.0548,2014,Norteamérica,United States of America,Condiciones ambientales extremas,Frontera EE.UU.-México,Mexico,1
28.7378,-100.5065,2014,Norteamérica,United States of America,Ahogamiento,Frontera EE.UU.-México,Desconocido,1
26.1875,-98.4202,2014,Norteamérica,United States of America,Ahogamiento,Frontera EE.UU.-México,Mexico,1
27.2748,-99.4949,2014,Norteamérica,United States of America,Ahogamiento,Frontera EE.UU.-México,Desconocido,1
28.6952,-100.3152,2014,Norteamérica,United States of America,Mixta o desconocida,Frontera EE.UU.-México,Guatemala,1
31.7523,-111.9702,2014,Norteamérica,United States of America,Mixta o desconocida,Frontera EE.UU.-México,Desconocido,1
28.1438,-100.0296,2014,Norteamérica,United States of America,Condiciones ambientales extremas,Frontera EE.UU.-México,Mexico,1
29.8676,-101.9344,2014,Norteamérica,United States of America,Mixta o desconocida,Frontera EE.UU.-México,Mexico,1
32.8606,-112.413,2014,Norteamérica,United States of America,Mixta o desconocida,Frontera EE.UU.-México,Desconocido,1
27.0021,-97.7735,2014,Norteamérica,United States of America,Mixta o desconocida,Frontera EE.UU.-México,Desconocido,1
27.1661,-98.0087,2014,Norteamérica,United States of America,Condiciones ambientales extremas,Frontera EE.UU.-México,El Salvador,1
27.1534,-98.0018,2014,Norteamérica,United States of America,Mixta o desconocida,Frontera EE.UU.-México,Mexico,1
27.0984,-97.9301,2014,Norteamérica,United States of America,Mixta o desconocida,Frontera EE.UU.-México,Mexico,1
31.6145,-111.6836,2014,Norteamérica,United States of America,Mixta o desconocida,Frontera EE.UU.-México,Desconocido,1
25.883,-97.4691,2014,Norteamérica,United States of America,Ahogamiento,Frontera EE.UU.-México,Mexico,1
26.13,-98.3144,2014,Norteamérica,United States of America,Ahogamiento,Frontera EE.UU.-México,Honduras,1
26.1379,-98.3143,2014,Norteamérica,United States of America,Ahogamiento,Frontera EE.UU.-México,Desconocido,1
27.108,-98.1582,2014,Norteamérica,United States of America,Condiciones ambientales extremas,Frontera EE.UU.-México,Mexico,1
31.3418,-109.4815,2014,Norteamérica,United States of America,Mixta o desconocida,Frontera EE.UU.-México,Desconocido,1
27.09683,-98.2261,2014,Norteamérica,United States of America,Mixta o desconocida,Frontera EE.UU.-México,El Salvador,1
27.7967,-99.0689,2014,Norteamérica,United States of America,Condiciones ambientales extremas,Frontera EE.UU.-México,Mexico,1
26.256,-98.5383,2014,Norteamérica,United States of America,Condiciones ambientales extremas,Frontera EE.UU.-México,Mexico,1
27.0476,-98.2502,2014,Norteamérica,United States of America,Condiciones ambientales extremas,Frontera EE.UU.-México,Mexico,1
26.9979,-98.266,2014,Norteamérica,United States of America,Condiciones ambientales extremas,Frontera EE.UU.-México,Desconocido,1
31.7592,-106.4683,2014,Norteamérica,United States of America,Ahogamiento,Frontera EE.UU.-México,Desconocido,1
28.1993,-100.2127,2014,Norteamérica,United States of America,Ahogamiento,Frontera EE.UU.-México,Mexico,1
27.156,-98.2179,2014,Norteamérica,United States of America,Ahogamiento,Frontera EE.UU.-México,El Salvador,1
27.2544,-98.2506,2014,Norteamérica,United States of America,Mixta o desconocida,Frontera EE.UU.-México,Desconocido,1
27.4989,-99.5102,2014,Norteamérica,United States of America,Ahogamiento,Frontera EE.UU.-México,Desconocido,1
26.1063,-98.2708,2014,Norteamérica,United States of America,Ahogamiento,Frontera EE.UU.-México,Mexico,1
27.2235,-98.74056,2014,Norteamérica,United States of America,Accidente de transporte,Frontera EE.UU.-México,Mexico,1
27.22355,-98.74056,2014,Norteamérica,United States of America,Accidente de transporte,Frontera EE.UU.-México,Guatemala,1
27.22355,-98.74056,2014,Norteamérica,United States of America,Accidente de transporte,Frontera EE.UU.-México,Mexico,1
27.2696,-99.42162,2014,Norteamérica,United States of America,Condiciones ambientales extremas,Frontera EE.UU.-México,Mexico,1
27.35831,-99.48567,2014,Norteamérica,United States of America,Condiciones ambientales extremas,Frontera EE.UU.-México,Mexico,1
31.49908,-111.40092,2014,Norteamérica,United States of America,Mixta o desconocida,Frontera EE.UU.-México,Desconocido,1
31.78543,-111.86321,2014,Norteamérica,United States of America,Mixta o desconocida,Frontera EE.UU.-México,Desconocido,1
27.22791,-98.52659,2014,Norteamérica,United States of America,Condiciones ambientales extremas,Frontera EE.UU.-México,Mexico,1
26.2413,-98.5102,2014,Norteamérica,United States of America,Condiciones ambientales extremas,Frontera EE.UU.-México,Guatemala,1
26.1709,-98.3643,2014,Norteamérica,United States of America,Mixta o desconocida,Frontera EE.UU.-México,Desconocido,1
28.22289,-100.11336,2014,Norteamérica,United States of America,Condiciones ambientales extremas,Frontera EE.UU.-México,Desconocido,1
32.81076,-115.22886,2014,Norteamérica,United States of America,Mixta o desconocida,Frontera EE.UU.-México,Desconocido,1
27.23429,-98.19378,2014,Norteamérica,United States of America,Condiciones ambientales extremas,Frontera EE.UU.-México,Guatemala,1
27.05702,-98.14811,2014,Norteamérica,United States of America,Mixta o desconocida,Frontera EE.UU.-México,Desconocido,1
28.64155,-100.45748,2014,Norteamérica,United States of America,Ahogamiento,Frontera EE.UU.-México,Desconocido,1
27.17071,-97.9366,2014,Norteamérica,United States of America,Condiciones ambientales extremas,Frontera EE.UU.-México,Guatemala,1
27.13508,-98.25061,2014,Norteamérica,United States of America,Condiciones ambientales extremas,Frontera EE.UU.-México,Guatemala,1
27.26265,-98.28249,2014,Norteamérica,United States of America,Condiciones ambientales extremas,Frontera EE.UU.-México,El Salvador,1
27.11685,-98.0901,2014,Norteamérica,United States of America,Condiciones ambientales extremas,Frontera EE.UU.-México,El Salvador,1
26.13951,-98.29516,2014,Norteamérica,United States of America,Mixta o desconocida,Frontera EE.UU.-México,Desconocido,1
27.4245,-99.49128,2014,Norteamérica,United States of America,Ahogamiento,Frontera EE.UU.-México,Mexico,1
27.62833,-99.63416,2014,Norteamérica,United States of America,Ahogamiento,Frontera EE.UU.-México,Mexico,1
27.20791,-97.95607,2014,Norteamérica,United States of America,Condiciones ambientales extremas,Frontera EE.UU.-México,El Salvador,1
27.4388,-99.4962,2014,Norteamérica,United States of America,Ahogamiento,Frontera EE.UU.-México,Mexico,1
27.58595,-98.97779,2014,Norteamérica,United States of America,Condiciones ambientales extremas,Frontera EE.UU.-México,Mexico,1
27.05206,-98.13643,2014,Norteamérica,United States of America,Mixta o desconocida,Frontera EE.UU.-México,Mexico,1
27.14121,-98.2533,2014,Norteamérica,United States of America,Condiciones ambientales extremas,Frontera EE.UU.-México,El Salvador,1
26.09009,-98.24899,2014,Norteamérica,United States of America,Ahogamiento,Frontera EE.UU.-México,Desconocido,1
27.1605,-98.2277,2014,Norteamérica,United States of America,Mixta o desconocida,Frontera EE.UU.-México,Mexico,1
27.41337,-99.02654,2014,Norteamérica,United States of America,Condiciones ambientales extremas,Frontera EE.UU.-México,Mexico,1
27.98824,-99.43142,2014,Norteamérica,United States of America,Condiciones ambientales extremas,Frontera EE.UU.-México,Mexico,1
26.40689,-99.01574,2014,Norteamérica,United States of America,Condiciones ambientales extremas,Frontera EE.UU.-México,Mexico,1
27.10411,-98.1478,2014,Norteamérica,United States of America,Condiciones ambientales extremas,Frontera EE.UU.-México,El Salvador,1
27.1018,-98.25978,2014,Norteamérica,United States of America,Mixta o desconocida,Frontera EE.UU.-México,Desconocido,1
25.87229,-97.44824,2014,Norteamérica,United States of America,Mixta o desconocida,Frontera EE.UU.-México,Desconocido,1
27.17939,-99.01109,2014,Norteamérica,United States of America,Condiciones ambientales extremas,Frontera EE.UU.-México,Guatemala,1
28.76548,-100.53133,2014,Norteamérica,United States of America,Ahogamiento,Frontera EE.UU.-México,Mexico,1
27.84354,-99.5698,2014,Norteamérica,United States of America,Condiciones ambientales extremas,Frontera EE.UU.-México,Mexico,1
31.59513,-111.79752,2014,Norteamérica,United States of America,Mixta o desconocida,Frontera EE.UU.-México,Desconocido,1
26.2148,-98.43369,2014,Norteamérica,United States of America,Ahogamiento,Frontera EE.UU.-México,El Salvador,1
26.22313,-98.45641,2014,Norteamérica,United States of America,Ahogamiento,Frontera EE.UU.-México,Desconocido,1
31.64468,-110.69116,2014,Norteamérica,United States of America,Mixta o desconocida,Frontera EE.UU.-México,Mexico,1
27.1024,-98.24432,2014,Norteamérica,United States of America,Condiciones ambientales extremas,Frontera EE.UU.-México,Guatemala,1
27.49798,-99.51761,2014,Norteamérica,United States of America,Ahogamiento,Frontera EE.UU.-México,Desconocido,1
28.01323,-99.23846,2014,Norteamérica,United States of America,Condiciones ambientales extremas,Frontera EE.UU.-México,Guatemala,1
32.04934,-111.56972,2014,Norteamérica,United States of America,Mixta o desconocida,Frontera EE.UU.-México,Desconocido,1
27.06364,-98.16431,2014,Norteamérica,United States of America,Condiciones ambientales extremas,Frontera EE.UU.-México,Mexico,1
26.08583,-98.20145,2014,Norteamérica,United States of America,Condiciones ambientales extremas,Frontera EE.UU.-México,Mexico,1
28.03281,-99.35521,2014,Norteamérica,United States of America,Accidente de transporte,Frontera EE.UU.-México,Rep. Dominicana,1
27.24773,-98.34502,2014,Norteamérica,United States of America,Condiciones ambientales extremas,Frontera EE.UU.-México,Desconocido,1
27.55781,-99.51425,2014,Norteamérica,United States of America,Ahogamiento,Frontera EE.UU.-México,Mexico,1
27.11793,-97.94289,2014,Norteamérica,United States of America,Condiciones ambientales extremas,Frontera EE.UU.-México,Mexico,1
27.11224,-97.98511,2014,Norteamérica,United States of America,Condiciones ambientales extremas,Frontera EE.UU.-México,Mexico,1
27.73378,-99.79417,2014,Norteamérica,United States of America,Ahogamiento,Frontera EE.UU.-México,Desconocido,1
27.11403,-98.36024,2014,Norteamérica,United States of America,Condiciones ambientales extremas,Frontera EE.UU.-México,Guatemala,1
32.67914,-115.69156,2014,Norteamérica,United States of America,Condiciones ambientales extremas,Frontera EE.UU.-México,Mexico,1
27.40835,-98.81965,2014,Norteamérica,United States of America,Condiciones ambientales extremas,Frontera EE.UU.-México,Mexico,1
27.05164,-98.32152,2014,Norteamérica,United States of America,Condiciones ambientales extremas,Frontera EE.UU.-México,Guatemala,1
28.20977,-99.30478,2014,Norteamérica,United States of America,Condiciones ambientales extremas,Frontera EE.UU.-México,Mexico,1
32.06508,-112.2118,2014,Norteamérica,United States of America,Mixta o desconocida,Frontera EE.UU.-México,Desconocido,1
27.04193,-98.25195,2014,Norteamérica,United States of America,Condiciones ambientales extremas,Frontera EE.UU.-México,Desconocido,1
32.33642,-111.96145,2014,Norteamérica,United States of America,Mixta o desconocida,Frontera EE.UU.-México,Desconocido,1
27.06295,-97.85666,2014,Norteamérica,United States of America,Condiciones ambientales extremas,Frontera EE.UU.-México,Desconocido,1
27.92681,-98.76406,2014,Norteamérica,United States of America,Condiciones ambientales extremas,Frontera EE.UU.-México,Mexico,1
27.93959,-99.61996,2014,Norteamérica,United States of America,Condiciones ambientales extremas,Frontera EE.UU.-México,Mexico,1
29.30665,-100.88592,2014,Norteamérica,United States of America,Ahogamiento,Frontera EE.UU.-México,Desconocido,1
27.2145,-98.16653,2014,Norteamérica,United States of America,Condiciones ambientales extremas,Frontera EE.UU.-México,Mexico,1
27.20208,-99.20506,2014,Norteamérica,United States of America,Condiciones ambientales extremas,Frontera EE.UU.-México,Mexico,1
27.16109,-97.84491,2014,Norteamérica,United States of America,Condiciones ambientales extremas,Frontera EE.UU.-México,Guatemala,1
27.88522,-99.73074,2014,Norteamérica,United States of America,Condiciones ambientales extremas,Frontera EE.UU.-México,Mexico,1
27.03969,-98.14476,2014,Norteamérica,United States of America,Condiciones ambientales extremas,Frontera EE.UU.-México,Desconocido,1
27.1128,-98.0948,2014,Norteamérica,United States of America,Condiciones ambientales extremas,Frontera EE.UU.-México,Mexico,1
27.23464,-98.56638,2014,Norteamérica,United States of America,Condiciones ambientales extremas,Frontera EE.UU.-México,Mexico,1
26.1528,-98.2648,2014,Norteamérica,United States of America,Mixta o desconocida,Frontera EE.UU.-México,Mexico,1
28.42622,-100.13396,2014,Norteamérica,United States of America,Condiciones ambientales extremas,Frontera EE.UU.-México,Mexico,1
27.10559,-98.22418,2014,Norteamérica,United States of America,Condiciones ambientales extremas,Frontera EE.UU.-México,Desconocido,1
32.5234,-114.3401,2014,Norteamérica,United States of America,Condiciones ambientales extremas,Frontera EE.UU.-México,Desconocido,1
32.79993,-112.60312,2014,Norteamérica,United States of America,Mixta o desconocida,Frontera EE.UU.-México,Desconocido,1
26.6954,-98.8507,2014,Norteamérica,United States of America,Condiciones ambientales extremas,Frontera EE.UU.-México,Mexico,1
32.45843,-112.53881,2014,Norteamérica,United States of America,Condiciones ambientales extremas,Frontera EE.UU.-México,Desconocido,1
26.18786,-98.39537,2014,Norteamérica,United States of America,Mixta o desconocida,Frontera EE.UU.-México,Mexico,1
26.1669,-98.3458,2014,Norteamérica,United States of America,Ahogamiento,Frontera EE.UU.-México,Desconocido,1
31.7634,-111.9822,2014,Norteamérica,United States of America,Mixta o desconocida,Frontera EE.UU.-México,Desconocido,1
27.22176,-97.87202,2014,Norteamérica,United States of America,Condiciones ambientales extremas,Frontera EE.UU.-México,Rep. Dominicana,1
31.75812,-111.68047,2014,Norteamérica,United States of America,Mixta o desconocida,Frontera EE.UU.-México,Desconocido,1
27.24872,-97.87482,2014,Norteamérica,United States of America,Condiciones ambientales extremas,Frontera EE.UU.-México,Guatemala,1
27.23629,-98.19864,2014,Norteamérica,United States of America,Condiciones ambientales extremas,Frontera EE.UU.-México,Desconocido,1
32.72356,-116.21212,2014,Norteamérica,United States of America,Mixta o desconocida,Frontera EE.UU.-México,Mexico,1
27.86653,-99.16897,2014,Norteamérica,United States of America,Condiciones ambientales extremas,Frontera EE.UU.-México,Mexico,1
32.3834,-114.4458,2014,Norteamérica,United States of America,Mixta o desconocida,Frontera EE.UU.-México,Mexico,1
26.6829,-98.1144,2014,Norteamérica,United States of America,Accidente de transporte,Frontera EE.UU.-México,Peru,1
27.27747,-98.74765,2014,Norteamérica,United States of America,Condiciones ambientales extremas,Frontera EE.UU.-México,Desconocido,1
26.3426,-98.5335,2014,Norteamérica,United States of America,Accidente de transporte,Frontera EE.UU.-México,Guatemala,1
26.3426,-98.5335,2014,Norteamérica,United States of America,Accidente de transporte,Frontera EE.UU.-México,Desconocido,1
32.62592,-116.82867,2014,Norteamérica,United States of America,Condiciones ambientales extremas,Frontera EE.UU.-México,Mexico,1
26.0892,-98.2485,2014,Norteamérica,United States of America,Ahogamiento,Frontera EE.UU.-México,Honduras,1
28.16787,-99.32237,2014,Norteamérica,United States of America,Condiciones ambientales extremas,Frontera EE.UU.-México,Mexico,1
25.8802,-97.4519,2014,Norteamérica,United States of America,Condiciones ambientales extremas,Frontera EE.UU.-México,Desconocido,1
27.0421,-97.8559,2014,Norteamérica,United States of America,Condiciones ambientales extremas,Frontera EE.UU.-México,Desconocido,1
26.21874,-98.48285,2014,Norteamérica,United States of America,Ahogamiento,Frontera EE.UU.-México,Mexico,1
32.49902,-111.61863,2014,Norteamérica,United States of America,Mixta o desconocida,Frontera EE.UU.-México,Desconocido,1
26.16759,-98.35709,2014,Norteamérica,United States of America,Ahogamiento,Frontera EE.UU.-México,Desconocido,1
26.1202,-98.2654,2014,Norteamérica,United States of America,Ahogamiento,Frontera EE.UU.-México,Guatemala,1
26.25371,-98.63151,2014,Norteamérica,United States of America,Ahogamiento,Frontera EE.UU.-México,Guatemala,1
31.75224,-111.62861,2014,Norteamérica,United States of America,Mixta o desconocida,Frontera EE.UU.-México,Desconocido,1
30.1795,-102.17183,2014,Norteamérica,United States of America,Mixta o desconocida,Frontera EE.UU.-México,Mexico,1
26.1943,-98.3494,2014,Norteamérica,United States of America,Ahogamiento,Frontera EE.UU.-México,Desconocido,1
27.24028,-98.25039,2014,Norteamérica,United States of America,Condiciones ambientales extremas,Frontera EE.UU.-México,Desconocido,1
27.24028,-98.25039,2014,Norteamérica,United States of America,Condiciones ambientales extremas,Frontera EE.UU.-México,Desconocido,1
27.10968,-98.24116,2014,Norteamérica,United States of America,Condiciones ambientales extremas,Frontera EE.UU.-México,Desconocido,1
31.7475,-111.63467,2014,Norteamérica,United States of America,Mixta o desconocida,Frontera EE.UU.-México,Desconocido,1
26.9884,-98.25629,2014,Norteamérica,United States of America,Condiciones ambientales extremas,Frontera EE.UU.-México,Desconocido,1
26.18646,-98.40038,2014,Norteamérica,United States of America,Ahogamiento,Frontera EE.UU.-México,El Salvador,1
26.00281,-97.27597,2014,Norteamérica,United States of America,Condiciones ambientales extremas,Frontera EE.UU.-México,Mexico,1
26.6692,-98.0948,2014,Norteamérica,United States of America,Condiciones ambientales extremas,Frontera EE.UU.-México,Mexico,1
31.6728,-111.83436,2014,Norteamérica,United States of America,Mixta o desconocida,Frontera EE.UU.-México,Desconocido,1
32.2253,-113.11112,2014,Norteamérica,United States of America,Mixta o desconocida,Frontera EE.UU.-México,Desconocido,1
26.22449,-98.44769,2014,Norteamérica,United States of America,Ahogamiento,Frontera EE.UU.-México,Desconocido,1
25.938,-97.5476,2014,Norteamérica,United States of America,Mixta o desconocida,Frontera EE.UU.-México,Desconocido,1
27.50615,-99.52681,2014,Norteamérica,United States of America,Ahogamiento,Frontera EE.UU.-México,Desconocido,1
27.51084,-99.49033,2014,Norteamérica,United States of America,Ahogamiento,Frontera EE.UU.-México,Desconocido,1
27.41667,-99.49033,2014,Norteamérica,United States of America,Ahogamiento,Frontera EE.UU.-México,Mexico,1
27.37481,-97.8369,2014,Norteamérica,United States of America,Accidente de transporte,Frontera EE.UU.-México,Guatemala,1
27.37481,-97.8369,2014,Norteamérica,United States of America,Accidente de transporte,Frontera EE.UU.-México,Desconocido,1
26.1759,-98.3527,2014,Norteamérica,United States of America,Condiciones ambientales extremas,Frontera EE.UU.-México,Desconocido,1
27.55425,-99.51726,2014,Norteamérica,United States of America,Ahogamiento,Frontera EE.UU.-México,Mexico,1
27.9439,-99.26749,2014,Norteamérica,United States of America,Mixta o desconocida,Frontera EE.UU.-México,Desconocido,1
26.18055,-98.37557,2014,Norteamérica,United States of America,Ahogamiento,Frontera EE.UU.-México,Desconocido,1
26.187,-98.3989,2014,Norteamérica,United States of America,Ahogamiento,Frontera EE.UU.-México,Desconocido,1
26.187,-98.3989,2014,Norteamérica,United States of America,Ahogamiento,Frontera EE.UU.-México,Desconocido,1
27.25184,-98.53101,2014,Norteamérica,United States of America,Condiciones ambientales extremas,Frontera EE.UU.-México,Desconocido,1
27.93017,-99.37848,2014,Norteamérica,United States of America,Mixta o desconocida,Frontera EE.UU.-México,Desconocido,1
26.9155,-98.18575,2014,Norteamérica,United States of America,Condiciones ambientales extremas,Frontera EE.UU.-México,Desconocido,1
32.1375,-112.68783,2014,Norteamérica,United States of America,Mixta o desconocida,Frontera EE.UU.-México,Desconocido,1
27.63192,-98.77246,2014,Norteamérica,United States of America,Condiciones ambientales extremas,Frontera EE.UU.-México,Mexico,1
32.3087,-111.7528,2014,Norteamérica,United States of America,Mixta o desconocida,Frontera EE.UU.-México,Desconocido,1
31.75841355,-106.4689375,2014,Norteamérica,United States of America,Ahogamiento,Frontera EE.UU.-México,Ecuador,1
31.47322324,-106.1976099,2014,Norteamérica,United States of America,Mixta o desconocida,Frontera EE.UU.-México,Desconocido,1
32.6338651,-117.085828,2014,Norteamérica,United States of America,Accidente de transporte,Frontera EE.UU.-México,Mexico,1
32.6338651,-117.085828,2014,Norteamérica,United States of America,Accidente de transporte,Frontera EE.UU.-México,Mexico,1
32.71269,-114.94302,2014,Norteamérica,United States of America,Ahogamiento,Frontera EE.UU.-México,Desconocido,1
32.65527,-116.0097,2014,Norteamérica,United States of America,Mixta o desconocida,Frontera EE.UU.-México,Desconocido,1
32.7116,-114.94282,2014,Norteamérica,United States of America,Ahogamiento,Frontera EE.UU.-México,Desconocido,1
32.69414,-115.46529,2014,Norteamérica,United States of America,Ahogamiento,Frontera EE.UU.-México,Desconocido,1
32.65335,-115.6622,2014,Norteamérica,United States of America,Ahogamiento,Frontera EE.UU.-México,Desconocido,1
19.2696881,-81.392199,2015,Caribe,Cayman Islands,Ahogamiento,Sin ruta registrada,Cuba,1
31.82578,-112.151317,2015,Norteamérica,United States of America,Mixta o desconocida,Frontera EE.UU.-México,Desconocido,1
32.00965,-112.58101,2015,Norteamérica,United States of America,Mixta o desconocida,Frontera EE.UU.-México,Desconocido,1
31.501317,-111.45325,2015,Norteamérica,United States of America,Mixta o desconocida,Frontera EE.UU.-México,Desconocido,1
18.056331,-93.084468,2015,Centroamérica,Mexico,Violencia,Sin ruta registrada,Honduras,1
17.983326,-92.916667,2015,Centroamérica,Mexico,Violencia,Sin ruta registrada,Honduras,1
17.875807,-93.151203,2015,Centroamérica,Mexico,Accidente de transporte,Sin ruta registrada,El Salvador,1
31.947183,-111.695567,2015,Norteamérica,United States of America,Mixta o desconocida,Frontera EE.UU.-México,Desconocido,1
32.425,-111.6568,2015,Norteamérica,United States of America,Mixta o desconocida,Frontera EE.UU.-México,Desconocido,1
31.776983,-111.879567,2015,Norteamérica,United States of America,Mixta o desconocida,Frontera EE.UU.-México,Desconocido,1
18.9251,-72.7247,2015,Caribe,Dominican Republic,Mixta o desconocida,Haití a Rep. Dominicana,Haiti,1
31.396923,-110.952925,2015,Norteamérica,United States of America,Ahogamiento,Frontera EE.UU.-México,Desconocido,1
31.3747,-110.93133,2015,Norteamérica,United States of America,Ahogamiento,Frontera EE.UU.-México,Desconocido,1
32.00882,-113.02657,2015,Norteamérica,United States of America,Mixta o desconocida,Frontera EE.UU.-México,Desconocido,1
27.87871582,-99.142943,2015,Norteamérica,United States of America,Mixta o desconocida,Frontera EE.UU.-México,El Salvador,1
32.16755,-113.00183,2015,Norteamérica,United States of America,Mixta o desconocida,Frontera EE.UU.-México,Desconocido,1
31.9336,-112.136067,2015,Norteamérica,United States of America,Mixta o desconocida,Frontera EE.UU.-México,Desconocido,1
31.933033,-112.135833,2015,Norteamérica,United States of America,Mixta o desconocida,Frontera EE.UU.-México,Desconocido,1
32.069633,-112.996983,2015,Norteamérica,United States of America,Mixta o desconocida,Frontera EE.UU.-México,Desconocido,1
14.633328,-92.133327,2015,Centroamérica,Guatemala,Mixta o desconocida,Sin ruta registrada,Honduras,1
29.7110679,-101.569381,2015,Norteamérica,United States of America,Ahogamiento,Frontera EE.UU.-México,El Salvador,6
18.7862266,-71.64685,2015,Caribe,Dominican Republic,Violencia,Haití a Rep. Dominicana,Haiti,1
17.480292,-91.720399,2015,Centroamérica,Mexico,Ahogamiento,Sin ruta registrada,Honduras,1
32.04993,-112.70361,2015,Norteamérica,United States of America,Muerte accidental,Frontera EE.UU.-México,Mexico,1
19.682152,-101.169727,2015,Centroamérica,Mexico,Mixta o desconocida,Sin ruta registrada,Ecuador,1
27.623664,-99.634315,2015,Centroamérica,Mexico,Ahogamiento,Frontera EE.UU.-México,Mexico,1
32.7467054,-115.66726,2015,Norteamérica,United States of America,Ahogamiento,Frontera EE.UU.-México,Desconocido,1
17.4987,-91.9804,2015,Centroamérica,Mexico,Ahogamiento,Sin ruta registrada,Desconocido,1
28.3356884,-100.391984,2015,Centroamérica,Mexico,Ahogamiento,Frontera EE.UU.-México,Desconocido,1
32.38205,-112.00476,2015,Norteamérica,United States of America,Mixta o desconocida,Frontera EE.UU.-México,Desconocido,1
31.93395,-112.022917,2015,Norteamérica,United States of America,Mixta o desconocida,Frontera EE.UU.-México,Desconocido,1
32.6684842,-115.505437,2015,Norteamérica,United States of America,Ahogamiento,Frontera EE.UU.-México,Desconocido,1
23.9184477,-99.007484,2015,Centroamérica,Mexico,Mixta o desconocida,Sin ruta registrada,Guatemala,9
17.9477122,-93.680034,2015,Centroamérica,Mexico,Accidente de transporte,Sin ruta registrada,Honduras,6
31.873889,-111.810278,2015,Norteamérica,United States of America,Mixta o desconocida,Frontera EE.UU.-México,Desconocido,1
32.123971,-110.871356,2015,Norteamérica,United States of America,Violencia,Frontera EE.UU.-México,Mexico,1
23.692761,-100.625276,2015,Centroamérica,Mexico,Mixta o desconocida,Sin ruta registrada,Rep. Dominicana,1
31.80132,-110.95279,2015,Norteamérica,United States of America,Mixta o desconocida,Frontera EE.UU.-México,Desconocido,1
18.0875678,-67.929464,2015,Caribe,Puerto Rico,Ahogamiento,Rep. Dominicana a Puerto Rico,Cuba,1
31.5815,-111.77556,2015,Norteamérica,United States of America,Mixta o desconocida,Frontera EE.UU.-México,Desconocido,1
19.8017484,-72.286631,2015,Caribe,Haiti,Ahogamiento,Sin ruta registrada,Haiti,40
25.14497061,-77.698404,2015,Caribe,Bahamas,Ahogamiento,Sin ruta registrada,Costa Rica,3
31.85521,-112.17821,2015,Norteamérica,United States of America,Mixta o desconocida,Frontera EE.UU.-México,Desconocido,1
31.81461,-111.85829,2015,Norteamérica,United States of America,Mixta o desconocida,Frontera EE.UU.-México,Desconocido,1
26.0379097,-98.086004,2015,Centroamérica,Mexico,Ahogamiento,Frontera EE.UU.-México,Mexico,1
27.469219,-99.549636,2015,Centroamérica,Mexico,Ahogamiento,Frontera EE.UU.-México,Mexico,3
26.213257,-100.156984,2015,Centroamérica,Mexico,Accidente de transporte,Sin ruta registrada,Desconocido,1
27.4688428,-99.557493,2015,Centroamérica,Mexico,Ahogamiento,Frontera EE.UU.-México,Desconocido,1
20.538573,-101.455532,2015,Centroamérica,Mexico,Accidente de transporte,Sin ruta registrada,Desconocido,1
31.849017,-112.64445,2015,Norteamérica,United States of America,Mixta o desconocida,Frontera EE.UU.-México,Desconocido,1
32.8216,-112.41698,2015,Norteamérica,United States of America,Mixta o desconocida,Frontera EE.UU.-México,Desconocido,1
25.9590963,-97.296038,2015,Norteamérica,United States of America,Accidente de transporte,Frontera EE.UU.-México,Mexico,1
32.650514,-115.448746,2015,Centroamérica,Mexico,Violencia,Sin ruta registrada,Desconocido,1
31.9325,-110.462667,2015,Norteamérica,United States of America,Condiciones ambientales extremas,Frontera EE.UU.-México,Mexico,1
32.668685,-115.493137,2015,Norteamérica,United States of America,Ahogamiento,Frontera EE.UU.-México,Desconocido,1
27.08594,-98.0077,2015,Norteamérica,United States of America,Condiciones ambientales extremas,Frontera EE.UU.-México,El Salvador,1
31.859417,-112.709806,2015,Norteamérica,United States of America,Mixta o desconocida,Frontera EE.UU.-México,Desconocido,1
27.4688428,-99.557493,2015,Centroamérica,Mexico,Accidente de transporte,Sin ruta registrada,Desconocido,1
8.086946369,-76.728381,2015,Sudamérica,Colombia,Enfermedad o falta de atención,Tapón del Darién,Cuba,1
31.9201,-111.309167,2015,Norteamérica,United States of America,Mixta o desconocida,Frontera EE.UU.-México,Desconocido,1
32.622703,-111.861717,2015,Norteamérica,United States of America,Mixta o desconocida,Frontera EE.UU.-México,Mexico,1
29.0854346,-99.549636,2015,Centroamérica,Mexico,Ahogamiento,Frontera EE.UU.-México,Desconocido,8
27.54902,-99.52024,2015,Centroamérica,Mexico,Ahogamiento,Frontera EE.UU.-México,Mexico,1
32.602038,-116.079468,2015,Centroamérica,Mexico,Violencia,Sin ruta registrada,Desconocido,1
31.656983,-111.952283,2015,Norteamérica,United States of America,Mixta o desconocida,Frontera EE.UU.-México,Mexico,1
31.352167,-110.89,2015,Norteamérica,United States of America,Condiciones ambientales extremas,Frontera EE.UU.-México,Desconocido,1
31.7126,-111.75883,2015,Norteamérica,United States of America,Condiciones ambientales extremas,Frontera EE.UU.-México,Guatemala,1
18.971129,-97.443327,2015,Centroamérica,Mexico,Accidente de transporte,Sin ruta registrada,Honduras,1
29.3766625,-113.982346,2015,Centroamérica,Mexico,Violencia,Sin ruta registrada,Desconocido,3
31.8576,-112.7048,2015,Norteamérica,United States of America,Mixta o desconocida,Frontera EE.UU.-México,Desconocido,1
32.027833,-112.469667,2015,Norteamérica,United States of America,Condiciones ambientales extremas,Frontera EE.UU.-México,Desconocido,1
32.06,-112.44,2015,Norteamérica,United States of America,Mixta o desconocida,Frontera EE.UU.-México,Desconocido,1
31.820278,-111.064111,2015,Norteamérica,United States of America,Mixta o desconocida,Frontera EE.UU.-México,Desconocido,1
32.33752,-112.38222,2015,Norteamérica,United States of America,Condiciones ambientales extremas,Frontera EE.UU.-México,Desconocido,1
7.7387116,-77.986971,2015,Centroamérica,Panama,Ahogamiento,Tapón del Darién,Ghana,5
25.695667,-100.329018,2015,Centroamérica,Mexico,Accidente de transporte,Sin ruta registrada,Honduras,1
31.975633,-112.137383,2015,Norteamérica,United States of America,Condiciones ambientales extremas,Frontera EE.UU.-México,Mexico,1
31.36045,-109.053383,2015,Norteamérica,United States of America,Condiciones ambientales extremas,Frontera EE.UU.-México,Mexico,1
32.276183,-112.860316,2015,Norteamérica,United States of America,Mixta o desconocida,Frontera EE.UU.-México,Desconocido,1
31.4,-109.136767,2015,Norteamérica,United States of America,Mixta o desconocida,Frontera EE.UU.-México,Desconocido,1
31.40105,-110.73266,2015,Norteamérica,United States of America,Condiciones ambientales extremas,Frontera EE.UU.-México,Desconocido,1
32.364767,-112.489183,2015,Norteamérica,United States of America,Mixta o desconocida,Frontera EE.UU.-México,Desconocido,1
31.34122,-110.90572,2015,Norteamérica,United States of America,Condiciones ambientales extremas,Frontera EE.UU.-México,Desconocido,1
32.591521,-117.120962,2015,Norteamérica,United States of America,Accidente de transporte,Frontera EE.UU.-México,Desconocido,1
32.01571,-112.95846,2015,Norteamérica,United States of America,Condiciones ambientales extremas,Frontera EE.UU.-México,Desconocido,1
26.0379097,-98.086004,2015,Centroamérica,Mexico,Ahogamiento,Frontera EE.UU.-México,Guatemala,1
32.25892,-113.08173,2015,Norteamérica,United States of America,Condiciones ambientales extremas,Frontera EE.UU.-México,Desconocido,1
32.668685,-115.493137,2015,Norteamérica,United States of America,Ahogamiento,Frontera EE.UU.-México,Desconocido,1
17.7212,-92.8139,2015,Centroamérica,Mexico,Accidente de transporte,Sin ruta registrada,El Salvador,9
32.67292759,-115.687354,2015,Norteamérica,United States of America,Condiciones ambientales extremas,Frontera EE.UU.-México,Desconocido,1
32.95853,-112.671173,2015,Norteamérica,United States of America,Condiciones ambientales extremas,Frontera EE.UU.-México,Desconocido,1
32.12359,-111.28911,2015,Norteamérica,United States of America,Condiciones ambientales extremas,Frontera EE.UU.-México,Desconocido,1
33.0249505,-115.845025,2015,Norteamérica,United States of America,Mixta o desconocida,Frontera EE.UU.-México,Desconocido,1
31.6337,-112.01128,2015,Norteamérica,United States of America,Mixta o desconocida,Frontera EE.UU.-México,Desconocido,1
31.62835,-111.75955,2015,Norteamérica,United States of America,Mixta o desconocida,Frontera EE.UU.-México,Desconocido,1
31.59772,-111.89503,2015,Norteamérica,United States of America,Mixta o desconocida,Frontera EE.UU.-México,Desconocido,1
32.92525,-112.80985,2015,Norteamérica,United States of America,Ahogamiento,Frontera EE.UU.-México,Desconocido,1
32.172,-112.9105,2015,Norteamérica,United States of America,Mixta o desconocida,Frontera EE.UU.-México,Desconocido,1
19.421016,-98.142549,2015,Centroamérica,Mexico,Mixta o desconocida,Sin ruta registrada,Desconocido,1
16.357811,-94.758468,2015,Centroamérica,Mexico,Accidente de transporte,Sin ruta registrada,Guatemala,2
17.1602655,-97.33124,2015,Centroamérica,Mexico,Accidente de transporte,Sin ruta registrada,Guatemala,2
26.0342774,-98.331911,2015,Centroamérica,Mexico,Ahogamiento,Frontera EE.UU.-México,Mexico,1
32.05262,-112.47898,2015,Norteamérica,United States of America,Mixta o desconocida,Frontera EE.UU.-México,Desconocido,1
32.187417,-112.812867,2015,Norteamérica,United States of America,Mixta o desconocida,Frontera EE.UU.-México,Desconocido,1
32.866059,-112.762808,2015,Norteamérica,United States of America,Muerte accidental,Frontera EE.UU.-México,Desconocido,1
31.9741,-112.88585,2015,Norteamérica,United States of America,Mixta o desconocida,Frontera EE.UU.-México,Desconocido,1
28.7053102,-100.514148,2015,Centroamérica,Mexico,Ahogamiento,Frontera EE.UU.-México,Mexico,3
20.056657,-104.098026,2015,Centroamérica,Mexico,Accidente de transporte,Sin ruta registrada,Desconocido,1
28.2597513,-100.245529,2015,Norteamérica,United States of America,Mixta o desconocida,Frontera EE.UU.-México,Desconocido,2
32.6762497,-115.486683,2015,Norteamérica,United States of America,Ahogamiento,Frontera EE.UU.-México,Desconocido,1
32.2658,-113.0729,2015,Norteamérica,United States of America,Mixta o desconocida,Frontera EE.UU.-México,Desconocido,1
31.630183,-111.992767,2015,Norteamérica,United States of America,Mixta o desconocida,Frontera EE.UU.-México,Desconocido,1
27.4954268,-99.514468,2015,Centroamérica,Mexico,Ahogamiento,Frontera EE.UU.-México,Mexico,1
32.065733,-111.600967,2015,Norteamérica,United States of America,Mixta o desconocida,Frontera EE.UU.-México,Desconocido,1
31.845495,-110.61481,2015,Norteamérica,United States of America,Mixta o desconocida,Frontera EE.UU.-México,Desconocido,1
31.46345,-110.98145,2015,Norteamérica,United States of America,Mixta o desconocida,Frontera EE.UU.-México,Desconocido,1
8.510109,-77.27898,2015,Sudamérica,Colombia,Ahogamiento,Tapón del Darién,Cuba,1
31.899057,-110.250004,2015,Norteamérica,United States of America,Mixta o desconocida,Frontera EE.UU.-México,Desconocido,1
30.39808,-111.534296,2015,Centroamérica,Mexico,Violencia,Sin ruta registrada,Desconocido,1
20.373733,-99.646352,2015,Centroamérica,Mexico,Violencia,Sin ruta registrada,Honduras,1
22.443927,-101.074437,2015,Centroamérica,Mexico,Accidente de transporte,Sin ruta registrada,Desconocido,1
31.99746,-111.82281,2015,Norteamérica,United States of America,Condiciones ambientales extremas,Frontera EE.UU.-México,Honduras,1
32.23965,-111.45786,2015,Norteamérica,United States of America,Condiciones ambientales extremas,Frontera EE.UU.-México,Desconocido,1
26.2364105,-98.672701,2015,Norteamérica,United States of America,Violencia,Frontera EE.UU.-México,Ecuador,1
32.0634,-112.5644,2015,Norteamérica,United States of America,Condiciones ambientales extremas,Frontera EE.UU.-México,Desconocido,1
15.716666,-96.483329,2015,Centroamérica,Mexico,Violencia,Sin ruta registrada,Nicaragua,1
28.6779788,-100.521305,2015,Centroamérica,Mexico,Violencia,Frontera EE.UU.-México,Honduras,1
32.6004,-111.738267,2015,Norteamérica,United States of America,Condiciones ambientales extremas,Frontera EE.UU.-México,Desconocido,1
31.5692,-111.774733,2015,Norteamérica,United States of America,Condiciones ambientales extremas,Frontera EE.UU.-México,Desconocido,1
21.003405,-101.514199,2015,Centroamérica,Mexico,Accidente de transporte,Sin ruta registrada,Desconocido,1
32.106083,-111.5684,2015,Norteamérica,United States of America,Condiciones ambientales extremas,Frontera EE.UU.-México,Desconocido,1
32.924722,-111.907778,2015,Norteamérica,United States of America,Condiciones ambientales extremas,Frontera EE.UU.-México,Mexico,1
20.3372222,-98.394444,2015,Centroamérica,Mexico,Ahogamiento,Frontera EE.UU.-México,Mexico,1
27.469219,-99.549636,2015,Centroamérica,Mexico,Ahogamiento,Frontera EE.UU.-México,Desconocido,1
32.13628,-113.21833,2015,Norteamérica,United States of America,Condiciones ambientales extremas,Frontera EE.UU.-México,Mexico,1
32.30612,-111.40797,2015,Norteamérica,United States of America,Mixta o desconocida,Frontera EE.UU.-México,Desconocido,1
30.7108565,-103.237231,2015,Norteamérica,United States of America,Mixta o desconocida,Frontera EE.UU.-México,Mexico,1
26.1471614,-98.366997,2015,Norteamérica,United States of America,Ahogamiento,Frontera EE.UU.-México,Honduras,1
18.082037,-97.920056,2015,Centroamérica,Mexico,Mixta o desconocida,Sin ruta registrada,Desconocido,19
32.174,-113.24667,2015,Norteamérica,United States of America,Condiciones ambientales extremas,Frontera EE.UU.-México,Mexico,1
32.1742,-113.24667,2015,Norteamérica,United States of America,Condiciones ambientales extremas,Frontera EE.UU.-México,Mexico,1
32.174,-113.24647,2015,Norteamérica,United States of America,Condiciones ambientales extremas,Frontera EE.UU.-México,Mexico,1
32.22039,-113.2139,2015,Norteamérica,United States of America,Mixta o desconocida,Frontera EE.UU.-México,Desconocido,1
32.12775,-112.13793,2015,Norteamérica,United States of America,Condiciones ambientales extremas,Frontera EE.UU.-México,Desconocido,1
31.81318,-111.85296,2015,Norteamérica,United States of America,Condiciones ambientales extremas,Frontera EE.UU.-México,Mexico,1
31.7989,-111.81445,2015,Norteamérica,United States of America,Condiciones ambientales extremas,Frontera EE.UU.-México,Mexico,1
32.27515,-112.97308,2015,Norteamérica,United States of America,Condiciones ambientales extremas,Frontera EE.UU.-México,Mexico,1
31.87648,-112.13971,2015,Norteamérica,United States of America,Mixta o desconocida,Frontera EE.UU.-México,Desconocido,1
32.083833,-112.963333,2015,Norteamérica,United States of America,Mixta o desconocida,Frontera EE.UU.-México,Desconocido,1
32.143167,-112.98095,2015,Norteamérica,United States of America,Condiciones ambientales extremas,Frontera EE.UU.-México,Desconocido,1
32.11476,-112.11556,2015,Norteamérica,United States of America,Condiciones ambientales extremas,Frontera EE.UU.-México,Mexico,1
31.379722,-110.940833,2015,Norteamérica,United States of America,Ahogamiento,Frontera EE.UU.-México,Desconocido,1
31.838633,-111.9506,2015,Norteamérica,United States of America,Mixta o desconocida,Frontera EE.UU.-México,Desconocido,1
31.704274,-111.044576,2015,Norteamérica,United States of America,Mixta o desconocida,Frontera EE.UU.-México,Desconocido,1
32.08267,-111.17659,2015,Norteamérica,United States of America,Mixta o desconocida,Frontera EE.UU.-México,Desconocido,1
32.3609,-113.123,2015,Norteamérica,United States of America,Condiciones ambientales extremas,Frontera EE.UU.-México,Mexico,1
32.347166,-113.116666,2015,Norteamérica,United States of America,Condiciones ambientales extremas,Frontera EE.UU.-México,Desconocido,1
31.54855,-111.73635,2015,Norteamérica,United States of America,Mixta o desconocida,Frontera EE.UU.-México,Desconocido,1
27.6897876,-110.069709,2015,Centroamérica,Mexico,Accidente de transporte,Sin ruta registrada,Desconocido,1
31.715333,-111.949783,2015,Norteamérica,United States of America,Mixta o desconocida,Frontera EE.UU.-México,Desconocido,1
32.6434314,-115.785945,2015,Norteamérica,United States of America,Muerte accidental,Frontera EE.UU.-México,Desconocido,1
32.328533,-113.261717,2015,Norteamérica,United States of America,Condiciones ambientales extremas,Frontera EE.UU.-México,Desconocido,1
31.92171,-112.90196,2015,Norteamérica,United States of America,Condiciones ambientales extremas,Frontera EE.UU.-México,Desconocido,1
31.81835,-112.533867,2015,Norteamérica,United States of America,Condiciones ambientales extremas,Frontera EE.UU.-México,Mexico,1
32.0523,-113.00292,2015,Norteamérica,United States of America,Mixta o desconocida,Frontera EE.UU.-México,Mexico,1
32.33183,-113.10583,2015,Norteamérica,United States of America,Condiciones ambientales extremas,Frontera EE.UU.-México,Mexico,1
32.33203,-113.10583,2015,Norteamérica,United States of America,Condiciones ambientales extremas,Frontera EE.UU.-México,Mexico,1
31.74916,-112.15516,2015,Norteamérica,United States of America,Condiciones ambientales extremas,Frontera EE.UU.-México,Mexico,1
32.323583,-113.10095,2015,Norteamérica,United States of America,Condiciones ambientales extremas,Frontera EE.UU.-México,Mexico,1
27.4779362,-99.549573,2015,Centroamérica,Mexico,Accidente de transporte,Sin ruta registrada,Desconocido,1
31.63683,-111.96318,2015,Norteamérica,United States of America,Mixta o desconocida,Frontera EE.UU.-México,Desconocido,1
28.5969909,-100.720786,2015,Centroamérica,Mexico,Ahogamiento,Frontera EE.UU.-México,Desconocido,1
31.52895,-109.09437,2015,Norteamérica,United States of America,Condiciones ambientales extremas,Frontera EE.UU.-México,Desconocido,1
32.20948,-111.48673,2015,Norteamérica,United States of America,Mixta o desconocida,Frontera EE.UU.-México,Desconocido,1
19.7114371,-99.059241,2015,Centroamérica,Mexico,Accidente de transporte,Sin ruta registrada,Desconocido,1
32.30317,-113.09,2015,Norteamérica,United States of America,Mixta o desconocida,Frontera EE.UU.-México,Desconocido,1
19.049997,-98.199999,2015,Centroamérica,Mexico,Accidente de transporte,Sin ruta registrada,Guatemala,2
20.491232,-99.929311,2015,Centroamérica,Mexico,Violencia,Sin ruta registrada,Desconocido,1
25.89133265,-97.505347,2015,Norteamérica,United States of America,Ahogamiento,Frontera EE.UU.-México,Mexico,1
32.924565,-112.223983,2015,Norteamérica,United States of America,Mixta o desconocida,Frontera EE.UU.-México,Desconocido,1
29.0416038,-96.785058,2015,Norteamérica,United States of America,Accidente de transporte,Frontera EE.UU.-México,Guatemala,5
31.72451,-111.96446,2015,Norteamérica,United States of America,Mixta o desconocida,Frontera EE.UU.-México,Desconocido,1
31.86743,-112.74258,2015,Norteamérica,United States of America,Mixta o desconocida,Frontera EE.UU.-México,Desconocido,1
29.3621053,-100.911821,2015,Norteamérica,United States of America,Ahogamiento,Frontera EE.UU.-México,Mexico,1
32.04636,-113.0097,2015,Norteamérica,United States of America,Mixta o desconocida,Frontera EE.UU.-México,Desconocido,1
32.82177,-112.04187,2015,Norteamérica,United States of America,Mixta o desconocida,Frontera EE.UU.-México,Desconocido,1
19.195438,-96.141352,2015,Centroamérica,Mexico,Violencia,Sin ruta registrada,Desconocido,1
19.1738,-96.1342,2015,Centroamérica,Mexico,Mixta o desconocida,Sin ruta registrada,Ecuador,3
19.408,-98.052,2015,Centroamérica,Mexico,Violencia,Sin ruta registrada,Desconocido,1
28.49276,-100.2813,2015,Norteamérica,United States of America,Condiciones ambientales extremas,Frontera EE.UU.-México,Mexico,1
18.5108497,-69.9381,2015,Caribe,Dominican Republic,Accidente de transporte,Haití a Rep. Dominicana,Haiti,3
19.195438,-96.141352,2015,Centroamérica,Mexico,Accidente de transporte,Sin ruta registrada,Ecuador,3
32.7383173,-114.643359,2015,Norteamérica,United States of America,Ahogamiento,Frontera EE.UU.-México,Desconocido,1
32.15423,-112.33682,2015,Norteamérica,United States of America,Condiciones ambientales extremas,Frontera EE.UU.-México,Desconocido,1
26.102091,-98.304259,2015,Centroamérica,Mexico,Ahogamiento,Sin ruta registrada,El Salvador,1
32.819135,-111.963106,2015,Norteamérica,United States of America,Mixta o desconocida,Frontera EE.UU.-México,Mexico,1
32.0013,-112.122299,2015,Norteamérica,United States of America,Violencia,Frontera EE.UU.-México,Mexico,1
32.1796,-113.07685,2015,Norteamérica,United States of America,Condiciones ambientales extremas,Frontera EE.UU.-México,Mexico,1
32.334317,-113.102,2015,Norteamérica,United States of America,Condiciones ambientales extremas,Frontera EE.UU.-México,Mexico,1
32.258783,-112.9721,2015,Norteamérica,United States of America,Mixta o desconocida,Frontera EE.UU.-México,Mexico,1
27.4753053,-99.486183,2015,Centroamérica,Mexico,Ahogamiento,Frontera EE.UU.-México,El Salvador,1
32.192563,-110.961395,2015,Norteamérica,United States of America,Violencia,Frontera EE.UU.-México,Mexico,1
31.40025,-110.95995,2015,Norteamérica,United States of America,Mixta o desconocida,Frontera EE.UU.-México,Desconocido,1
27.4688428,-99.557493,2015,Centroamérica,Mexico,Ahogamiento,Frontera EE.UU.-México,Mexico,1
27.4688428,-99.557493,2015,Centroamérica,Mexico,Ahogamiento,Frontera EE.UU.-México,El Salvador,1
29.5150912,-102.82785,2015,Centroamérica,Mexico,Ahogamiento,Frontera EE.UU.-México,Desconocido,1
17.995878,-94.547559,2015,Centroamérica,Mexico,Enfermedad o falta de atención,Sin ruta registrada,Guatemala,1
29.7110679,-101.569381,2015,Centroamérica,Mexico,Ahogamiento,Frontera EE.UU.-México,Mexico,1
31.70077,-111.14907,2015,Norteamérica,United States of America,Condiciones ambientales extremas,Frontera EE.UU.-México,Mexico,1
17.761518,-92.596498,2015,Centroamérica,Mexico,Accidente de transporte,Sin ruta registrada,Honduras,1
15.9564,-93.6631,2015,Centroamérica,Mexico,Accidente de transporte,Sin ruta registrada,Honduras,1
31.589933,-111.362767,2015,Norteamérica,United States of America,Condiciones ambientales extremas,Frontera EE.UU.-México,Mexico,1
31.64675,-111.15327,2015,Norteamérica,United States of America,Condiciones ambientales extremas,Frontera EE.UU.-México,Mexico,1
31.308619,-110.942166,2015,Centroamérica,Mexico,Mixta o desconocida,Frontera EE.UU.-México,Mexico,1
32.596,-111.70938,2015,Norteamérica,United States of America,Condiciones ambientales extremas,Frontera EE.UU.-México,Desconocido,1
32.216783,-113.147133,2015,Norteamérica,United States of America,Mixta o desconocida,Frontera EE.UU.-México,Desconocido,1
26.974509,-112.782746,2015,Centroamérica,Mexico,Mixta o desconocida,Sin ruta registrada,Honduras,1
19.704968,-98.834546,2015,Centroamérica,Mexico,Accidente de transporte,Sin ruta registrada,El Salvador,1
32.13884,-112.99014,2015,Norteamérica,United States of America,Mixta o desconocida,Frontera EE.UU.-México,Desconocido,1
17.94614,-94.210325,2015,Centroamérica,Mexico,Violencia,Sin ruta registrada,Desconocido,1
32.26505,-113.16132,2015,Norteamérica,United States of America,Mixta o desconocida,Frontera EE.UU.-México,Desconocido,1
31.511,-111.561833,2015,Norteamérica,United States of America,Condiciones ambientales extremas,Frontera EE.UU.-México,Desconocido,1
26.0312262,-98.366243,2015,Centroamérica,Mexico,Ahogamiento,Frontera EE.UU.-México,Mexico,1
27.6426468,-99.630232,2015,Centroamérica,Mexico,Ahogamiento,Frontera EE.UU.-México,Honduras,1
28.6897718,-100.533405,2015,Centroamérica,Mexico,Mixta o desconocida,Frontera EE.UU.-México,Desconocido,1
29.337391,-100.941227,2015,Centroamérica,Mexico,Ahogamiento,Frontera EE.UU.-México,Ecuador,1
29.8171253,-101.88653,2015,Centroamérica,Mexico,Ahogamiento,Frontera EE.UU.-México,El Salvador,1
31.685417,-111.6613,2015,Norteamérica,United States of America,Mixta o desconocida,Frontera EE.UU.-México,Desconocido,1
31.6129,-111.51831,2015,Norteamérica,United States of America,Muerte accidental,Frontera EE.UU.-México,Mexico,1
27.4688428,-99.557493,2015,Centroamérica,Mexico,Ahogamiento,Frontera EE.UU.-México,Desconocido,1
27.5338623,-99.553539,2015,Centroamérica,Mexico,Ahogamiento,Frontera EE.UU.-México,Guatemala,2
24.150458,-98.629149,2015,Centroamérica,Mexico,Accidente de transporte,Sin ruta registrada,Desconocido,4
32.2947,-112.56382,2015,Norteamérica,United States of America,Mixta o desconocida,Frontera EE.UU.-México,Desconocido,1
32.66118,-115.55545,2015,Norteamérica,United States of America,Ahogamiento,Frontera EE.UU.-México,Mexico,1
16.194244,-94.977747,2015,Centroamérica,Mexico,Accidente de transporte,Sin ruta registrada,Desconocido,1
32.29104,-112.838707,2015,Norteamérica,United States of America,Mixta o desconocida,Frontera EE.UU.-México,Desconocido,1
28.6779788,-100.521305,2015,Centroamérica,Mexico,Ahogamiento,Frontera EE.UU.-México,Guatemala,1
31.34265,-110.266267,2015,Norteamérica,United States of America,Condiciones ambientales extremas,Frontera EE.UU.-México,Mexico,1
27.1934864,-104.145363,2015,Centroamérica,Mexico,Enfermedad o falta de atención,Sin ruta registrada,Desconocido,1
19.6955139,-98.896157,2015,Centroamérica,Mexico,Accidente de transporte,Sin ruta registrada,Desconocido,1
11.62863706,-85.937685,2015,Centroamérica,Nicaragua,Violencia,Sin ruta registrada,Cuba,1
28.706139,-100.512441,2015,Centroamérica,Mexico,Ahogamiento,Frontera EE.UU.-México,Honduras,1
23.930804,-83.269439,2015,Caribe,Cuba,Ahogamiento,Caribe hacia EE.UU.,Cuba,13
14.893189,-92.27541,2015,Centroamérica,Mexico,Mixta o desconocida,Sin ruta registrada,El Salvador,1
31.75735,-111.778467,2015,Norteamérica,United States of America,Mixta o desconocida,Frontera EE.UU.-México,Mexico,1
32.012064,-111.29569,2015,Norteamérica,United States of America,Mixta o desconocida,Frontera EE.UU.-México,Desconocido,1
31.7475,-111.63482,2015,Norteamérica,United States of America,Mixta o desconocida,Frontera EE.UU.-México,Desconocido,1
32.02188,-112.14597,2015,Norteamérica,United States of America,Mixta o desconocida,Frontera EE.UU.-México,Desconocido,1
20.692916,-100.251252,2015,Centroamérica,Mexico,Violencia,Sin ruta registrada,Desconocido,3
29.81932753,-101.132282,2015,Norteamérica,United States of America,Mixta o desconocida,Frontera EE.UU.-México,Desconocido,123
11.72421,-68.68923,2015,Caribe,Venezuela (Bolivarian Republic of),Ahogamiento,Venezuela al Caribe,Venezuela,5
32.92505,-112.80985,2015,Norteamérica,United States of America,Ahogamiento,Frontera EE.UU.-México,Desconocido,1
33.446545,-112.083092,2015,Norteamérica,United States of America,Mixta o desconocida,Frontera EE.UU.-México,Desconocido,1
31.537267,-111.626567,2015,Norteamérica,United States of America,Mixta o desconocida,Frontera EE.UU.-México,Desconocido,1
32.628412,-112.711138,2015,Norteamérica,United States of America,Violencia,Frontera EE.UU.-México,Desconocido,2
32.3797,-112.7411,2015,Norteamérica,United States of America,Condiciones ambientales extremas,Frontera EE.UU.-México,Desconocido,1
31.976781,-109.486791,2015,Norteamérica,United States of America,Mixta o desconocida,Frontera EE.UU.-México,Desconocido,1
31.76437,-111.61075,2015,Norteamérica,United States of America,Mixta o desconocida,Frontera EE.UU.-México,Desconocido,1
32.12695,-112.141385,2015,Norteamérica,United States of America,Enfermedad o falta de atención,Frontera EE.UU.-México,Desconocido,1
32.658333,-112.520447,2015,Norteamérica,United States of America,Mixta o desconocida,Frontera EE.UU.-México,Desconocido,1
32.927567,-112.678617,2015,Norteamérica,United States of America,Mixta o desconocida,Frontera EE.UU.-México,Desconocido,1
33.377383,-113.496817,2015,Norteamérica,United States of America,Mixta o desconocida,Frontera EE.UU.-México,Desconocido,1
32.640333,-112.857167,2015,Norteamérica,United States of America,Mixta o desconocida,Frontera EE.UU.-México,Desconocido,1
32.10445,-112.881117,2015,Norteamérica,United States of America,Condiciones ambientales extremas,Frontera EE.UU.-México,Desconocido,1
31.87971,-106.87305,2015,Norteamérica,United States of America,Condiciones ambientales extremas,Frontera EE.UU.-México,Mexico,1
31.8656,-108.946,2015,Norteamérica,United States of America,Mixta o desconocida,Frontera EE.UU.-México,Mexico,1
32.6362381,-116.500321,2015,Norteamérica,United States of America,Mixta o desconocida,Frontera EE.UU.-México,Mexico,1
33.006667,-117.479167,2015,Norteamérica,United States of America,Ahogamiento,Frontera EE.UU.-México,Mexico,1
32.7806215,-117.010104,2015,Norteamérica,United States of America,Condiciones ambientales extremas,Frontera EE.UU.-México,Mexico,1
32.546944,-117.07,2015,Norteamérica,United States of America,Mixta o desconocida,Frontera EE.UU.-México,Mexico,1
32.550556,-116.936944,2015,Norteamérica,United States of America,Mixta o desconocida,Frontera EE.UU.-México,Mexico,1
32.796111,-116.628611,2015,Norteamérica,United States of America,Mixta o desconocida,Frontera EE.UU.-México,Mexico,1
32.5428556,-117.089855,2015,Norteamérica,United States of America,Mixta o desconocida,Frontera EE.UU.-México,Mexico,1
32.610556,-116.880278,2015,Norteamérica,United States of America,Mixta o desconocida,Frontera EE.UU.-México,Mexico,1
27.11245,-98.29311,2015,Norteamérica,United States of America,Condiciones ambientales extremas,Frontera EE.UU.-México,Desconocido,1
26.08241,-98.25853,2015,Norteamérica,United States of America,Ahogamiento,Frontera EE.UU.-México,Desconocido,1
27.0726,-98.31391,2015,Norteamérica,United States of America,Condiciones ambientales extremas,Frontera EE.UU.-México,Guatemala,1
26.93529,-97.92345,2015,Norteamérica,United States of America,Condiciones ambientales extremas,Frontera EE.UU.-México,Mexico,1
26.93529,-97.92345,2015,Norteamérica,United States of America,Condiciones ambientales extremas,Frontera EE.UU.-México,Desconocido,1
26.0071,-97.28008,2015,Norteamérica,United States of America,Ahogamiento,Frontera EE.UU.-México,Mexico,1
27.28343,-98.61117,2015,Norteamérica,United States of America,Condiciones ambientales extremas,Frontera EE.UU.-México,Desconocido,1
26.9036,-97.996,2015,Norteamérica,United States of America,Condiciones ambientales extremas,Frontera EE.UU.-México,Desconocido,1
27.2417,-98.303,2015,Norteamérica,United States of America,Condiciones ambientales extremas,Frontera EE.UU.-México,Desconocido,1
27.3864,-99.49,2015,Norteamérica,United States of America,Ahogamiento,Frontera EE.UU.-México,Desconocido,1
27.84812,-98.09003,2015,Norteamérica,United States of America,Condiciones ambientales extremas,Frontera EE.UU.-México,Mexico,1
27.13491,-98.17801,2015,Norteamérica,United States of America,Condiciones ambientales extremas,Frontera EE.UU.-México,Mexico,1
26.5594,-99.1306,2015,Norteamérica,United States of America,Violencia,Frontera EE.UU.-México,Mexico,1
27.26413,-98.52603,2015,Norteamérica,United States of America,Condiciones ambientales extremas,Frontera EE.UU.-México,Desconocido,1
27.18927,-98.39323,2015,Norteamérica,United States of America,Condiciones ambientales extremas,Frontera EE.UU.-México,Desconocido,1
27.05054,-98.16599,2015,Norteamérica,United States of America,Condiciones ambientales extremas,Frontera EE.UU.-México,Desconocido,1
27.45624,-99.49091,2015,Norteamérica,United States of America,Ahogamiento,Frontera EE.UU.-México,Mexico,1
31.77695,-111.87957,2015,Norteamérica,United States of America,Mixta o desconocida,Frontera EE.UU.-México,Desconocido,1
27.04661,-98.16724,2015,Norteamérica,United States of America,Condiciones ambientales extremas,Frontera EE.UU.-México,Desconocido,1
27.08348,-98.11502,2015,Norteamérica,United States of America,Mixta o desconocida,Frontera EE.UU.-México,Desconocido,1
31.53727,-111.62657,2015,Norteamérica,United States of America,Mixta o desconocida,Frontera EE.UU.-México,Desconocido,1
28.37605,-100.14739,2015,Norteamérica,United States of America,Condiciones ambientales extremas,Frontera EE.UU.-México,Mexico,1
31.39932,-110.95346,2015,Norteamérica,United States of America,Ahogamiento,Frontera EE.UU.-México,Desconocido,1
26.18199,-98.35614,2015,Norteamérica,United States of America,Ahogamiento,Frontera EE.UU.-México,Desconocido,1
27.45419,-99.4924,2015,Norteamérica,United States of America,Ahogamiento,Frontera EE.UU.-México,Desconocido,1
27.00192,-98.0943,2015,Norteamérica,United States of America,Mixta o desconocida,Frontera EE.UU.-México,Mexico,1
27.10694,-97.90745,2015,Norteamérica,United States of America,Condiciones ambientales extremas,Frontera EE.UU.-México,Mexico,1
27.07129,-98.01932,2015,Norteamérica,United States of America,Condiciones ambientales extremas,Frontera EE.UU.-México,Desconocido,1
27.98179,-99.11957,2015,Norteamérica,United States of America,Condiciones ambientales extremas,Frontera EE.UU.-México,Desconocido,1
26.06434,-97.93635,2015,Norteamérica,United States of America,Ahogamiento,Frontera EE.UU.-México,Desconocido,1
26.08599,-98.26487,2015,Norteamérica,United States of America,Ahogamiento,Frontera EE.UU.-México,Honduras,1
26.11727,-98.26501,2015,Norteamérica,United States of America,Ahogamiento,Frontera EE.UU.-México,Guatemala,1
27.00109,-97.87144,2015,Norteamérica,United States of America,Condiciones ambientales extremas,Frontera EE.UU.-México,Mexico,1
27.17155,-98.29003,2015,Norteamérica,United States of America,Condiciones ambientales extremas,Frontera EE.UU.-México,El Salvador,1
27.16936,-98.08829,2015,Norteamérica,United States of America,Condiciones ambientales extremas,Frontera EE.UU.-México,El Salvador,1
27.16936,-98.08829,2015,Norteamérica,United States of America,Condiciones ambientales extremas,Frontera EE.UU.-México,Desconocido,1
27.16936,-98.08829,2015,Norteamérica,United States of America,Condiciones ambientales extremas,Frontera EE.UU.-México,Desconocido,1
27.16936,-98.08829,2015,Norteamérica,United States of America,Condiciones ambientales extremas,Frontera EE.UU.-México,Desconocido,1
27.6887,-99.7355,2015,Norteamérica,United States of America,Ahogamiento,Frontera EE.UU.-México,Desconocido,1
30.52117,-104.45733,2015,Norteamérica,United States of America,Condiciones ambientales extremas,Frontera EE.UU.-México,Desconocido,1
26.92007,-98.2551,2015,Norteamérica,United States of America,Accidente de transporte,Frontera EE.UU.-México,Honduras,1
26.0636,-97.9003,2015,Norteamérica,United States of America,Ahogamiento,Frontera EE.UU.-México,El Salvador,1
26.0636,-97.9003,2015,Norteamérica,United States of America,Ahogamiento,Frontera EE.UU.-México,Desconocido,1
27.91115,-99.84605,2015,Norteamérica,United States of America,Condiciones ambientales extremas,Frontera EE.UU.-México,Mexico,1
27.0981,-98.2206,2015,Norteamérica,United States of America,Condiciones ambientales extremas,Frontera EE.UU.-México,Desconocido,1
27.26773,-97.71119,2015,Norteamérica,United States of America,Ahogamiento,Frontera EE.UU.-México,Desconocido,1
27.1235,-98.0176,2015,Norteamérica,United States of America,Condiciones ambientales extremas,Frontera EE.UU.-México,Mexico,1
26.27838,-98.53781,2015,Norteamérica,United States of America,Condiciones ambientales extremas,Frontera EE.UU.-México,Desconocido,1
27.26836,-97.83436,2015,Norteamérica,United States of America,Condiciones ambientales extremas,Frontera EE.UU.-México,Mexico,1
26.27081,-98.54481,2015,Norteamérica,United States of America,Mixta o desconocida,Frontera EE.UU.-México,El Salvador,1
25.5301,-97.2717,2015,Norteamérica,United States of America,Ahogamiento,Frontera EE.UU.-México,Mexico,1
27.01135,-98.18938,2015,Norteamérica,United States of America,Condiciones ambientales extremas,Frontera EE.UU.-México,Mexico,1
27.05816,-98.25173,2015,Norteamérica,United States of America,Condiciones ambientales extremas,Frontera EE.UU.-México,Honduras,1
27.20477,-99.43278,2015,Norteamérica,United States of America,Ahogamiento,Frontera EE.UU.-México,Mexico,1
27.59212,-99.53556,2015,Norteamérica,United States of America,Ahogamiento,Frontera EE.UU.-México,Mexico,1
31.81461,-111.85829,2015,Norteamérica,United States of America,Mixta o desconocida,Frontera EE.UU.-México,Desconocido,1
25.84167,-97.38425,2015,Norteamérica,United States of America,Ahogamiento,Frontera EE.UU.-México,Desconocido,1
27.48394,-99.47923,2015,Norteamérica,United States of America,Ahogamiento,Frontera EE.UU.-México,Mexico,1
28.27058,-99.53994,2015,Norteamérica,United States of America,Condiciones ambientales extremas,Frontera EE.UU.-México,Mexico,1
27.48561,-99.47977,2015,Norteamérica,United States of America,Ahogamiento,Frontera EE.UU.-México,Mexico,1
28.01339,-99.36215,2015,Norteamérica,United States of America,Accidente de transporte,Frontera EE.UU.-México,Desconocido,1
27.05227,-98.11239,2015,Norteamérica,United States of America,Mixta o desconocida,Frontera EE.UU.-México,Mexico,1
26.2759,-98.5563,2015,Norteamérica,United States of America,Condiciones ambientales extremas,Frontera EE.UU.-México,El Salvador,1
32.6644,-114.74671,2015,Norteamérica,United States of America,Ahogamiento,Frontera EE.UU.-México,Guatemala,1
32.6644,-114.74671,2015,Norteamérica,United States of America,Ahogamiento,Frontera EE.UU.-México,Guatemala,1
28.8303,-100.5526,2015,Norteamérica,United States of America,Ahogamiento,Frontera EE.UU.-México,Honduras,1
28.0815,-100.0117,2015,Norteamérica,United States of America,Condiciones ambientales extremas,Frontera EE.UU.-México,Mexico,1
27.34847,-99.45953,2015,Norteamérica,United States of America,Condiciones ambientales extremas,Frontera EE.UU.-México,Desconocido,1
26.22364,-98.44905,2015,Norteamérica,United States of America,Ahogamiento,Frontera EE.UU.-México,Desconocido,1
26.077,-98.25139,2015,Norteamérica,United States of America,Ahogamiento,Frontera EE.UU.-México,Desconocido,1
26.97237,-98.10162,2015,Norteamérica,United States of America,Condiciones ambientales extremas,Frontera EE.UU.-México,Desconocido,1
25.95875,-97.22948,2015,Norteamérica,United States of America,Ahogamiento,Frontera EE.UU.-México,Desconocido,1
27.60608,-99.5821,2015,Norteamérica,United States of America,Ahogamiento,Frontera EE.UU.-México,Desconocido,1
27.63694,-99.62451,2015,Norteamérica,United States of America,Ahogamiento,Frontera EE.UU.-México,Mexico,1
27.35105,-99.50746,2015,Norteamérica,United States of America,Ahogamiento,Frontera EE.UU.-México,Mexico,1
27.78283,-99.67986,2015,Norteamérica,United States of America,Condiciones ambientales extremas,Frontera EE.UU.-México,Desconocido,1
31.35226,-111.01507,2015,Norteamérica,United States of America,Mixta o desconocida,Frontera EE.UU.-México,Mexico,1
27.11459,-98.43327,2015,Norteamérica,United States of America,Condiciones ambientales extremas,Frontera EE.UU.-México,Mexico,1
28.63838,-100.44574,2015,Norteamérica,United States of America,Ahogamiento,Frontera EE.UU.-México,Mexico,1
27.0609,-98.1611,2015,Norteamérica,United States of America,Mixta o desconocida,Frontera EE.UU.-México,Mexico,1
26.26831,-98.64805,2015,Norteamérica,United States of America,Condiciones ambientales extremas,Frontera EE.UU.-México,Mexico,1
25.8778,-97.4546,2015,Norteamérica,United States of America,Ahogamiento,Frontera EE.UU.-México,Desconocido,1
26.15982,-98.35099,2015,Norteamérica,United States of America,Ahogamiento,Frontera EE.UU.-México,Desconocido,1
27.30929,-99.46843,2015,Norteamérica,United States of America,Ahogamiento,Frontera EE.UU.-México,Desconocido,1
27.30569,-99.50095,2015,Norteamérica,United States of America,Ahogamiento,Frontera EE.UU.-México,Desconocido,1
27.09076,-98.34916,2015,Norteamérica,United States of America,Condiciones ambientales extremas,Frontera EE.UU.-México,Mexico,1
27.68706,-99.73355,2015,Norteamérica,United States of America,Ahogamiento,Frontera EE.UU.-México,Mexico,1
27.49771,-99.5179,2015,Norteamérica,United States of America,Ahogamiento,Frontera EE.UU.-México,Desconocido,1
32.5926,-116.4654,2015,Norteamérica,United States of America,Mixta o desconocida,Frontera EE.UU.-México,Mexico,1
32.2159,-113.4332,2015,Norteamérica,United States of America,Condiciones ambientales extremas,Frontera EE.UU.-México,Mexico,1
32.67578,-115.35231,2015,Norteamérica,United States of America,Ahogamiento,Frontera EE.UU.-México,Mexico,1
32.2789,-113.6843,2015,Norteamérica,United States of America,Condiciones ambientales extremas,Frontera EE.UU.-México,Mexico,1
32.6794,-115.69194,2015,Norteamérica,United States of America,Condiciones ambientales extremas,Frontera EE.UU.-México,Desconocido,1
26.1177,-98.3002,2015,Norteamérica,United States of America,Ahogamiento,Frontera EE.UU.-México,Desconocido,1
27.1834,-98.225,2015,Norteamérica,United States of America,Condiciones ambientales extremas,Frontera EE.UU.-México,Desconocido,1
26.4026,-99.0169,2015,Norteamérica,United States of America,Mixta o desconocida,Frontera EE.UU.-México,Mexico,1
25.85826,-97.45218,2015,Norteamérica,United States of America,Ahogamiento,Frontera EE.UU.-México,Desconocido,1
32.66653,-115.7609,2015,Norteamérica,United States of America,Condiciones ambientales extremas,Frontera EE.UU.-México,Mexico,1
26.07152,-98.08135,2015,Norteamérica,United States of America,Ahogamiento,Frontera EE.UU.-México,Desconocido,1
26.0817,-98.257,2015,Norteamérica,United States of America,Ahogamiento,Frontera EE.UU.-México,Mexico,1
28.12628,-99.10404,2015,Norteamérica,United States of America,Condiciones ambientales extremas,Frontera EE.UU.-México,Mexico,1
27.8826,-99.84598,2015,Norteamérica,United States of America,Condiciones ambientales extremas,Frontera EE.UU.-México,Mexico,1
28.10167,-99.94117,2015,Norteamérica,United States of America,Condiciones ambientales extremas,Frontera EE.UU.-México,Mexico,1
28.07339,-100.02894,2015,Norteamérica,United States of America,Ahogamiento,Frontera EE.UU.-México,Mexico,1
27.2097,-98.2593,2015,Norteamérica,United States of America,Condiciones ambientales extremas,Frontera EE.UU.-México,Desconocido,1
27.96363,-99.18508,2015,Norteamérica,United States of America,Condiciones ambientales extremas,Frontera EE.UU.-México,Mexico,1
27.3123,-98.8224,2015,Norteamérica,United States of America,Condiciones ambientales extremas,Frontera EE.UU.-México,Mexico,1
29.42555,-100.0877,2015,Norteamérica,United States of America,Condiciones ambientales extremas,Frontera EE.UU.-México,Mexico,1
29.42555,-100.0877,2015,Norteamérica,United States of America,Condiciones ambientales extremas,Frontera EE.UU.-México,Mexico,1
28.1046,-100.0216,2015,Norteamérica,United States of America,Condiciones ambientales extremas,Frontera EE.UU.-México,Mexico,1
27.4982,-99.4965,2015,Norteamérica,United States of America,Ahogamiento,Frontera EE.UU.-México,Mexico,1
27.41572,-99.48526,2015,Norteamérica,United States of America,Condiciones ambientales extremas,Frontera EE.UU.-México,Rep. Dominicana,1
28.20092,-99.79224,2015,Norteamérica,United States of America,Condiciones ambientales extremas,Frontera EE.UU.-México,Mexico,1
29.4432,-104.07504,2015,Norteamérica,United States of America,Mixta o desconocida,Frontera EE.UU.-México,Desconocido,1
26.24658,-98.58328,2015,Norteamérica,United States of America,Ahogamiento,Frontera EE.UU.-México,Desconocido,1
27.50067,-99.5029,2015,Norteamérica,United States of America,Ahogamiento,Frontera EE.UU.-México,Desconocido,1
27.50062,-99.50329,2015,Norteamérica,United States of America,Ahogamiento,Frontera EE.UU.-México,Desconocido,1
27.22596,-99.41814,2015,Norteamérica,United States of America,Condiciones ambientales extremas,Frontera EE.UU.-México,Desconocido,1
28.53608,-100.34674,2015,Norteamérica,United States of America,Condiciones ambientales extremas,Frontera EE.UU.-México,Mexico,1
27.5483,-98.80664,2015,Norteamérica,United States of America,Condiciones ambientales extremas,Frontera EE.UU.-México,Mexico,1
32.10567,-112.94067,2015,Norteamérica,United States of America,Condiciones ambientales extremas,Frontera EE.UU.-México,Mexico,1
32.5546,-116.88684,2015,Norteamérica,United States of America,Violencia,Frontera EE.UU.-México,Mexico,1
32.10595,-111.56828,2015,Norteamérica,United States of America,Condiciones ambientales extremas,Frontera EE.UU.-México,Guatemala,1
27.43876,-99.49584,2015,Norteamérica,United States of America,Ahogamiento,Frontera EE.UU.-México,Mexico,1
32.56085,-116.92387,2015,Norteamérica,United States of America,Mixta o desconocida,Frontera EE.UU.-México,Mexico,1
26.2789,-98.65103,2015,Norteamérica,United States of America,Mixta o desconocida,Frontera EE.UU.-México,Desconocido,1
26.25203,-98.64468,2015,Norteamérica,United States of America,Violencia,Frontera EE.UU.-México,Desconocido,1
26.25203,-98.64468,2015,Norteamérica,United States of America,Violencia,Frontera EE.UU.-México,Desconocido,1
30.09164,-102.60825,2015,Norteamérica,United States of America,Condiciones ambientales extremas,Frontera EE.UU.-México,Mexico,1
32.14517,-112.98095,2015,Norteamérica,United States of America,Condiciones ambientales extremas,Frontera EE.UU.-México,Desconocido,1
28.03457,-99.3573,2015,Norteamérica,United States of America,Accidente de transporte,Frontera EE.UU.-México,Desconocido,1
27.19121,-98.39365,2015,Norteamérica,United States of America,Condiciones ambientales extremas,Frontera EE.UU.-México,Mexico,1
32.08302,-111.4946,2015,Norteamérica,United States of America,Accidente de transporte,Frontera EE.UU.-México,Mexico,1
28.13189,-99.85835,2015,Norteamérica,United States of America,Condiciones ambientales extremas,Frontera EE.UU.-México,Mexico,1
28.13803,-100.03584,2015,Norteamérica,United States of America,Condiciones ambientales extremas,Frontera EE.UU.-México,Mexico,1
32.36092,-113.12333,2015,Norteamérica,United States of America,Condiciones ambientales extremas,Frontera EE.UU.-México,Mexico,1
27.104,-98.4228,2015,Norteamérica,United States of America,Condiciones ambientales extremas,Frontera EE.UU.-México,El Salvador,1
32.2146,-113.49625,2015,Norteamérica,United States of America,Condiciones ambientales extremas,Frontera EE.UU.-México,Mexico,1
27.96808,-99.40265,2015,Norteamérica,United States of America,Condiciones ambientales extremas,Frontera EE.UU.-México,Desconocido,1
27.97848,-99.06216,2015,Norteamérica,United States of America,Condiciones ambientales extremas,Frontera EE.UU.-México,Desconocido,1
27.18167,-97.94732,2015,Norteamérica,United States of America,Condiciones ambientales extremas,Frontera EE.UU.-México,Mexico,1
31.63683,-111.96318,2015,Norteamérica,United States of America,Condiciones ambientales extremas,Frontera EE.UU.-México,Mexico,1
27.11716,-98.15934,2015,Norteamérica,United States of America,Condiciones ambientales extremas,Frontera EE.UU.-México,Mexico,1
27.42292,-99.4905,2015,Norteamérica,United States of America,Ahogamiento,Frontera EE.UU.-México,Honduras,1
27.48015,-99.47902,2015,Norteamérica,United States of America,Ahogamiento,Frontera EE.UU.-México,Mexico,1
31.93709,-112.29251,2015,Norteamérica,United States of America,Condiciones ambientales extremas,Frontera EE.UU.-México,Mexico,1
32.59725,-113.60158,2015,Norteamérica,United States of America,Mixta o desconocida,Frontera EE.UU.-México,Desconocido,1
31.68545,-111.66115,2015,Norteamérica,United States of America,Condiciones ambientales extremas,Frontera EE.UU.-México,Desconocido,1
27.6079,-99.494,2015,Norteamérica,United States of America,Condiciones ambientales extremas,Frontera EE.UU.-México,Desconocido,1
29.15061,-100.52496,2015,Norteamérica,United States of America,Condiciones ambientales extremas,Frontera EE.UU.-México,Mexico,1
32.64468,-116.74174,2015,Norteamérica,United States of America,Mixta o desconocida,Frontera EE.UU.-México,Mexico,1
28.65464,-100.18673,2015,Norteamérica,United States of America,Condiciones ambientales extremas,Frontera EE.UU.-México,Mexico,1
27.21708,-98.45388,2015,Norteamérica,United States of America,Mixta o desconocida,Frontera EE.UU.-México,Desconocido,1
27.73548,-99.79653,2015,Norteamérica,United States of America,Ahogamiento,Frontera EE.UU.-México,Desconocido,1
32.63478,-116.70964,2015,Norteamérica,United States of America,Mixta o desconocida,Frontera EE.UU.-México,Desconocido,1
28.10987,-99.44744,2015,Norteamérica,United States of America,Condiciones ambientales extremas,Frontera EE.UU.-México,Mexico,1
27.05104,-98.29499,2015,Norteamérica,United States of America,Condiciones ambientales extremas,Frontera EE.UU.-México,Guatemala,1
27.99295,-99.86748,2015,Norteamérica,United States of America,Condiciones ambientales extremas,Frontera EE.UU.-México,Mexico,1
26.41175,-99.02898,2015,Norteamérica,United States of America,Mixta o desconocida,Frontera EE.UU.-México,Desconocido,1
28.18286,-100.09262,2015,Norteamérica,United States of America,Condiciones ambientales extremas,Frontera EE.UU.-México,Mexico,1
28.18599,-100.09187,2015,Norteamérica,United States of America,Condiciones ambientales extremas,Frontera EE.UU.-México,Mexico,1
27.33875,-99.50429,2015,Norteamérica,United States of America,Ahogamiento,Frontera EE.UU.-México,Desconocido,1
31.37782,-109.5061,2015,Norteamérica,United States of America,Mixta o desconocida,Frontera EE.UU.-México,Desconocido,1
32.70532,-115.00556,2015,Norteamérica,United States of America,Ahogamiento,Frontera EE.UU.-México,Mexico,1
27.15475,-98.78324,2015,Norteamérica,United States of America,Mixta o desconocida,Frontera EE.UU.-México,El Salvador,1
27.29153,-99.48283,2015,Norteamérica,United States of America,Condiciones ambientales extremas,Frontera EE.UU.-México,Mexico,1
27.4853,-99.4802,2015,Norteamérica,United States of America,Ahogamiento,Frontera EE.UU.-México,Mexico,1
26.87976,-98.02589,2015,Norteamérica,United States of America,Condiciones ambientales extremas,Frontera EE.UU.-México,Mexico,1
27.16093,-98.2148,2015,Norteamérica,United States of America,Condiciones ambientales extremas,Frontera EE.UU.-México,Mexico,1
27.02995,-98.2548,2015,Norteamérica,United States of America,Mixta o desconocida,Frontera EE.UU.-México,Mexico,1
27.52346,-99.52483,2015,Norteamérica,United States of America,Ahogamiento,Frontera EE.UU.-México,Desconocido,1
28.01444,-99.88944,2015,Norteamérica,United States of America,Accidente de transporte,Frontera EE.UU.-México,Mexico,1
28.28565,-100.21764,2015,Norteamérica,United States of America,Condiciones ambientales extremas,Frontera EE.UU.-México,Mexico,1
28.27138,-100.15558,2015,Norteamérica,United States of America,Condiciones ambientales extremas,Frontera EE.UU.-México,Desconocido,1
27.81019,-99.49183,2015,Norteamérica,United States of America,Accidente de transporte,Frontera EE.UU.-México,Desconocido,1
27.27905,-99.42972,2015,Norteamérica,United States of America,Condiciones ambientales extremas,Frontera EE.UU.-México,Desconocido,1
27.40071,-99.48871,2015,Norteamérica,United States of America,Mixta o desconocida,Frontera EE.UU.-México,Mexico,1
27.37984,-99.49286,2015,Norteamérica,United States of America,Ahogamiento,Frontera EE.UU.-México,Desconocido,1
27.49814,-99.49414,2015,Norteamérica,United States of America,Ahogamiento,Frontera EE.UU.-México,Desconocido,1
27.41299,-99.48783,2015,Norteamérica,United States of America,Ahogamiento,Frontera EE.UU.-México,Desconocido,1
27.09426,-98.15422,2015,Norteamérica,United States of America,Mixta o desconocida,Frontera EE.UU.-México,Desconocido,1
26.0404,-97.5454,2015,Norteamérica,United States of America,Ahogamiento,Frontera EE.UU.-México,Desconocido,1
26.21436,-98.37422,2015,Norteamérica,United States of America,Accidente de transporte,Frontera EE.UU.-México,El Salvador,1
27.46451,-99.48422,2015,Norteamérica,United States of America,Ahogamiento,Frontera EE.UU.-México,Desconocido,1
31.74947,-111.61611,2015,Norteamérica,United States of America,Condiciones ambientales extremas,Frontera EE.UU.-México,Desconocido,1
27.23847,-98.76515,2015,Norteamérica,United States of America,Condiciones ambientales extremas,Frontera EE.UU.-México,Desconocido,1
27.69541,-98.83665,2015,Norteamérica,United States of America,Condiciones ambientales extremas,Frontera EE.UU.-México,Desconocido,1
27.3671,-98.1495,2015,Norteamérica,United States of America,Accidente de transporte,Frontera EE.UU.-México,Desconocido,1
27.3671,-98.1495,2015,Norteamérica,United States of America,Accidente de transporte,Frontera EE.UU.-México,Desconocido,1
28.04707,-98.87925,2015,Norteamérica,United States of America,Condiciones ambientales extremas,Frontera EE.UU.-México,Desconocido,1
27.0243,-98.208,2015,Norteamérica,United States of America,Mixta o desconocida,Frontera EE.UU.-México,Desconocido,1
27.0873,-98.1259,2015,Norteamérica,United States of America,Mixta o desconocida,Frontera EE.UU.-México,Honduras,1
30.28752,-104.57329,2015,Norteamérica,United States of America,Enfermedad o falta de atención,Frontera EE.UU.-México,Mexico,1
27.1017,-97.9924,2015,Norteamérica,United States of America,Mixta o desconocida,Frontera EE.UU.-México,El Salvador,1
27.19409,-98.13416,2015,Norteamérica,United States of America,Mixta o desconocida,Frontera EE.UU.-México,Desconocido,1
27.2028,-98.1985,2015,Norteamérica,United States of America,Mixta o desconocida,Frontera EE.UU.-México,Mexico,1
30.50491,-104.02091,2015,Norteamérica,United States of America,Condiciones ambientales extremas,Frontera EE.UU.-México,Guatemala,1
27.37311,-99.48571,2015,Norteamérica,United States of America,Condiciones ambientales extremas,Frontera EE.UU.-México,Desconocido,1
32.66097,-115.55543,2015,Norteamérica,United States of America,Ahogamiento,Frontera EE.UU.-México,Desconocido,1
32.68624,-115.45525,2015,Norteamérica,United States of America,Ahogamiento,Frontera EE.UU.-México,Desconocido,1
32.67908,-115.32809,2015,Norteamérica,United States of America,Ahogamiento,Frontera EE.UU.-México,Desconocido,1
32.69618,-115.28315,2015,Norteamérica,United States of America,Ahogamiento,Frontera EE.UU.-México,Desconocido,1
27.98265,-103.784062,2016,Centroamérica,Mexico,Mixta o desconocida,Sin ruta registrada,Honduras,3
31.81276,-111.40755,2016,Norteamérica,United States of America,Mixta o desconocida,Frontera EE.UU.-México,Desconocido,1
31.9148,-112.54042,2016,Norteamérica,United States of America,Mixta o desconocida,Frontera EE.UU.-México,Desconocido,1
27.011606,-98.38485,2016,Norteamérica,United States of America,Mixta o desconocida,Frontera EE.UU.-México,Mexico,4
32.152887,-111.237689,2016,Norteamérica,United States of America,Condiciones ambientales extremas,Frontera EE.UU.-México,Guatemala,1
17.264342,-91.001846,2016,Centroamérica,Mexico,Accidente de transporte,Sin ruta registrada,Honduras,1
8.273202,-77.047886,2016,Sudamérica,Colombia,Ahogamiento,Tapón del Darién,Pakistan,15
19.178764,-96.211336,2016,Centroamérica,Mexico,Accidente de transporte,Sin ruta registrada,Honduras,1
27.011606,-98.38485,2016,Norteamérica,United States of America,Enfermedad o falta de atención,Frontera EE.UU.-México,Mexico,1
17.992764,-92.988141,2016,Centroamérica,Mexico,Accidente de transporte,Sin ruta registrada,El Salvador,1
18.837676,-70.87915,2016,Caribe,Dominican Republic,Violencia,Sin ruta registrada,Cuba,1
27.453142,-99.614853,2016,Centroamérica,Mexico,Ahogamiento,Frontera EE.UU.-México,Desconocido,1
31.8769,-111.78898,2016,Norteamérica,United States of America,Mixta o desconocida,Frontera EE.UU.-México,Mexico,1
32.29187,-113.1067,2016,Norteamérica,United States of America,Mixta o desconocida,Frontera EE.UU.-México,Desconocido,1
31.95346,-113.05898,2016,Norteamérica,United States of America,Mixta o desconocida,Frontera EE.UU.-México,Desconocido,1
28.690148,-100.567652,2016,Centroamérica,Mexico,Condiciones ambientales extremas,Frontera EE.UU.-México,Mexico,1
19.39068,-99.283698,2016,Centroamérica,Mexico,Violencia,Sin ruta registrada,Honduras,1
27.715589,-99.698746,2016,Norteamérica,United States of America,Accidente de transporte,Frontera EE.UU.-México,Mexico,1
25.899013,-97.498212,2016,Norteamérica,United States of America,Ahogamiento,Frontera EE.UU.-México,Mexico,1
19.548849,-71.721089,2016,Caribe,Dominican Republic,Violencia,Haití a Rep. Dominicana,Haiti,1
-18.230407,-70.269058,2016,Sudamérica,Chile,Violencia,Sin ruta registrada,Peru,1
27.69836,-99.25236,2016,Norteamérica,United States of America,Mixta o desconocida,Frontera EE.UU.-México,Desconocido,11
19.32324,-99.264609,2016,Centroamérica,Mexico,Accidente de transporte,Sin ruta registrada,Honduras,1
25.88124,-97.49274,2016,Norteamérica,United States of America,Ahogamiento,Frontera EE.UU.-México,Mexico,1
9.324709,-80.010396,2016,Caribe,Panama,Ahogamiento,Sin ruta registrada,Cuba,26
17.999024,-94.646071,2016,Centroamérica,Mexico,Accidente de transporte,Sin ruta registrada,Honduras,1
18.013069,-94.539434,2016,Centroamérica,Mexico,Accidente de transporte,Sin ruta registrada,Mexico,1
18.675135,-97.644249,2016,Centroamérica,Mexico,Accidente de transporte,Sin ruta registrada,Desconocido,1
23.866988,-82.297972,2016,Caribe,Cuba,Ahogamiento,Caribe hacia EE.UU.,Cuba,1
27.6946,-99.0377,2016,Norteamérica,United States of America,Accidente de transporte,Frontera EE.UU.-México,Mexico,4
18.268157,-95.896946,2016,Centroamérica,Mexico,Accidente de transporte,Sin ruta registrada,Desconocido,1
26.41162,-99.0295,2016,Norteamérica,United States of America,Ahogamiento,Frontera EE.UU.-México,Desconocido,2
32.53493,-117.041314,2016,Centroamérica,Mexico,Mixta o desconocida,Frontera EE.UU.-México,Desconocido,1
32.63308,-112.1606,2016,Norteamérica,United States of America,Mixta o desconocida,Frontera EE.UU.-México,Mexico,1
26.327787,-98.724004,2016,Centroamérica,Mexico,Ahogamiento,Frontera EE.UU.-México,Mexico,1
26.364874,-98.831119,2016,Norteamérica,United States of America,Mixta o desconocida,Frontera EE.UU.-México,Guatemala,1
24.215586,-99.43327,2016,Centroamérica,Mexico,Ahogamiento,Frontera EE.UU.-México,El Salvador,1
31.704,-111.85818,2016,Norteamérica,United States of America,Mixta o desconocida,Frontera EE.UU.-México,Desconocido,1
32.20324,-112.95431,2016,Norteamérica,United States of America,Mixta o desconocida,Frontera EE.UU.-México,Desconocido,1
31.826717,-112.1373,2016,Norteamérica,United States of America,Mixta o desconocida,Frontera EE.UU.-México,Mexico,1
32.38652,-113.10317,2016,Norteamérica,United States of America,Mixta o desconocida,Frontera EE.UU.-México,Mexico,1
32.2651,-113.10296,2016,Norteamérica,United States of America,Condiciones ambientales extremas,Frontera EE.UU.-México,Mexico,1
32.15192,-113.069,2016,Norteamérica,United States of America,Mixta o desconocida,Frontera EE.UU.-México,Mexico,1
26.376354,-98.383348,2016,Norteamérica,United States of America,Ahogamiento,Frontera EE.UU.-México,Desconocido,1
19.893748,-99.430005,2016,Centroamérica,Mexico,Enfermedad o falta de atención,Sin ruta registrada,Desconocido,1
19.41678,-98.44711,2016,Centroamérica,Mexico,Accidente de transporte,Sin ruta registrada,Honduras,1
16.474502,-93.253481,2016,Centroamérica,Mexico,Accidente de transporte,Sin ruta registrada,Honduras,1
32.704148,-115.061691,2016,Norteamérica,United States of America,Ahogamiento,Frontera EE.UU.-México,Mexico,1
25.381356,-100.790983,2016,Centroamérica,Mexico,Accidente de transporte,Sin ruta registrada,Desconocido,1
32.206583,-112.665017,2016,Norteamérica,United States of America,Mixta o desconocida,Frontera EE.UU.-México,Desconocido,1
26.003367,-100.538671,2016,Centroamérica,Mexico,Accidente de transporte,Sin ruta registrada,Desconocido,1
30.306259,-97.839849,2016,Norteamérica,United States of America,Accidente de transporte,Frontera EE.UU.-México,Mexico,1
25.931208,-81.717088,2016,Caribe,United States of America,Mixta o desconocida,Caribe hacia EE.UU.,Cuba,9
26.269031,-101.112898,2016,Centroamérica,Mexico,Accidente de transporte,Sin ruta registrada,Desconocido,1
20.129511,-104.468201,2016,Centroamérica,Mexico,Accidente de transporte,Sin ruta registrada,Desconocido,1
19.056248,-96.381484,2016,Centroamérica,Mexico,Accidente de transporte,Sin ruta registrada,Desconocido,1
27.18293,-97.80312,2016,Norteamérica,United States of America,Mixta o desconocida,Frontera EE.UU.-México,Desconocido,1
27.421456,-97.851637,2016,Norteamérica,United States of America,Mixta o desconocida,Frontera EE.UU.-México,Desconocido,1
26.18584,-98.40271,2016,Norteamérica,United States of America,Ahogamiento,Frontera EE.UU.-México,Mexico,1
32.0037,-111.705333,2016,Norteamérica,United States of America,Mixta o desconocida,Frontera EE.UU.-México,Desconocido,1
19.045963,-96.430367,2016,Centroamérica,Mexico,Accidente de transporte,Sin ruta registrada,Desconocido,1
17.264993,-91.002463,2016,Centroamérica,Mexico,Violencia,Sin ruta registrada,Honduras,1
32.69266,-114.62762,2016,Norteamérica,United States of America,Accidente de transporte,Frontera EE.UU.-México,Mexico,1
22.074188,-102.277884,2016,Centroamérica,Mexico,Mixta o desconocida,Sin ruta registrada,Desconocido,1
26.376354,-98.383348,2016,Norteamérica,United States of America,Ahogamiento,Frontera EE.UU.-México,Desconocido,1
26.376354,-98.383348,2016,Norteamérica,United States of America,Mixta o desconocida,Frontera EE.UU.-México,Desconocido,1
32.74421,-114.72356,2016,Norteamérica,United States of America,Accidente de transporte,Frontera EE.UU.-México,Mexico,2
31.364901,-111.067139,2016,Norteamérica,United States of America,Muerte accidental,Frontera EE.UU.-México,El Salvador,1
15.317929,-91.49719,2016,Centroamérica,Guatemala,Accidente de transporte,Sin ruta registrada,El Salvador,4
16.29075,-94.198667,2016,Centroamérica,Mexico,Mixta o desconocida,Sin ruta registrada,El Salvador,1
16.748864,-92.928111,2016,Centroamérica,Mexico,Enfermedad o falta de atención,Sin ruta registrada,El Salvador,1
32.423462,-113.138344,2016,Norteamérica,United States of America,Mixta o desconocida,Frontera EE.UU.-México,Desconocido,1
32.329483,-112.115617,2016,Norteamérica,United States of America,Mixta o desconocida,Frontera EE.UU.-México,Mexico,1
12.428106,-69.914915,2016,Caribe,Aruba,Ahogamiento,Venezuela al Caribe,Venezuela,1
27.453142,-99.614853,2016,Centroamérica,Mexico,Ahogamiento,Frontera EE.UU.-México,Guatemala,1
31.647388,-106.349696,2016,Centroamérica,Mexico,Ahogamiento,Frontera EE.UU.-México,Desconocido,1
20.573031,-100.209021,2016,Centroamérica,Mexico,Accidente de transporte,Sin ruta registrada,Desconocido,1
31.888497,-111.385941,2016,Norteamérica,United States of America,Mixta o desconocida,Frontera EE.UU.-México,Desconocido,1
31.95437,-112.14965,2016,Norteamérica,United States of America,Condiciones ambientales extremas,Frontera EE.UU.-México,Mexico,1
31.80408,-112.10063,2016,Norteamérica,United States of America,Mixta o desconocida,Frontera EE.UU.-México,Desconocido,1
26.022718,-98.297914,2016,Centroamérica,Mexico,Ahogamiento,Frontera EE.UU.-México,Desconocido,1
17.264535,-91.001789,2016,Centroamérica,Mexico,Accidente de transporte,Sin ruta registrada,Desconocido,1
19.178764,-96.211336,2016,Centroamérica,Mexico,Accidente de transporte,Sin ruta registrada,Honduras,1
31.355119,-106.049866,2016,Centroamérica,Mexico,Violencia,Sin ruta registrada,Guatemala,1
27.133491,-103.434484,2016,Centroamérica,Mexico,Accidente de transporte,Frontera EE.UU.-México,Desconocido,1
17.452096,-91.456312,2016,Centroamérica,Mexico,Accidente de transporte,Sin ruta registrada,Honduras,1
32.713283,-112.832183,2016,Norteamérica,United States of America,Condiciones ambientales extremas,Frontera EE.UU.-México,Mexico,1
29.07426,-110.959188,2016,Centroamérica,Mexico,Condiciones ambientales extremas,Frontera EE.UU.-México,Mexico,1
26.052568,-98.366243,2016,Centroamérica,Mexico,Ahogamiento,Frontera EE.UU.-México,Desconocido,1
14.926782,-92.594762,2016,Centroamérica,Mexico,Violencia,Sin ruta registrada,Desconocido,1
29.162512,-111.157093,2016,Centroamérica,Mexico,Condiciones ambientales extremas,Sin ruta registrada,Mexico,1
32.657333,-112.754,2016,Norteamérica,United States of America,Mixta o desconocida,Frontera EE.UU.-México,Desconocido,1
26.376354,-98.383348,2016,Norteamérica,United States of America,Ahogamiento,Frontera EE.UU.-México,Desconocido,1
24.215586,-99.43327,2016,Centroamérica,Mexico,Ahogamiento,Frontera EE.UU.-México,Mexico,1
28.71736,-100.50642,2016,Norteamérica,United States of America,Ahogamiento,Frontera EE.UU.-México,Mexico,1
24.215586,-99.43327,2016,Centroamérica,Mexico,Ahogamiento,Frontera EE.UU.-México,Desconocido,1
32.088883,-111.394867,2016,Norteamérica,United States of America,Mixta o desconocida,Frontera EE.UU.-México,Desconocido,1
27.96167,-110.817207,2016,Centroamérica,Mexico,Accidente de transporte,Sin ruta registrada,Mexico,1
18.268157,-95.896946,2016,Centroamérica,Mexico,Accidente de transporte,Sin ruta registrada,Desconocido,1
27.022782,-98.541238,2016,Norteamérica,United States of America,Ahogamiento,Frontera EE.UU.-México,Mexico,1
16.474502,-93.253481,2016,Centroamérica,Mexico,Mixta o desconocida,Sin ruta registrada,El Salvador,1
27.15453,-98.43125,2016,Norteamérica,United States of America,Condiciones ambientales extremas,Frontera EE.UU.-México,Mexico,1
32.6566,-115.61657,2016,Norteamérica,United States of America,Ahogamiento,Frontera EE.UU.-México,Desconocido,1
19.54641,-99.235296,2016,Centroamérica,Mexico,Accidente de transporte,Sin ruta registrada,Desconocido,1
30.729316,-112.873353,2016,Centroamérica,Mexico,Condiciones ambientales extremas,Frontera EE.UU.-México,Mexico,1
11.208085,-85.624957,2016,Centroamérica,Costa Rica,Enfermedad o falta de atención,Sin ruta registrada,Haiti,1
31.963317,-112.38265,2016,Norteamérica,United States of America,Condiciones ambientales extremas,Frontera EE.UU.-México,Desconocido,1
31.846587,-112.134454,2016,Norteamérica,United States of America,Mixta o desconocida,Frontera EE.UU.-México,Desconocido,1
9.367441,-83.705496,2016,Centroamérica,Costa Rica,Enfermedad o falta de atención,Sin ruta registrada,Nepal,1
27.961081,-110.810305,2016,Centroamérica,Mexico,Accidente de transporte,Sin ruta registrada,El Salvador,1
27.23165,-98.18951,2016,Norteamérica,United States of America,Condiciones ambientales extremas,Frontera EE.UU.-México,El Salvador,1
32.278367,-111.718933,2016,Norteamérica,United States of America,Mixta o desconocida,Frontera EE.UU.-México,Desconocido,1
11.208085,-85.624957,2016,Centroamérica,Costa Rica,Enfermedad o falta de atención,Sin ruta registrada,Desconocido,1
14.898206,-92.334666,2016,Centroamérica,Mexico,Violencia,Sin ruta registrada,El Salvador,1
14.8206,-92.642828,2016,Centroamérica,Mexico,Ahogamiento,Sin ruta registrada,El Salvador,1
28.01549,-99.36789,2016,Norteamérica,United States of America,Accidente de transporte,Frontera EE.UU.-México,Honduras,1
32.35183,-112.959916,2016,Norteamérica,United States of America,Mixta o desconocida,Frontera EE.UU.-México,Desconocido,1
15.342171,-92.685594,2016,Centroamérica,Mexico,Violencia,Sin ruta registrada,Guatemala,1
18.268157,-95.896946,2016,Centroamérica,Mexico,Accidente de transporte,Sin ruta registrada,Desconocido,1
29.322646,-101.005384,2016,Centroamérica,Mexico,Accidente de transporte,Sin ruta registrada,Honduras,1
27.133491,-103.434484,2016,Centroamérica,Mexico,Ahogamiento,Frontera EE.UU.-México,Desconocido,1
25.035524,-77.532236,2016,Caribe,Bahamas,Ahogamiento,Sin ruta registrada,Cuba,10
31.82115,-110.18449,2016,Norteamérica,United States of America,Mixta o desconocida,Frontera EE.UU.-México,Desconocido,1
28.308445,-99.159527,2016,Norteamérica,United States of America,Accidente de transporte,Frontera EE.UU.-México,Honduras,1
18.268157,-95.896946,2016,Centroamérica,Mexico,Accidente de transporte,Sin ruta registrada,El Salvador,1
32.665977,-115.416305,2016,Norteamérica,United States of America,Ahogamiento,Frontera EE.UU.-México,Desconocido,1
32.26801,-112.49766,2016,Norteamérica,United States of America,Mixta o desconocida,Frontera EE.UU.-México,Desconocido,1
31.8051,-112.12413,2016,Norteamérica,United States of America,Mixta o desconocida,Frontera EE.UU.-México,Desconocido,1
31.796,-111.5738,2016,Norteamérica,United States of America,Mixta o desconocida,Frontera EE.UU.-México,Desconocido,1
27.133491,-103.434484,2016,Centroamérica,Mexico,Violencia,Sin ruta registrada,Honduras,1
31.765067,-111.625183,2016,Norteamérica,United States of America,Mixta o desconocida,Frontera EE.UU.-México,Guatemala,1
32.34286,-113.303,2016,Norteamérica,United States of America,Condiciones ambientales extremas,Frontera EE.UU.-México,Honduras,1
26.376354,-98.383348,2016,Norteamérica,United States of America,Mixta o desconocida,Frontera EE.UU.-México,Honduras,1
32.43673,-114.42545,2016,Norteamérica,United States of America,Condiciones ambientales extremas,Frontera EE.UU.-México,Mexico,1
18.14044,-93.451226,2016,Centroamérica,Mexico,Condiciones ambientales extremas,Sin ruta registrada,Honduras,1
31.918734,-112.100464,2016,Norteamérica,United States of America,Condiciones ambientales extremas,Frontera EE.UU.-México,Mexico,1
18.097523,-67.936675,2016,Caribe,Puerto Rico,Ahogamiento,Rep. Dominicana a Puerto Rico,Cuba,1
24.215586,-99.43327,2016,Centroamérica,Mexico,Ahogamiento,Frontera EE.UU.-México,Desconocido,1
32.21936,-111.24967,2016,Norteamérica,United States of America,Condiciones ambientales extremas,Frontera EE.UU.-México,Guatemala,1
31.816117,-112.072267,2016,Norteamérica,United States of America,Condiciones ambientales extremas,Frontera EE.UU.-México,Mexico,1
32.5567,-111.95146,2016,Norteamérica,United States of America,Mixta o desconocida,Frontera EE.UU.-México,Desconocido,1
32.59644,-114.709677,2016,Norteamérica,United States of America,Violencia,Frontera EE.UU.-México,Desconocido,1
31.7378,-112.093,2016,Norteamérica,United States of America,Condiciones ambientales extremas,Frontera EE.UU.-México,Mexico,1
32.39779,-111.03047,2016,Norteamérica,United States of America,Mixta o desconocida,Frontera EE.UU.-México,Guatemala,1
32.661761,-114.748075,2016,Norteamérica,United States of America,Violencia,Frontera EE.UU.-México,Mexico,1
32.3475,-113.3066,2016,Norteamérica,United States of America,Condiciones ambientales extremas,Frontera EE.UU.-México,Desconocido,1
32.3477,-113.3066,2016,Norteamérica,United States of America,Condiciones ambientales extremas,Frontera EE.UU.-México,Desconocido,1
32.3475,-113.3064,2016,Norteamérica,United States of America,Condiciones ambientales extremas,Frontera EE.UU.-México,Desconocido,1
32.3475,-113.3068,2016,Norteamérica,United States of America,Condiciones ambientales extremas,Frontera EE.UU.-México,Mexico,1
32.20416,-112.989,2016,Norteamérica,United States of America,Condiciones ambientales extremas,Frontera EE.UU.-México,Mexico,1
32.554309,-117.051298,2016,Norteamérica,United States of America,Mixta o desconocida,Frontera EE.UU.-México,Desconocido,1
28.49257,-100.1395,2016,Norteamérica,United States of America,Condiciones ambientales extremas,Frontera EE.UU.-México,Honduras,1
27.715589,-99.698746,2016,Norteamérica,United States of America,Mixta o desconocida,Frontera EE.UU.-México,Mexico,1
24.215586,-99.43327,2016,Centroamérica,Mexico,Ahogamiento,Frontera EE.UU.-México,Mexico,4
31.7917,-112.006667,2016,Norteamérica,United States of America,Muerte accidental,Frontera EE.UU.-México,Mexico,1
32.6087,-112.758533,2016,Norteamérica,United States of America,Condiciones ambientales extremas,Frontera EE.UU.-México,Mexico,1
19.11658,-97.706659,2016,Centroamérica,Mexico,Accidente de transporte,Sin ruta registrada,Desconocido,1
27.133491,-103.434484,2016,Centroamérica,Mexico,Mixta o desconocida,Frontera EE.UU.-México,Mexico,1
28.16892,-100.10544,2016,Norteamérica,United States of America,Condiciones ambientales extremas,Frontera EE.UU.-México,Mexico,1
31.8997,-111.769884,2016,Norteamérica,United States of America,Mixta o desconocida,Frontera EE.UU.-México,Desconocido,1
27.133491,-103.434484,2016,Centroamérica,Mexico,Ahogamiento,Frontera EE.UU.-México,Desconocido,1
25.480266,-100.976338,2016,Centroamérica,Mexico,Mixta o desconocida,Sin ruta registrada,Desconocido,1
31.773083,-111.918183,2016,Norteamérica,United States of America,Condiciones ambientales extremas,Frontera EE.UU.-México,Guatemala,1
31.98296,-110.5362,2016,Norteamérica,United States of America,Condiciones ambientales extremas,Frontera EE.UU.-México,Mexico,1
31.64488,-111.91678,2016,Norteamérica,United States of America,Mixta o desconocida,Frontera EE.UU.-México,Mexico,1
24.215586,-99.43327,2016,Centroamérica,Mexico,Ahogamiento,Frontera EE.UU.-México,El Salvador,1
32.10363,-111.52543,2016,Norteamérica,United States of America,Condiciones ambientales extremas,Frontera EE.UU.-México,Mexico,1
28.38481,-99.98769,2016,Norteamérica,United States of America,Condiciones ambientales extremas,Frontera EE.UU.-México,Mexico,1
31.953017,-112.87445,2016,Norteamérica,United States of America,Mixta o desconocida,Frontera EE.UU.-México,Desconocido,1
32.26201,-112.69105,2016,Norteamérica,United States of America,Mixta o desconocida,Frontera EE.UU.-México,El Salvador,1
18.28446,-95.85083,2016,Centroamérica,Mexico,Accidente de transporte,Sin ruta registrada,Desconocido,1
28.422684,-100.034449,2016,Norteamérica,United States of America,Mixta o desconocida,Frontera EE.UU.-México,El Salvador,1
32.07215,-112.972419,2016,Norteamérica,United States of America,Mixta o desconocida,Frontera EE.UU.-México,Desconocido,1
32.03956,-113.03051,2016,Norteamérica,United States of America,Mixta o desconocida,Frontera EE.UU.-México,Mexico,1
32.29616,-113.14816,2016,Norteamérica,United States of America,Condiciones ambientales extremas,Frontera EE.UU.-México,Mexico,1
31.903683,-112.146183,2016,Norteamérica,United States of America,Condiciones ambientales extremas,Frontera EE.UU.-México,El Salvador,1
24.215586,-99.43327,2016,Norteamérica,United States of America,Ahogamiento,Frontera EE.UU.-México,Desconocido,1
32.607767,-113.046967,2016,Norteamérica,United States of America,Mixta o desconocida,Frontera EE.UU.-México,Mexico,1
26.940382,-97.918177,2016,Norteamérica,United States of America,Condiciones ambientales extremas,Frontera EE.UU.-México,Mexico,1
26.23044,-98.52073,2016,Norteamérica,United States of America,Ahogamiento,Frontera EE.UU.-México,Mexico,1
33.018405,-117.398869,2016,Norteamérica,United States of America,Accidente de transporte,Frontera EE.UU.-México,Mexico,1
31.890533,-112.163068,2016,Norteamérica,United States of America,Mixta o desconocida,Frontera EE.UU.-México,Desconocido,1
32.23925,-111.4293,2016,Norteamérica,United States of America,Condiciones ambientales extremas,Frontera EE.UU.-México,Guatemala,1
19.551089,-71.713082,2016,Caribe,Haiti,Accidente de transporte,Haití a Rep. Dominicana,Haiti,1
32.153928,-110.982707,2016,Norteamérica,United States of America,Condiciones ambientales extremas,Frontera EE.UU.-México,Mexico,1
14.781981,-89.573736,2016,Centroamérica,Guatemala,Violencia,Sin ruta registrada,El Salvador,1
18.312268,-64.929045,2016,Caribe,United States Virgin Islands,Ahogamiento,Sin ruta registrada,Colombia,15
27.453142,-99.614853,2016,Centroamérica,Mexico,Ahogamiento,Frontera EE.UU.-México,Desconocido,1
31.962331,-111.362668,2016,Norteamérica,United States of America,Condiciones ambientales extremas,Frontera EE.UU.-México,Mexico,1
31.78046,-111.95446,2016,Norteamérica,United States of America,Condiciones ambientales extremas,Frontera EE.UU.-México,Honduras,1
31.69473,-111.98491,2016,Norteamérica,United States of America,Condiciones ambientales extremas,Frontera EE.UU.-México,Guatemala,1
28.637674,-100.528216,2016,Norteamérica,United States of America,Ahogamiento,Frontera EE.UU.-México,Honduras,1
14.8206,-92.642828,2016,Centroamérica,Mexico,Ahogamiento,Sin ruta registrada,Honduras,1
17.318694,-100.414005,2016,Centroamérica,Mexico,Ahogamiento,Frontera EE.UU.-México,Honduras,2
19.57101,-98.1702,2016,Centroamérica,Mexico,Accidente de transporte,Sin ruta registrada,Desconocido,1
32.3405,-113.10417,2016,Norteamérica,United States of America,Mixta o desconocida,Frontera EE.UU.-México,Mexico,1
27.715087,-99.907902,2016,Norteamérica,United States of America,Mixta o desconocida,Frontera EE.UU.-México,Brazil,28
27.50106,-99.52328,2016,Norteamérica,United States of America,Mixta o desconocida,Frontera EE.UU.-México,Mexico,1
27.492611,-99.542403,2016,Centroamérica,Mexico,Mixta o desconocida,Frontera EE.UU.-México,Desconocido,1
27.133491,-103.434484,2016,Centroamérica,Mexico,Ahogamiento,Frontera EE.UU.-México,Honduras,1
32.043439,-110.085624,2016,Norteamérica,United States of America,Mixta o desconocida,Frontera EE.UU.-México,Mexico,1
24.215586,-99.43327,2016,Centroamérica,Mexico,Ahogamiento,Frontera EE.UU.-México,Desconocido,1
32.121896,-111.570383,2016,Norteamérica,United States of America,Condiciones ambientales extremas,Frontera EE.UU.-México,Honduras,1
31.85435,-110.43783,2016,Norteamérica,United States of America,Mixta o desconocida,Frontera EE.UU.-México,Desconocido,1
27.453142,-99.614632,2016,Centroamérica,Mexico,Ahogamiento,Frontera EE.UU.-México,Mexico,1
26.370065,-80.071336,2016,Caribe,United States of America,Mixta o desconocida,Caribe hacia EE.UU.,Cuba,2
31.9639,-112.36573,2016,Norteamérica,United States of America,Mixta o desconocida,Frontera EE.UU.-México,Desconocido,1
15.412069,-93.41054,2016,Centroamérica,Mexico,Ahogamiento,Sin ruta registrada,El Salvador,3
28.637674,-100.528216,2016,Norteamérica,United States of America,Ahogamiento,Frontera EE.UU.-México,Desconocido,1
32.4995,-113.0767,2016,Norteamérica,United States of America,Condiciones ambientales extremas,Frontera EE.UU.-México,Honduras,1
31.83173,-111.970117,2016,Norteamérica,United States of America,Condiciones ambientales extremas,Frontera EE.UU.-México,Ecuador,1
31.7947,-111.82171,2016,Norteamérica,United States of America,Condiciones ambientales extremas,Frontera EE.UU.-México,Guatemala,1
20.129511,-104.468201,2016,Centroamérica,Mexico,Accidente de transporte,Sin ruta registrada,Desconocido,1
11.607017,-86.305181,2016,Centroamérica,Nicaragua,Mixta o desconocida,Sin ruta registrada,Desconocido,1
27.133491,-103.434484,2016,Centroamérica,Mexico,Ahogamiento,Frontera EE.UU.-México,Mexico,1
31.7945,-111.91465,2016,Norteamérica,United States of America,Condiciones ambientales extremas,Frontera EE.UU.-México,Guatemala,1
32.283693,-109.82634,2016,Norteamérica,United States of America,Violencia,Frontera EE.UU.-México,Mexico,1
20.137625,-101.223131,2016,Centroamérica,Mexico,Violencia,Sin ruta registrada,Mexico,1
28.39044,-100.07175,2016,Norteamérica,United States of America,Condiciones ambientales extremas,Frontera EE.UU.-México,Mexico,1
27.01716,-98.25644,2016,Norteamérica,United States of America,Condiciones ambientales extremas,Frontera EE.UU.-México,Guatemala,1
28.50389,-100.34772,2016,Norteamérica,United States of America,Ahogamiento,Frontera EE.UU.-México,Mexico,1
27.133491,-103.434484,2016,Centroamérica,Mexico,Ahogamiento,Frontera EE.UU.-México,Mexico,1
31.7916,-106.5522,2016,Norteamérica,United States of America,Mixta o desconocida,Frontera EE.UU.-México,Desconocido,1
32.496983,-112.305567,2016,Norteamérica,United States of America,Mixta o desconocida,Frontera EE.UU.-México,Desconocido,1
32.10145,-112.69731,2016,Norteamérica,United States of America,Mixta o desconocida,Frontera EE.UU.-México,Desconocido,1
25.707529,-100.323338,2016,Centroamérica,Mexico,Mixta o desconocida,Sin ruta registrada,Honduras,1
32.60455,-116.85863,2016,Norteamérica,United States of America,Condiciones ambientales extremas,Frontera EE.UU.-México,Desconocido,1
26.29076,-98.59686,2016,Norteamérica,United States of America,Condiciones ambientales extremas,Frontera EE.UU.-México,Guatemala,1
25.706926,-100.3264,2016,Centroamérica,Mexico,Mixta o desconocida,Sin ruta registrada,Honduras,1
32.1278,-112.40978,2016,Norteamérica,United States of America,Condiciones ambientales extremas,Frontera EE.UU.-México,Mexico,1
31.97766,-112.9993,2016,Norteamérica,United States of America,Condiciones ambientales extremas,Frontera EE.UU.-México,Mexico,1
11.228555,-85.60811,2016,Centroamérica,Nicaragua,Ahogamiento,Sin ruta registrada,Desconocido,10
14.065557,-87.210592,2016,Centroamérica,Honduras,Violencia,Sin ruta registrada,Honduras,2
24.022719,-103.172344,2016,Centroamérica,Mexico,Condiciones ambientales extremas,Frontera EE.UU.-México,Rep. Dominicana,1
31.82416,-111.03825,2016,Norteamérica,United States of America,Condiciones ambientales extremas,Frontera EE.UU.-México,Desconocido,1
31.364309,-110.96814,2016,Norteamérica,United States of America,Condiciones ambientales extremas,Frontera EE.UU.-México,Mexico,1
31.702133,-111.99385,2016,Norteamérica,United States of America,Mixta o desconocida,Frontera EE.UU.-México,Mexico,1
31.970833,-110.886417,2016,Norteamérica,United States of America,Mixta o desconocida,Frontera EE.UU.-México,Desconocido,1
32.300783,-111.381833,2016,Norteamérica,United States of America,Mixta o desconocida,Frontera EE.UU.-México,Desconocido,1
31.811967,-111.841117,2016,Norteamérica,United States of America,Condiciones ambientales extremas,Frontera EE.UU.-México,Mexico,1
28.637674,-100.528216,2016,Norteamérica,United States of America,Ahogamiento,Frontera EE.UU.-México,Guatemala,1
24.215586,-99.43327,2016,Centroamérica,Mexico,Accidente de transporte,Sin ruta registrada,Honduras,1
24.215586,-99.43327,2016,Centroamérica,Mexico,Ahogamiento,Frontera EE.UU.-México,Desconocido,1
29.789837,-101.502617,2016,Norteamérica,United States of America,Condiciones ambientales extremas,Frontera EE.UU.-México,Guatemala,1
31.686567,-111.999917,2016,Norteamérica,United States of America,Mixta o desconocida,Frontera EE.UU.-México,Mexico,1
31.44765,-111.30885,2016,Norteamérica,United States of America,Mixta o desconocida,Frontera EE.UU.-México,Desconocido,1
26.2477,-98.5115,2016,Norteamérica,United States of America,Condiciones ambientales extremas,Frontera EE.UU.-México,El Salvador,1
31.710317,-111.988583,2016,Norteamérica,United States of America,Condiciones ambientales extremas,Frontera EE.UU.-México,Guatemala,1
26.61793,-98.295,2016,Norteamérica,United States of America,Condiciones ambientales extremas,Frontera EE.UU.-México,Honduras,1
27.785657,-99.880083,2016,Centroamérica,Mexico,Condiciones ambientales extremas,Frontera EE.UU.-México,Mexico,1
7.781119,-77.932556,2016,Centroamérica,Colombia,Mixta o desconocida,Tapón del Darién,Desconocido,6
20.49724,-99.4827,2016,Centroamérica,Mexico,Condiciones ambientales extremas,Sin ruta registrada,El Salvador,1
24.215586,-99.43327,2016,Centroamérica,Mexico,Ahogamiento,Frontera EE.UU.-México,Mexico,1
35.23255,-100.599856,2016,Norteamérica,United States of America,Condiciones ambientales extremas,Frontera EE.UU.-México,Honduras,1
0.644667,-77.975427,2016,Sudamérica,Colombia,Condiciones ambientales extremas,Sin ruta registrada,Haiti,1
22.123504,-101.02611,2016,Centroamérica,Mexico,Accidente de transporte,Sin ruta registrada,Honduras,3
1.214008,-77.291107,2016,Sudamérica,Colombia,Enfermedad o falta de atención,Sin ruta registrada,Haiti,1
7.781119,-77.932556,2016,Centroamérica,Colombia,Enfermedad o falta de atención,Tapón del Darién,Cuba,1
32.328607,-111.368233,2016,Norteamérica,United States of America,Mixta o desconocida,Frontera EE.UU.-México,Guatemala,1
25.9262,-97.538,2016,Norteamérica,United States of America,Ahogamiento,Frontera EE.UU.-México,Mexico,1
31.848783,-111.926567,2016,Norteamérica,United States of America,Mixta o desconocida,Frontera EE.UU.-México,Desconocido,1
28.51685,-100.310903,2016,Norteamérica,United States of America,Mixta o desconocida,Frontera EE.UU.-México,Nicaragua,1
32.00778,-112.16171,2016,Norteamérica,United States of America,Mixta o desconocida,Frontera EE.UU.-México,Desconocido,1
29.33281,-100.94093,2016,Centroamérica,Mexico,Ahogamiento,Frontera EE.UU.-México,Desconocido,1
31.623802,-111.062768,2016,Norteamérica,United States of America,Ahogamiento,Frontera EE.UU.-México,Mexico,1
31.827017,-111.400483,2016,Norteamérica,United States of America,Mixta o desconocida,Frontera EE.UU.-México,Desconocido,1
31.551221,-110.920977,2016,Norteamérica,United States of America,Condiciones ambientales extremas,Frontera EE.UU.-México,Mexico,1
7.781119,-77.932556,2016,Sudamérica,Colombia,Enfermedad o falta de atención,Tapón del Darién,Cuba,1
20.412954,-100.004381,2016,Centroamérica,Mexico,Accidente de transporte,Sin ruta registrada,Desconocido,1
18.268157,-95.896946,2016,Centroamérica,Mexico,Accidente de transporte,Sin ruta registrada,Desconocido,1
28.637674,-100.528216,2016,Norteamérica,United States of America,Ahogamiento,Frontera EE.UU.-México,Guatemala,1
31.836283,-111.938633,2016,Norteamérica,United States of America,Mixta o desconocida,Frontera EE.UU.-México,Guatemala,1
24.215586,-99.43327,2016,Centroamérica,Mexico,Accidente de transporte,Frontera EE.UU.-México,El Salvador,6
30.722231,-112.176712,2016,Centroamérica,Mexico,Accidente de transporte,Frontera EE.UU.-México,Honduras,1
31.974983,-112.81815,2016,Norteamérica,United States of America,Mixta o desconocida,Frontera EE.UU.-México,Mexico,1
31.699183,-111.429183,2016,Norteamérica,United States of America,Mixta o desconocida,Frontera EE.UU.-México,Desconocido,1
7.514102,-77.992194,2016,Centroamérica,Panama,Mixta o desconocida,Tapón del Darién,Desconocido,3
35.221091,-119.634285,2016,Norteamérica,United States of America,Mixta o desconocida,Frontera EE.UU.-México,Mexico,1
31.763625,-106.369565,2016,Norteamérica,United States of America,Mixta o desconocida,Frontera EE.UU.-México,Desconocido,1
27.133491,-103.434484,2016,Centroamérica,Mexico,Ahogamiento,Frontera EE.UU.-México,Desconocido,1
32.164517,-111.884317,2016,Norteamérica,United States of America,Mixta o desconocida,Frontera EE.UU.-México,Desconocido,1
32.17448,-111.24988,2016,Norteamérica,United States of America,Mixta o desconocida,Frontera EE.UU.-México,Desconocido,1
31.665533,-111.821917,2016,Norteamérica,United States of America,Mixta o desconocida,Frontera EE.UU.-México,Desconocido,1
8.21217,-76.83563,2016,Sudamérica,Colombia,Violencia,Tapón del Darién,Cuba,2
16.355192,-94.191749,2016,Centroamérica,Mexico,Enfermedad o falta de atención,Sin ruta registrada,Honduras,1
27.453142,-99.614853,2016,Centroamérica,Mexico,Ahogamiento,Frontera EE.UU.-México,Desconocido,1
27.453142,-99.614853,2016,Centroamérica,Mexico,Ahogamiento,Frontera EE.UU.-México,Desconocido,1
32.734444,-111.492361,2016,Norteamérica,United States of America,Mixta o desconocida,Frontera EE.UU.-México,Desconocido,1
27.133491,-103.434484,2016,Centroamérica,Mexico,Ahogamiento,Frontera EE.UU.-México,Desconocido,1
32.530115,-112.137385,2016,Norteamérica,United States of America,Mixta o desconocida,Frontera EE.UU.-México,Desconocido,1
31.665232,-111.774526,2016,Norteamérica,United States of America,Mixta o desconocida,Frontera EE.UU.-México,Desconocido,1
7.781119,-77.932556,2016,Centroamérica,Panama,Enfermedad o falta de atención,Tapón del Darién,Congo,1
31.898717,-111.145517,2016,Norteamérica,United States of America,Condiciones ambientales extremas,Frontera EE.UU.-México,Mexico,1
32.00365,-112.66553,2016,Norteamérica,United States of America,Mixta o desconocida,Frontera EE.UU.-México,Desconocido,1
31.98618,-112.1196,2016,Norteamérica,United States of America,Mixta o desconocida,Frontera EE.UU.-México,Desconocido,1
8.697458,-77.31127,2016,Sudamérica,Colombia,Mixta o desconocida,Tapón del Darién,Cuba,20
27.792175,-99.870759,2016,Centroamérica,Mexico,Mixta o desconocida,Frontera EE.UU.-México,Mexico,1
32.176389,-109.086389,2016,Norteamérica,United States of America,Mixta o desconocida,Frontera EE.UU.-México,Desconocido,1
31.846033,-112.658867,2016,Norteamérica,United States of America,Mixta o desconocida,Frontera EE.UU.-México,Desconocido,1
28.64082,-100.44552,2016,Norteamérica,United States of America,Ahogamiento,Frontera EE.UU.-México,Mexico,1
31.71405,-111.88878,2016,Norteamérica,United States of America,Mixta o desconocida,Frontera EE.UU.-México,Desconocido,1
31.73753,-111.92515,2016,Norteamérica,United States of America,Mixta o desconocida,Frontera EE.UU.-México,Desconocido,1
31.75668,-112.06646,2016,Norteamérica,United States of America,Mixta o desconocida,Frontera EE.UU.-México,Desconocido,1
11.197166,-85.514038,2016,Centroamérica,Nicaragua,Mixta o desconocida,Sin ruta registrada,Congo,1
18.268157,-95.896946,2016,Centroamérica,Mexico,Accidente de transporte,Sin ruta registrada,Honduras,1
11.097036,-85.683012,2016,Centroamérica,Costa Rica,Enfermedad o falta de atención,Sin ruta registrada,Haiti,1
24.713256,-81.119485,2016,Caribe,Cuba,Ahogamiento,Caribe hacia EE.UU.,Cuba,20
32.534017,-111.868567,2016,Norteamérica,United States of America,Mixta o desconocida,Frontera EE.UU.-México,Mexico,1
32.534017,-111.868567,2016,Norteamérica,United States of America,Mixta o desconocida,Frontera EE.UU.-México,Desconocido,1
31.844233,-112.129717,2016,Norteamérica,United States of America,Mixta o desconocida,Frontera EE.UU.-México,Desconocido,1
27.133491,-103.434484,2016,Centroamérica,Mexico,Ahogamiento,Frontera EE.UU.-México,Mexico,1
32.069017,-112.97895,2016,Norteamérica,United States of America,Mixta o desconocida,Frontera EE.UU.-México,Desconocido,1
27.133491,-103.434484,2016,Centroamérica,Mexico,Ahogamiento,Frontera EE.UU.-México,Desconocido,1
32.78415,-112.473983,2016,Norteamérica,United States of America,Mixta o desconocida,Frontera EE.UU.-México,Desconocido,1
7.781119,-77.932556,2016,Sudamérica,Colombia,Enfermedad o falta de atención,Tapón del Darién,Cuba,1
28.744368,-100.468966,2016,Norteamérica,United States of America,Condiciones ambientales extremas,Frontera EE.UU.-México,Mexico,1
18.268157,-95.896946,2016,Centroamérica,Mexico,Condiciones ambientales extremas,Sin ruta registrada,Ecuador,6
32.385,-113.106033,2016,Norteamérica,United States of America,Mixta o desconocida,Frontera EE.UU.-México,Desconocido,1
15.678888,-93.230549,2016,Centroamérica,Mexico,Ahogamiento,Sin ruta registrada,Guatemala,1
32.269733,-113.3062,2016,Norteamérica,United States of America,Mixta o desconocida,Frontera EE.UU.-México,Mexico,1
32.269733,-113.306,2016,Norteamérica,United States of America,Mixta o desconocida,Frontera EE.UU.-México,Mexico,1
28.661142,-100.569017,2016,Centroamérica,Mexico,Ahogamiento,Frontera EE.UU.-México,Mexico,1
1.198357,-77.269367,2016,Sudamérica,Colombia,Mixta o desconocida,Sin ruta registrada,Haiti,1
27.133491,-103.434484,2016,Centroamérica,Mexico,Ahogamiento,Frontera EE.UU.-México,Desconocido,1
32.12895,-112.976266,2016,Norteamérica,United States of America,Mixta o desconocida,Frontera EE.UU.-México,Desconocido,1
20.129511,-104.468201,2016,Centroamérica,Mexico,Accidente de transporte,Sin ruta registrada,Honduras,1
31.8802,-111.374733,2016,Norteamérica,United States of America,Mixta o desconocida,Frontera EE.UU.-México,Desconocido,1
31.865817,-111.316683,2016,Norteamérica,United States of America,Mixta o desconocida,Frontera EE.UU.-México,Desconocido,1
31.86601,-111.29951,2016,Norteamérica,United States of America,Mixta o desconocida,Frontera EE.UU.-México,Desconocido,1
32.205833,-111.686283,2016,Norteamérica,United States of America,Mixta o desconocida,Frontera EE.UU.-México,Desconocido,1
23.273557,-81.24822,2016,Caribe,United States of America,Ahogamiento,Caribe hacia EE.UU.,Cuba,1
16.089042,-93.774371,2016,Centroamérica,Mexico,Accidente de transporte,Sin ruta registrada,Honduras,1
28.691353,-100.574861,2016,Centroamérica,Mexico,Ahogamiento,Frontera EE.UU.-México,Honduras,1
31.62525,-111.8471,2016,Norteamérica,United States of America,Mixta o desconocida,Frontera EE.UU.-México,Guatemala,1
33.024951,-115.845025,2016,Norteamérica,United States of America,Mixta o desconocida,Frontera EE.UU.-México,Desconocido,1
18.920255,-98.134724,2016,Centroamérica,Mexico,Accidente de transporte,Sin ruta registrada,Desconocido,1
23.45868,-105.501574,2016,Centroamérica,Mexico,Mixta o desconocida,Sin ruta registrada,Honduras,44
32.091833,-112.9795,2016,Norteamérica,United States of America,Mixta o desconocida,Frontera EE.UU.-México,Desconocido,1
24.215586,-99.43327,2016,Centroamérica,Mexico,Ahogamiento,Frontera EE.UU.-México,Nicaragua,1
28.662179,-100.576484,2016,Centroamérica,Mexico,Ahogamiento,Frontera EE.UU.-México,Mexico,1
24.215586,-99.43327,2016,Centroamérica,Mexico,Ahogamiento,Frontera EE.UU.-México,Desconocido,2
32.140133,-112.988433,2016,Norteamérica,United States of America,Mixta o desconocida,Frontera EE.UU.-México,Desconocido,1
32.1396,-112.9909,2016,Norteamérica,United States of America,Mixta o desconocida,Frontera EE.UU.-México,Desconocido,1
31.748933,-110.17615,2016,Norteamérica,United States of America,Mixta o desconocida,Frontera EE.UU.-México,Desconocido,1
32.26371,-105.430637,2016,Norteamérica,United States of America,Mixta o desconocida,Frontera EE.UU.-México,Mexico,1
27.053551,-109.441434,2016,Centroamérica,Mexico,Accidente de transporte,Sin ruta registrada,Honduras,1
-21.017413,-68.943531,2016,Sudamérica,Bolivia (Plurinational State of),Condiciones ambientales extremas,Sin ruta registrada,Rep. Dominicana,1
27.734508,-97.406553,2016,Caribe,United States of America,Condiciones ambientales extremas,Frontera EE.UU.-México,Cuba,6
16.495043,-95.135753,2016,Centroamérica,Mexico,Enfermedad o falta de atención,Sin ruta registrada,Guatemala,1
31.723883,-112.106567,2016,Norteamérica,United States of America,Mixta o desconocida,Frontera EE.UU.-México,Desconocido,1
27.453142,-99.614853,2016,Centroamérica,Mexico,Ahogamiento,Frontera EE.UU.-México,Honduras,1
25.358993,-79.719283,2016,Caribe,Bahamas,Mixta o desconocida,Caribe hacia EE.UU.,Brazil,19
32.5788,-112.07773,2016,Norteamérica,United States of America,Mixta o desconocida,Frontera EE.UU.-México,Desconocido,1
9.951395,-84.116811,2016,Centroamérica,Costa Rica,Enfermedad o falta de atención,Sin ruta registrada,Haiti,1
18.14044,-93.451226,2016,Centroamérica,Mexico,Accidente de transporte,Sin ruta registrada,Honduras,1
27.453142,-99.614632,2016,Centroamérica,Mexico,Violencia,Frontera EE.UU.-México,Brazil,1
31.724167,-111.9245,2016,Norteamérica,United States of America,Mixta o desconocida,Frontera EE.UU.-México,Desconocido,1
32.26808,-111.91801,2016,Norteamérica,United States of America,Mixta o desconocida,Frontera EE.UU.-México,Desconocido,1
18.268157,-95.896946,2016,Centroamérica,Mexico,Accidente de transporte,Sin ruta registrada,Desconocido,1
31.8707,-112.7542,2016,Norteamérica,United States of America,Mixta o desconocida,Frontera EE.UU.-México,Desconocido,1
-19.362645,-68.982765,2016,Sudamérica,Chile,Condiciones ambientales extremas,Sin ruta registrada,Rep. Dominicana,1
27.133491,-103.434484,2016,Centroamérica,Mexico,Ahogamiento,Frontera EE.UU.-México,Mexico,1
31.896033,-111.670983,2016,Norteamérica,United States of America,Mixta o desconocida,Frontera EE.UU.-México,Desconocido,1
31.831217,-111.918133,2016,Norteamérica,United States of America,Mixta o desconocida,Frontera EE.UU.-México,Desconocido,1
27.715087,-99.907902,2016,Norteamérica,United States of America,Mixta o desconocida,Frontera EE.UU.-México,Desconocido,4
16.745986,-93.19961,2016,Centroamérica,Mexico,Mixta o desconocida,Sin ruta registrada,Desconocido,1
32.287367,-111.691233,2016,Norteamérica,United States of America,Condiciones ambientales extremas,Frontera EE.UU.-México,Mexico,1
31.91564,-111.7579,2016,Norteamérica,United States of America,Mixta o desconocida,Frontera EE.UU.-México,Desconocido,1
18.537588,-96.607505,2016,Centroamérica,Mexico,Accidente de transporte,Sin ruta registrada,Honduras,1
22.164578,-100.970344,2016,Centroamérica,Mexico,Enfermedad o falta de atención,Sin ruta registrada,Honduras,1
25.546328,-103.442644,2016,Centroamérica,Mexico,Accidente de transporte,Sin ruta registrada,Honduras,1
32.03843,-113.02141,2016,Norteamérica,United States of America,Mixta o desconocida,Frontera EE.UU.-México,Desconocido,1
31.5011,-111.44025,2016,Norteamérica,United States of America,Mixta o desconocida,Frontera EE.UU.-México,Desconocido,1
18.856444,-97.105878,2016,Centroamérica,Mexico,Muerte accidental,Sin ruta registrada,Guatemala,1
15.35402,-93.462977,2016,Centroamérica,Mexico,Ahogamiento,Sin ruta registrada,Desconocido,1
31.986783,-112.99865,2016,Norteamérica,United States of America,Mixta o desconocida,Frontera EE.UU.-México,Desconocido,1
31.980933,-112.139183,2016,Norteamérica,United States of America,Mixta o desconocida,Frontera EE.UU.-México,Desconocido,1
14.862978,-92.459061,2016,Centroamérica,Mexico,Accidente de transporte,Sin ruta registrada,Honduras,2
32.14,-112.851833,2016,Norteamérica,United States of America,Mixta o desconocida,Frontera EE.UU.-México,Desconocido,1
31.92948,-111.88075,2016,Norteamérica,United States of America,Mixta o desconocida,Frontera EE.UU.-México,Desconocido,1
23.973812,-82.292371,2016,Caribe,Cuba,Mixta o desconocida,Caribe hacia EE.UU.,Cuba,1
31.871233,-110.419,2016,Norteamérica,United States of America,Mixta o desconocida,Frontera EE.UU.-México,Guatemala,1
32.37812,-113.11867,2016,Norteamérica,United States of America,Mixta o desconocida,Frontera EE.UU.-México,Desconocido,1
32.0983,-113.00742,2016,Norteamérica,United States of America,Mixta o desconocida,Frontera EE.UU.-México,Desconocido,1
31.871983,-112.735917,2016,Norteamérica,United States of America,Mixta o desconocida,Frontera EE.UU.-México,Desconocido,1
32.657333,-112.754,2016,Norteamérica,United States of America,Mixta o desconocida,Frontera EE.UU.-México,Desconocido,1
28.7604,-100.29695,2016,Norteamérica,United States of America,Mixta o desconocida,Frontera EE.UU.-México,Honduras,1
32.01581,-111.26681,2016,Norteamérica,United States of America,Mixta o desconocida,Frontera EE.UU.-México,Desconocido,1
18.268157,-95.896946,2016,Centroamérica,Mexico,Accidente de transporte,Sin ruta registrada,Haiti,1
32.001303,-110.984272,2016,Norteamérica,United States of America,Condiciones ambientales extremas,Frontera EE.UU.-México,Guatemala,1
18.268157,-95.896946,2016,Centroamérica,Mexico,Mixta o desconocida,Sin ruta registrada,Desconocido,12
24.215586,-99.43327,2016,Centroamérica,Mexico,Ahogamiento,Frontera EE.UU.-México,Desconocido,1
29.942368,-104.373009,2016,Norteamérica,United States of America,Mixta o desconocida,Frontera EE.UU.-México,Desconocido,1
26.376354,-98.383348,2016,Norteamérica,United States of America,Mixta o desconocida,Frontera EE.UU.-México,Desconocido,16
27.688366,-99.25259,2016,Norteamérica,United States of America,Mixta o desconocida,Frontera EE.UU.-México,Desconocido,12
31.749483,-111.615983,2016,Norteamérica,United States of America,Mixta o desconocida,Frontera EE.UU.-México,Desconocido,1
32.781117,-112.548317,2016,Norteamérica,United States of America,Mixta o desconocida,Frontera EE.UU.-México,Desconocido,1
31.888854,-111.385888,2016,Norteamérica,United States of America,Mixta o desconocida,Frontera EE.UU.-México,Desconocido,1
32.84785,-113.2995,2016,Norteamérica,United States of America,Condiciones ambientales extremas,Frontera EE.UU.-México,Desconocido,1
32.846261,-112.29039,2016,Norteamérica,United States of America,Condiciones ambientales extremas,Frontera EE.UU.-México,Desconocido,1
32.76809,-113.146834,2016,Norteamérica,United States of America,Mixta o desconocida,Frontera EE.UU.-México,Desconocido,1
32.840117,-112.6005,2016,Norteamérica,United States of America,Mixta o desconocida,Frontera EE.UU.-México,Desconocido,1
32.840117,-112.6004,2016,Norteamérica,United States of America,Mixta o desconocida,Frontera EE.UU.-México,Desconocido,1
32.86633,-113.156012,2016,Norteamérica,United States of America,Condiciones ambientales extremas,Frontera EE.UU.-México,Desconocido,1
32.854033,-113.030283,2016,Norteamérica,United States of America,Mixta o desconocida,Frontera EE.UU.-México,Desconocido,1
32.782782,-112.952022,2016,Norteamérica,United States of America,Mixta o desconocida,Frontera EE.UU.-México,Desconocido,1
31.66715,-111.831817,2016,Norteamérica,United States of America,Mixta o desconocida,Frontera EE.UU.-México,El Salvador,1
32.662567,-112.24245,2016,Norteamérica,United States of America,Mixta o desconocida,Frontera EE.UU.-México,Desconocido,1
33.15088,-112.39065,2016,Norteamérica,United States of America,Mixta o desconocida,Frontera EE.UU.-México,Desconocido,1
32.686317,-112.228633,2016,Norteamérica,United States of America,Violencia,Frontera EE.UU.-México,Desconocido,1
31.749483,-111.615983,2016,Norteamérica,United States of America,Mixta o desconocida,Frontera EE.UU.-México,Desconocido,1
32.6087,-112.758533,2016,Norteamérica,United States of America,Mixta o desconocida,Frontera EE.UU.-México,Desconocido,1
31.9112,-107.315,2016,Norteamérica,United States of America,Condiciones ambientales extremas,Frontera EE.UU.-México,Guatemala,1
31.9383,-108.922,2016,Norteamérica,United States of America,Condiciones ambientales extremas,Frontera EE.UU.-México,Mexico,1
31.795241,-106.54495,2016,Norteamérica,United States of America,Mixta o desconocida,Frontera EE.UU.-México,Mexico,1
31.8207,-107.197,2016,Norteamérica,United States of America,Mixta o desconocida,Frontera EE.UU.-México,Mexico,1
31.8353,-108.657,2016,Norteamérica,United States of America,Enfermedad o falta de atención,Frontera EE.UU.-México,Mexico,1
32.550127,-116.941452,2016,Norteamérica,United States of America,Mixta o desconocida,Frontera EE.UU.-México,Mexico,1
32.543333,-117.034444,2016,Norteamérica,United States of America,Mixta o desconocida,Frontera EE.UU.-México,Mexico,1
32.8385,-116.176472,2016,Norteamérica,United States of America,Mixta o desconocida,Frontera EE.UU.-México,Mexico,1
32.619419,-117.025917,2016,Norteamérica,United States of America,Condiciones ambientales extremas,Frontera EE.UU.-México,Mexico,1
32.843056,-116.206111,2016,Norteamérica,United States of America,Mixta o desconocida,Frontera EE.UU.-México,Mexico,1
32.534444,-117.123889,2016,Norteamérica,United States of America,Ahogamiento,Frontera EE.UU.-México,Mexico,1
32.820128,-116.538553,2016,Norteamérica,United States of America,Mixta o desconocida,Frontera EE.UU.-México,Mexico,1
32.541667,-117.038056,2016,Norteamérica,United States of America,Ahogamiento,Frontera EE.UU.-México,Mexico,1
27.16812,-97.80554,2016,Norteamérica,United States of America,Condiciones ambientales extremas,Frontera EE.UU.-México,Mexico,1
27.2273,-97.727,2016,Norteamérica,United States of America,Mixta o desconocida,Frontera EE.UU.-México,El Salvador,1
27.92234,-99.70839,2016,Norteamérica,United States of America,Condiciones ambientales extremas,Frontera EE.UU.-México,Desconocido,1
27.2851,-97.76456,2016,Norteamérica,United States of America,Condiciones ambientales extremas,Frontera EE.UU.-México,Desconocido,1
27.1362,-97.9927,2016,Norteamérica,United States of America,Condiciones ambientales extremas,Frontera EE.UU.-México,Guatemala,1
27.2335,-97.7271,2016,Norteamérica,United States of America,Mixta o desconocida,Frontera EE.UU.-México,El Salvador,1
27.10408,-97.98523,2016,Norteamérica,United States of America,Condiciones ambientales extremas,Frontera EE.UU.-México,Mexico,1
27.15076,-98.00134,2016,Norteamérica,United States of America,Condiciones ambientales extremas,Frontera EE.UU.-México,Mexico,1
27.37559,-99.4957,2016,Norteamérica,United States of America,Ahogamiento,Frontera EE.UU.-México,Mexico,1
26.0272,-97.65106,2016,Norteamérica,United States of America,Mixta o desconocida,Frontera EE.UU.-México,Desconocido,1
31.52753,-111.43748,2016,Norteamérica,United States of America,Condiciones ambientales extremas,Frontera EE.UU.-México,Mexico,1
26.236,-98.5638,2016,Norteamérica,United States of America,Ahogamiento,Frontera EE.UU.-México,Desconocido,1
27.06745,-98.11674,2016,Norteamérica,United States of America,Mixta o desconocida,Frontera EE.UU.-México,Mexico,1
27.1663,-98.0373,2016,Norteamérica,United States of America,Mixta o desconocida,Frontera EE.UU.-México,Desconocido,1
27.1324,-97.8493,2016,Norteamérica,United States of America,Mixta o desconocida,Frontera EE.UU.-México,Desconocido,1
26.9788,-97.8697,2016,Norteamérica,United States of America,Mixta o desconocida,Frontera EE.UU.-México,Desconocido,1
27.76929,-99.80978,2016,Norteamérica,United States of America,Ahogamiento,Frontera EE.UU.-México,Desconocido,1
27.22482,-97.86806,2016,Norteamérica,United States of America,Condiciones ambientales extremas,Frontera EE.UU.-México,Mexico,1
26.07103,-98.23437,2016,Norteamérica,United States of America,Ahogamiento,Frontera EE.UU.-México,Mexico,1
32.56667,-113.36667,2016,Norteamérica,United States of America,Mixta o desconocida,Frontera EE.UU.-México,Desconocido,1
27.1837,-98.2989,2016,Norteamérica,United States of America,Mixta o desconocida,Frontera EE.UU.-México,Mexico,1
26.7747,-98.022,2016,Norteamérica,United States of America,Mixta o desconocida,Frontera EE.UU.-México,Desconocido,1
26.18014,-98.4015,2016,Norteamérica,United States of America,Ahogamiento,Frontera EE.UU.-México,Mexico,1
26.37092,-98.82492,2016,Norteamérica,United States of America,Mixta o desconocida,Frontera EE.UU.-México,Mexico,1
31.704,-111.85518,2016,Norteamérica,United States of America,Condiciones ambientales extremas,Frontera EE.UU.-México,Mexico,1
27.10869,-98.16333,2016,Norteamérica,United States of America,Mixta o desconocida,Frontera EE.UU.-México,Mexico,1
27.16708,-98.45164,2016,Norteamérica,United States of America,Mixta o desconocida,Frontera EE.UU.-México,Desconocido,1
27.22788,-97.72298,2016,Norteamérica,United States of America,Condiciones ambientales extremas,Frontera EE.UU.-México,Desconocido,1
32.2532,-113.115,2016,Norteamérica,United States of America,Mixta o desconocida,Frontera EE.UU.-México,Desconocido,1
27.1566,-98.1197,2016,Norteamérica,United States of America,Mixta o desconocida,Frontera EE.UU.-México,Mexico,1
32.74362,-115.29415,2016,Norteamérica,United States of America,Ahogamiento,Frontera EE.UU.-México,Desconocido,1
26.4106,-99.02651,2016,Norteamérica,United States of America,Mixta o desconocida,Frontera EE.UU.-México,Guatemala,1
27.12848,-97.82997,2016,Norteamérica,United States of America,Mixta o desconocida,Frontera EE.UU.-México,Mexico,1
27.18519,-98.54447,2016,Norteamérica,United States of America,Condiciones ambientales extremas,Frontera EE.UU.-México,Desconocido,1
27.00128,-98.06449,2016,Norteamérica,United States of America,Condiciones ambientales extremas,Frontera EE.UU.-México,Desconocido,1
27.2973,-98.78092,2016,Norteamérica,United States of America,Condiciones ambientales extremas,Frontera EE.UU.-México,Guatemala,1
27.23411,-98.2198,2016,Norteamérica,United States of America,Mixta o desconocida,Frontera EE.UU.-México,Desconocido,1
26.06884,-97.90576,2016,Norteamérica,United States of America,Ahogamiento,Frontera EE.UU.-México,Mexico,1
31.7599,-106.4672,2016,Norteamérica,United States of America,Ahogamiento,Frontera EE.UU.-México,Mexico,1
27.26146,-98.26043,2016,Norteamérica,United States of America,Mixta o desconocida,Frontera EE.UU.-México,Desconocido,1
27.45305,-99.49302,2016,Norteamérica,United States of America,Ahogamiento,Frontera EE.UU.-México,Desconocido,1
27.04906,-98.16853,2016,Norteamérica,United States of America,Mixta o desconocida,Frontera EE.UU.-México,Desconocido,1
26.1908,-98.42316,2016,Norteamérica,United States of America,Ahogamiento,Frontera EE.UU.-México,Desconocido,1
26.36661,-98.89968,2016,Norteamérica,United States of America,Ahogamiento,Frontera EE.UU.-México,Mexico,1
27.1558,-98.321,2016,Norteamérica,United States of America,Condiciones ambientales extremas,Frontera EE.UU.-México,Desconocido,1
25.93238,-97.54541,2016,Norteamérica,United States of America,Ahogamiento,Frontera EE.UU.-México,Desconocido,1
28.13972,-100.06278,2016,Norteamérica,United States of America,Condiciones ambientales extremas,Frontera EE.UU.-México,Desconocido,1
27.20529,-98.43089,2016,Norteamérica,United States of America,Condiciones ambientales extremas,Frontera EE.UU.-México,Desconocido,1
27.97127,-99.65227,2016,Norteamérica,United States of America,Condiciones ambientales extremas,Frontera EE.UU.-México,Mexico,1
26.1876,-98.397,2016,Norteamérica,United States of America,Ahogamiento,Frontera EE.UU.-México,Desconocido,1
27.92089,-98.94748,2016,Norteamérica,United States of America,Condiciones ambientales extremas,Frontera EE.UU.-México,Mexico,1
26.8835,-97.6464,2016,Norteamérica,United States of America,Condiciones ambientales extremas,Frontera EE.UU.-México,Desconocido,1
27.09882,-98.15295,2016,Norteamérica,United States of America,Condiciones ambientales extremas,Frontera EE.UU.-México,El Salvador,1
27.0195,-98.16354,2016,Norteamérica,United States of America,Mixta o desconocida,Frontera EE.UU.-México,Mexico,1
26.8918,-97.7895,2016,Norteamérica,United States of America,Accidente de transporte,Frontera EE.UU.-México,Mexico,1
26.40257,-99.00965,2016,Norteamérica,United States of America,Mixta o desconocida,Frontera EE.UU.-México,Mexico,1
26.24738,-98.55315,2016,Norteamérica,United States of America,Ahogamiento,Frontera EE.UU.-México,Mexico,1
27.14422,-98.41356,2016,Norteamérica,United States of America,Condiciones ambientales extremas,Frontera EE.UU.-México,Desconocido,1
27.1892,-97.875,2016,Norteamérica,United States of America,Condiciones ambientales extremas,Frontera EE.UU.-México,Desconocido,1
26.20832,-98.44046,2016,Norteamérica,United States of America,Ahogamiento,Frontera EE.UU.-México,Mexico,1
27.4863,-99.4801,2016,Norteamérica,United States of America,Ahogamiento,Frontera EE.UU.-México,Desconocido,1
27.4969,-99.4926,2016,Norteamérica,United States of America,Ahogamiento,Frontera EE.UU.-México,Mexico,1
26.93569,-98.18392,2016,Norteamérica,United States of America,Mixta o desconocida,Frontera EE.UU.-México,Desconocido,1
28.29612,-99.18443,2016,Norteamérica,United States of America,Condiciones ambientales extremas,Frontera EE.UU.-México,Desconocido,1
32.6379,-116.0907,2016,Norteamérica,United States of America,Mixta o desconocida,Frontera EE.UU.-México,Desconocido,1
26.18327,-98.40731,2016,Norteamérica,United States of America,Ahogamiento,Frontera EE.UU.-México,Mexico,1
27.92226,-98.93311,2016,Norteamérica,United States of America,Condiciones ambientales extremas,Frontera EE.UU.-México,Mexico,1
27.11521,-98.03754,2016,Norteamérica,United States of America,Mixta o desconocida,Frontera EE.UU.-México,Mexico,1
27.66751,-98.77008,2016,Norteamérica,United States of America,Condiciones ambientales extremas,Frontera EE.UU.-México,Mexico,1
26.23181,-98.52187,2016,Norteamérica,United States of America,Mixta o desconocida,Frontera EE.UU.-México,Desconocido,1
25.8962,-97.5031,2016,Norteamérica,United States of America,Mixta o desconocida,Frontera EE.UU.-México,Desconocido,1
27.1405,-98.3076,2016,Norteamérica,United States of America,Condiciones ambientales extremas,Frontera EE.UU.-México,Mexico,1
27.2354,-97.90788,2016,Norteamérica,United States of America,Condiciones ambientales extremas,Frontera EE.UU.-México,Mexico,1
27.17614,-98.18571,2016,Norteamérica,United States of America,Condiciones ambientales extremas,Frontera EE.UU.-México,Desconocido,1
27.22311,-98.31082,2016,Norteamérica,United States of America,Condiciones ambientales extremas,Frontera EE.UU.-México,Desconocido,1
27.05034,-97.79436,2016,Norteamérica,United States of America,Accidente de transporte,Frontera EE.UU.-México,Mexico,1
31.6544,-106.3178,2016,Norteamérica,United States of America,Ahogamiento,Frontera EE.UU.-México,Mexico,1
27.49043,-98.73998,2016,Norteamérica,United States of America,Condiciones ambientales extremas,Frontera EE.UU.-México,El Salvador,1
25.89284,-97.50408,2016,Norteamérica,United States of America,Ahogamiento,Frontera EE.UU.-México,Desconocido,1
25.9165,-97.52267,2016,Norteamérica,United States of America,Condiciones ambientales extremas,Frontera EE.UU.-México,Mexico,1
27.14325,-98.01228,2016,Norteamérica,United States of America,Condiciones ambientales extremas,Frontera EE.UU.-México,Honduras,1
26.38872,-98.92379,2016,Norteamérica,United States of America,Ahogamiento,Frontera EE.UU.-México,Desconocido,1
28.19029,-100.19627,2016,Norteamérica,United States of America,Ahogamiento,Frontera EE.UU.-México,Mexico,1
31.76136,-106.50463,2016,Norteamérica,United States of America,Accidente de transporte,Frontera EE.UU.-México,Mexico,1
26.9331,-98.223,2016,Norteamérica,United States of America,Mixta o desconocida,Frontera EE.UU.-México,Guatemala,1
26.069,-97.9139,2016,Norteamérica,United States of America,Mixta o desconocida,Frontera EE.UU.-México,El Salvador,1
27.61502,-98.90406,2016,Norteamérica,United States of America,Condiciones ambientales extremas,Frontera EE.UU.-México,Desconocido,1
27.5993,-99.53764,2016,Norteamérica,United States of America,Ahogamiento,Frontera EE.UU.-México,Desconocido,1
25.91014,-97.50903,2016,Norteamérica,United States of America,Accidente de transporte,Frontera EE.UU.-México,Mexico,1
27.71781,-99.75842,2016,Norteamérica,United States of America,Ahogamiento,Frontera EE.UU.-México,Desconocido,1
32.03646,-113.02818,2016,Norteamérica,United States of America,Condiciones ambientales extremas,Frontera EE.UU.-México,Desconocido,1
27.0936,-98.0946,2016,Norteamérica,United States of America,Condiciones ambientales extremas,Frontera EE.UU.-México,Mexico,1
27.17592,-98.01374,2016,Norteamérica,United States of America,Condiciones ambientales extremas,Frontera EE.UU.-México,Nicaragua,1
26.8819,-98.3596,2016,Norteamérica,United States of America,Condiciones ambientales extremas,Frontera EE.UU.-México,Mexico,1
27.4973,-99.5199,2016,Norteamérica,United States of America,Ahogamiento,Frontera EE.UU.-México,Mexico,1
27.93168,-98.99717,2016,Norteamérica,United States of America,Condiciones ambientales extremas,Frontera EE.UU.-México,Guatemala,1
32.03893,-110.08602,2016,Norteamérica,United States of America,Mixta o desconocida,Frontera EE.UU.-México,Mexico,1
27.44867,-99.49507,2016,Norteamérica,United States of America,Ahogamiento,Frontera EE.UU.-México,Mexico,1
26.2238,-98.4498,2016,Norteamérica,United States of America,Ahogamiento,Frontera EE.UU.-México,Desconocido,1
27.21869,-98.22006,2016,Norteamérica,United States of America,Condiciones ambientales extremas,Frontera EE.UU.-México,Mexico,1
27.35137,-98.84967,2016,Norteamérica,United States of America,Condiciones ambientales extremas,Frontera EE.UU.-México,Guatemala,1
31.93824,-108.92173,2016,Norteamérica,United States of America,Mixta o desconocida,Frontera EE.UU.-México,Mexico,1
27.8584,-99.44702,2016,Norteamérica,United States of America,Condiciones ambientales extremas,Frontera EE.UU.-México,Mexico,1
27.0978,-98.2377,2016,Norteamérica,United States of America,Mixta o desconocida,Frontera EE.UU.-México,Desconocido,1
26.98704,-98.23624,2016,Norteamérica,United States of America,Condiciones ambientales extremas,Frontera EE.UU.-México,El Salvador,1
31.77755,-111.8808,2016,Norteamérica,United States of America,Mixta o desconocida,Frontera EE.UU.-México,Desconocido,1
27.33526,-98.87123,2016,Norteamérica,United States of America,Condiciones ambientales extremas,Frontera EE.UU.-México,Guatemala,1
28.36238,-100.23093,2016,Norteamérica,United States of America,Condiciones ambientales extremas,Frontera EE.UU.-México,Mexico,1
27.06659,-98.10696,2016,Norteamérica,United States of America,Condiciones ambientales extremas,Frontera EE.UU.-México,Honduras,1
27.21932,-98.47812,2016,Norteamérica,United States of America,Condiciones ambientales extremas,Frontera EE.UU.-México,Mexico,1
27.04272,-98.18909,2016,Norteamérica,United States of America,Condiciones ambientales extremas,Frontera EE.UU.-México,Mexico,1
26.18388,-98.40913,2016,Norteamérica,United States of America,Ahogamiento,Frontera EE.UU.-México,Mexico,1
26.2276,-98.4736,2016,Norteamérica,United States of America,Condiciones ambientales extremas,Frontera EE.UU.-México,Mexico,1
32.42052,-113.7979,2016,Norteamérica,United States of America,Mixta o desconocida,Frontera EE.UU.-México,Desconocido,1
27.1853,-98.01879,2016,Norteamérica,United States of America,Mixta o desconocida,Frontera EE.UU.-México,Mexico,1
27.82579,-98.98117,2016,Norteamérica,United States of America,Condiciones ambientales extremas,Frontera EE.UU.-México,Guatemala,1
26.23965,-98.50524,2016,Norteamérica,United States of America,Condiciones ambientales extremas,Frontera EE.UU.-México,Honduras,1
26.26987,-98.65833,2016,Norteamérica,United States of America,Condiciones ambientales extremas,Frontera EE.UU.-México,Desconocido,1
26.41489,-99.02508,2016,Norteamérica,United States of America,Condiciones ambientales extremas,Frontera EE.UU.-México,El Salvador,1
26.28568,-98.60508,2016,Norteamérica,United States of America,Condiciones ambientales extremas,Frontera EE.UU.-México,Mexico,1
26.28568,-98.60508,2016,Norteamérica,United States of America,Condiciones ambientales extremas,Frontera EE.UU.-México,Desconocido,1
26.0638,-97.9371,2016,Norteamérica,United States of America,Mixta o desconocida,Frontera EE.UU.-México,Desconocido,1
27.10419,-98.18559,2016,Norteamérica,United States of America,Condiciones ambientales extremas,Frontera EE.UU.-México,Mexico,1
31.81312,-111.84792,2016,Norteamérica,United States of America,Condiciones ambientales extremas,Frontera EE.UU.-México,Mexico,1
31.46433,-111.309,2016,Norteamérica,United States of America,Mixta o desconocida,Frontera EE.UU.-México,Desconocido,1
26.1317,-98.3307,2016,Norteamérica,United States of America,Ahogamiento,Frontera EE.UU.-México,Desconocido,1
26.2477,-98.5115,2016,Norteamérica,United States of America,Condiciones ambientales extremas,Frontera EE.UU.-México,Mexico,1
27.34893,-98.86276,2016,Norteamérica,United States of America,Condiciones ambientales extremas,Frontera EE.UU.-México,Desconocido,1
28.12217,-99.86423,2016,Norteamérica,United States of America,Condiciones ambientales extremas,Frontera EE.UU.-México,Desconocido,1
32.71577,-114.91953,2016,Norteamérica,United States of America,Accidente de transporte,Frontera EE.UU.-México,Desconocido,1
32.71577,-114.91953,2016,Norteamérica,United States of America,Accidente de transporte,Frontera EE.UU.-México,Desconocido,1
27.04656,-97.79462,2016,Norteamérica,United States of America,Mixta o desconocida,Frontera EE.UU.-México,Guatemala,1
28.19468,-100.10807,2016,Norteamérica,United States of America,Condiciones ambientales extremas,Frontera EE.UU.-México,Honduras,1
26.59518,-97.83403,2016,Norteamérica,United States of America,Mixta o desconocida,Frontera EE.UU.-México,Mexico,1
27.18681,-98.21288,2016,Norteamérica,United States of America,Condiciones ambientales extremas,Frontera EE.UU.-México,Desconocido,1
26.26732,-98.64305,2016,Norteamérica,United States of America,Mixta o desconocida,Frontera EE.UU.-México,Desconocido,1
27.1592,-98.14923,2016,Norteamérica,United States of America,Condiciones ambientales extremas,Frontera EE.UU.-México,Desconocido,1
27.9983,-99.6546,2016,Norteamérica,United States of America,Condiciones ambientales extremas,Frontera EE.UU.-México,Mexico,1
27.12504,-98.22299,2016,Norteamérica,United States of America,Condiciones ambientales extremas,Frontera EE.UU.-México,Desconocido,1
26.93028,-99.35068,2016,Norteamérica,United States of America,Ahogamiento,Frontera EE.UU.-México,Desconocido,1
27.10753,-98.51932,2016,Norteamérica,United States of America,Condiciones ambientales extremas,Frontera EE.UU.-México,Mexico,1
28.62758,-100.4466,2016,Norteamérica,United States of America,Ahogamiento,Frontera EE.UU.-México,Guatemala,1
27.02996,-98.28664,2016,Norteamérica,United States of America,Mixta o desconocida,Frontera EE.UU.-México,Desconocido,1
32.66235,-115.5375,2016,Norteamérica,United States of America,Ahogamiento,Frontera EE.UU.-México,Mexico,1
27.87681,-99.12382,2016,Norteamérica,United States of America,Condiciones ambientales extremas,Frontera EE.UU.-México,Mexico,1
26.1749,-97.6701,2016,Norteamérica,United States of America,Enfermedad o falta de atención,Frontera EE.UU.-México,Mexico,1
32.53469,-117.12396,2016,Norteamérica,United States of America,Ahogamiento,Frontera EE.UU.-México,Mexico,1
27.59838,-99.53681,2016,Norteamérica,United States of America,Ahogamiento,Frontera EE.UU.-México,Desconocido,1
26.27634,-98.57592,2016,Norteamérica,United States of America,Mixta o desconocida,Frontera EE.UU.-México,Desconocido,1
27.42917,-99.4931,2016,Norteamérica,United States of America,Ahogamiento,Frontera EE.UU.-México,Desconocido,1
26.2839,-98.6308,2016,Norteamérica,United States of America,Condiciones ambientales extremas,Frontera EE.UU.-México,El Salvador,1
27.49984,-99.50495,2016,Norteamérica,United States of America,Ahogamiento,Frontera EE.UU.-México,Desconocido,1
26.13512,-98.31409,2016,Norteamérica,United States of America,Enfermedad o falta de atención,Frontera EE.UU.-México,Guatemala,1
28.18333,-99.78777,2016,Norteamérica,United States of America,Condiciones ambientales extremas,Frontera EE.UU.-México,Mexico,1
25.92732,-97.53704,2016,Norteamérica,United States of America,Ahogamiento,Frontera EE.UU.-México,Guatemala,1
28.1457,-99.523,2016,Norteamérica,United States of America,Condiciones ambientales extremas,Frontera EE.UU.-México,Mexico,1
32.50729,-114.80746,2016,Norteamérica,United States of America,Mixta o desconocida,Frontera EE.UU.-México,Desconocido,1
26.24335,-98.50728,2016,Norteamérica,United States of America,Condiciones ambientales extremas,Frontera EE.UU.-México,Mexico,1
27.0852,-98.3261,2016,Norteamérica,United States of America,Condiciones ambientales extremas,Frontera EE.UU.-México,Mexico,1
32.65336,-115.66188,2016,Norteamérica,United States of America,Ahogamiento,Frontera EE.UU.-México,Desconocido,1
27.26485,-98.54495,2016,Norteamérica,United States of America,Condiciones ambientales extremas,Frontera EE.UU.-México,Mexico,1
28.11115,-99.62535,2016,Norteamérica,United States of America,Condiciones ambientales extremas,Frontera EE.UU.-México,Desconocido,1
31.71432,-111.6321,2016,Norteamérica,United States of America,Mixta o desconocida,Frontera EE.UU.-México,Desconocido,1
31.71573,-111.96503,2016,Norteamérica,United States of America,Mixta o desconocida,Frontera EE.UU.-México,Desconocido,1
27.01403,-98.26876,2016,Norteamérica,United States of America,Condiciones ambientales extremas,Frontera EE.UU.-México,El Salvador,1
32.35617,-111.68633,2016,Norteamérica,United States of America,Mixta o desconocida,Frontera EE.UU.-México,Desconocido,1
27.2217,-98.0355,2016,Norteamérica,United States of America,Mixta o desconocida,Frontera EE.UU.-México,Desconocido,1
32.26809,-111.91802,2016,Norteamérica,United States of America,Mixta o desconocida,Frontera EE.UU.-México,Desconocido,1
26.4208,-99.1034,2016,Norteamérica,United States of America,Ahogamiento,Frontera EE.UU.-México,Mexico,1
26.18923,-98.41191,2016,Norteamérica,United States of America,Condiciones ambientales extremas,Frontera EE.UU.-México,Mexico,1
31.72417,-111.9245,2016,Norteamérica,United States of America,Mixta o desconocida,Frontera EE.UU.-México,Desconocido,1
32.60338,-116.75088,2016,Norteamérica,United States of America,Mixta o desconocida,Frontera EE.UU.-México,Desconocido,1
27.17457,-98.12766,2016,Norteamérica,United States of America,Condiciones ambientales extremas,Frontera EE.UU.-México,Mexico,1
27.2568,-98.43647,2016,Norteamérica,United States of America,Condiciones ambientales extremas,Frontera EE.UU.-México,El Salvador,1
27.44838,-99.49462,2016,Norteamérica,United States of America,Ahogamiento,Frontera EE.UU.-México,Desconocido,1
27.35755,-99.50636,2016,Norteamérica,United States of America,Ahogamiento,Frontera EE.UU.-México,Desconocido,1
26.26569,-98.5857,2016,Norteamérica,United States of America,Mixta o desconocida,Frontera EE.UU.-México,El Salvador,1
32.5788,-112.07773,2016,Norteamérica,United States of America,Mixta o desconocida,Frontera EE.UU.-México,Desconocido,1
28.71819,-100.50684,2016,Norteamérica,United States of America,Ahogamiento,Frontera EE.UU.-México,Mexico,1
26.94818,-98.23593,2016,Norteamérica,United States of America,Mixta o desconocida,Frontera EE.UU.-México,Desconocido,1
26.23003,-98.45784,2016,Norteamérica,United States of America,Mixta o desconocida,Frontera EE.UU.-México,El Salvador,1
27.41594,-99.48882,2016,Norteamérica,United States of America,Ahogamiento,Frontera EE.UU.-México,Ecuador,1
27.55524,-99.5162,2016,Norteamérica,United States of America,Ahogamiento,Frontera EE.UU.-México,Rep. Dominicana,1
27.10356,-98.24667,2016,Norteamérica,United States of America,Condiciones ambientales extremas,Frontera EE.UU.-México,Desconocido,1
32.05992,-112.68118,2016,Norteamérica,United States of America,Mixta o desconocida,Frontera EE.UU.-México,Desconocido,1
27.57621,-99.52511,2016,Norteamérica,United States of America,Ahogamiento,Frontera EE.UU.-México,Desconocido,1
26.44208,-99.10167,2016,Norteamérica,United States of America,Condiciones ambientales extremas,Frontera EE.UU.-México,Mexico,1
27.17404,-98.21382,2016,Norteamérica,United States of America,Condiciones ambientales extremas,Frontera EE.UU.-México,Mexico,1
26.16074,-98.3325,2016,Norteamérica,United States of America,Condiciones ambientales extremas,Frontera EE.UU.-México,Mexico,1
31.72388,-112.10657,2016,Norteamérica,United States of America,Mixta o desconocida,Frontera EE.UU.-México,Desconocido,1
27.50869,-99.52615,2016,Norteamérica,United States of America,Ahogamiento,Frontera EE.UU.-México,Honduras,1
32.6965,-115.96319,2016,Norteamérica,United States of America,Mixta o desconocida,Frontera EE.UU.-México,Desconocido,1
27.23543,-98.02534,2016,Norteamérica,United States of America,Condiciones ambientales extremas,Frontera EE.UU.-México,Desconocido,1
27.65928,-99.66625,2016,Norteamérica,United States of America,Ahogamiento,Frontera EE.UU.-México,Mexico,1
31.641,-111.8411,2016,Norteamérica,United States of America,Mixta o desconocida,Frontera EE.UU.-México,Desconocido,1
31.7135,-111.94933,2016,Norteamérica,United States of America,Mixta o desconocida,Frontera EE.UU.-México,Desconocido,1
27.12499,-99.42887,2016,Norteamérica,United States of America,Ahogamiento,Frontera EE.UU.-México,Mexico,1
27.49955,-99.50498,2016,Norteamérica,United States of America,Ahogamiento,Frontera EE.UU.-México,Desconocido,1
27.39264,-99.49238,2016,Norteamérica,United States of America,Ahogamiento,Frontera EE.UU.-México,Brazil,1
27.41141,-99.48747,2016,Norteamérica,United States of America,Ahogamiento,Frontera EE.UU.-México,Mexico,1
26.24665,-98.50095,2016,Norteamérica,United States of America,Mixta o desconocida,Frontera EE.UU.-México,Romania,1
27.44261,-99.49564,2016,Norteamérica,United States of America,Ahogamiento,Frontera EE.UU.-México,Mexico,1
27.13706,-97.90629,2016,Norteamérica,United States of America,Condiciones ambientales extremas,Frontera EE.UU.-México,Guatemala,1
26.0696,-98.08618,2016,Norteamérica,United States of America,Ahogamiento,Frontera EE.UU.-México,Mexico,1
27.36328,-99.50365,2016,Norteamérica,United States of America,Ahogamiento,Frontera EE.UU.-México,Mexico,1
26.0861,-98.2647,2016,Norteamérica,United States of America,Ahogamiento,Frontera EE.UU.-México,Mexico,1
26.98024,-98.26747,2016,Norteamérica,United States of America,Mixta o desconocida,Frontera EE.UU.-México,Desconocido,1
27.25394,-97.87321,2016,Norteamérica,United States of America,Mixta o desconocida,Frontera EE.UU.-México,El Salvador,1
26.15283,-98.26518,2016,Norteamérica,United States of America,Enfermedad o falta de atención,Frontera EE.UU.-México,El Salvador,1
27.1943,-98.2285,2016,Norteamérica,United States of America,Condiciones ambientales extremas,Frontera EE.UU.-México,Desconocido,1
27.18236,-98.34275,2016,Norteamérica,United States of America,Mixta o desconocida,Frontera EE.UU.-México,Desconocido,1
32.70551,-115.00029,2016,Norteamérica,United States of America,Ahogamiento,Frontera EE.UU.-México,Desconocido,1
27.07318,-98.26503,2016,Norteamérica,United States of America,Mixta o desconocida,Frontera EE.UU.-México,Desconocido,1
26.1868,-98.2257,2016,Norteamérica,United States of America,Condiciones ambientales extremas,Frontera EE.UU.-México,Brazil,1
32.0157,-111.25023,2016,Norteamérica,United States of America,Mixta o desconocida,Frontera EE.UU.-México,Desconocido,1
27.40212,-99.48875,2016,Norteamérica,United States of America,Ahogamiento,Frontera EE.UU.-México,Mexico,1
27.32388,-99.52811,2016,Norteamérica,United States of America,Ahogamiento,Frontera EE.UU.-México,Desconocido,1
27.35973,-99.50516,2016,Norteamérica,United States of America,Ahogamiento,Frontera EE.UU.-México,Desconocido,1
27.49294,-99.49339,2016,Norteamérica,United States of America,Ahogamiento,Frontera EE.UU.-México,Mexico,1
27.14723,-98.1497,2016,Norteamérica,United States of America,Mixta o desconocida,Frontera EE.UU.-México,Mexico,1
26.10605,-98.27049,2016,Norteamérica,United States of America,Mixta o desconocida,Frontera EE.UU.-México,Guatemala,1
32.41394,-115.41953,2016,Norteamérica,United States of America,Ahogamiento,Frontera EE.UU.-México,Desconocido,1
32.77462,-115.56896,2016,Norteamérica,United States of America,Mixta o desconocida,Frontera EE.UU.-México,Desconocido,1
32.65332,-115.66193,2016,Norteamérica,United States of America,Ahogamiento,Frontera EE.UU.-México,Desconocido,1
32.77365,-116.08461,2016,Norteamérica,United States of America,Mixta o desconocida,Frontera EE.UU.-México,Desconocido,1
33.15451,-115.275,2016,Norteamérica,United States of America,Ahogamiento,Frontera EE.UU.-México,Desconocido,1
32.1117,-112.9925,2017,Norteamérica,United States of America,Mixta o desconocida,Frontera EE.UU.-México,Mexico,1
31.91683,-112.93808,2017,Norteamérica,United States of America,Mixta o desconocida,Frontera EE.UU.-México,Desconocido,1
26.0858723,-98.2557676,2017,Norteamérica,United States of America,Mixta o desconocida,Frontera EE.UU.-México,Mexico,1
31.700433,-111.700666,2017,Norteamérica,United States of America,Mixta o desconocida,Frontera EE.UU.-México,Desconocido,1
32.31711,-113.13486,2017,Norteamérica,United States of America,Mixta o desconocida,Frontera EE.UU.-México,Desconocido,1
32.31711,-113.13483,2017,Norteamérica,United States of America,Mixta o desconocida,Frontera EE.UU.-México,Desconocido,1
32.30597,-113.09133,2017,Norteamérica,United States of America,Mixta o desconocida,Frontera EE.UU.-México,Desconocido,1
27.0227822,-98.5412384,2017,Norteamérica,United States of America,Mixta o desconocida,Frontera EE.UU.-México,Desconocido,1
27.13979415,-98.30781523,2017,Norteamérica,United States of America,Mixta o desconocida,Frontera EE.UU.-México,Desconocido,1
31.68753,-111.98465,2017,Norteamérica,United States of America,Mixta o desconocida,Frontera EE.UU.-México,Desconocido,1
32.06821,-112.4018,2017,Norteamérica,United States of America,Mixta o desconocida,Frontera EE.UU.-México,Desconocido,1
26.5101629,-99.0262463,2017,Norteamérica,United States of America,Mixta o desconocida,Frontera EE.UU.-México,Desconocido,1
27.1934864,-104.1453631,2017,Centroamérica,Mexico,Accidente de transporte,Sin ruta registrada,Honduras,1
28.05177,-99.58791,2017,Norteamérica,United States of America,Violencia,Frontera EE.UU.-México,Mexico,1
25.8433787,-97.5849845,2017,Centroamérica,Mexico,Ahogamiento,Frontera EE.UU.-México,Mexico,1
26.0525676,-98.3662434,2017,Centroamérica,Mexico,Ahogamiento,Frontera EE.UU.-México,El Salvador,1
19.5488493,-71.721089,2017,Caribe,Dominican Republic,Mixta o desconocida,Haití a Rep. Dominicana,Haiti,1
32.11655,-111.67701,2017,Norteamérica,United States of America,Mixta o desconocida,Frontera EE.UU.-México,Desconocido,1
26.0525676,-98.3662434,2017,Centroamérica,Mexico,Ahogamiento,Frontera EE.UU.-México,Guatemala,1
19.4126575,-98.1572127,2017,Centroamérica,Mexico,Violencia,Sin ruta registrada,Honduras,1
27.4565378,-99.5698487,2017,Centroamérica,Mexico,Ahogamiento,Frontera EE.UU.-México,Desconocido,1
27.0273057,-98.39295928,2017,Norteamérica,United States of America,Mixta o desconocida,Frontera EE.UU.-México,Desconocido,1
27.1835782,-98.0559246,2017,Norteamérica,United States of America,Mixta o desconocida,Frontera EE.UU.-México,Desconocido,1
26.0525676,-98.3662434,2017,Centroamérica,Mexico,Ahogamiento,Frontera EE.UU.-México,El Salvador,1
32.45399,-113.18415,2017,Norteamérica,United States of America,Mixta o desconocida,Frontera EE.UU.-México,Desconocido,1
32.0145,-112.06358,2017,Norteamérica,United States of America,Mixta o desconocida,Frontera EE.UU.-México,Desconocido,1
27.1058788,-98.2058397,2017,Norteamérica,United States of America,Mixta o desconocida,Frontera EE.UU.-México,Desconocido,1
27.60315357,-99.58366425,2017,Norteamérica,United States of America,Ahogamiento,Frontera EE.UU.-México,Ecuador,1
26.0525676,-98.3662434,2017,Centroamérica,Mexico,Ahogamiento,Frontera EE.UU.-México,El Salvador,1
32.66688991,-115.46015872,2017,Centroamérica,Mexico,Mixta o desconocida,Frontera EE.UU.-México,Nicaragua,1
21.6530791,-72.0586737,2017,Caribe,Turks and Caicos Islands,Ahogamiento,Sin ruta registrada,Haiti,68
25.8433787,-97.5849845,2017,Centroamérica,Mexico,Ahogamiento,Frontera EE.UU.-México,Desconocido,1
26.22018546,-98.47763265,2017,Norteamérica,United States of America,Ahogamiento,Frontera EE.UU.-México,Honduras,1
26.06549106,-97.93420931,2017,Norteamérica,United States of America,Ahogamiento,Frontera EE.UU.-México,Desconocido,1
18.48899382,-67.17726982,2017,Caribe,Puerto Rico,Ahogamiento,Rep. Dominicana a Puerto Rico,Rep. Dominicana,2
26.2275051,-98.51294518,2017,Norteamérica,United States of America,Ahogamiento,Frontera EE.UU.-México,El Salvador,1
26.2275051,-98.51294518,2017,Norteamérica,United States of America,Ahogamiento,Frontera EE.UU.-México,Mexico,1
32.3088,-111.395217,2017,Norteamérica,United States of America,Mixta o desconocida,Frontera EE.UU.-México,Desconocido,1
26.81693967,-99.24348542,2017,Norteamérica,United States of America,Ahogamiento,Frontera EE.UU.-México,Ecuador,2
27.02898844,-98.02606837,2017,Norteamérica,United States of America,Mixta o desconocida,Frontera EE.UU.-México,Desconocido,1
28.6919315,-100.514183,2017,Norteamérica,United States of America,Mixta o desconocida,Frontera EE.UU.-México,Desconocido,1
32.83194576,-117.28843784,2017,Norteamérica,United States of America,Condiciones ambientales extremas,Frontera EE.UU.-México,Mexico,5
32.69422005,-115.46553581,2017,Norteamérica,United States of America,Ahogamiento,Frontera EE.UU.-México,Desconocido,1
19.6939138,-71.3156315,2017,Caribe,Dominican Republic,Accidente de transporte,Haití a Rep. Dominicana,Haiti,3
31.4246,-111.2435,2017,Norteamérica,United States of America,Mixta o desconocida,Frontera EE.UU.-México,Desconocido,1
27.4565378,-99.5698487,2017,Centroamérica,Mexico,Ahogamiento,Frontera EE.UU.-México,Desconocido,1
28.6910517,-100.5801829,2017,Centroamérica,Mexico,Ahogamiento,Frontera EE.UU.-México,Honduras,1
26.0525676,-98.3662434,2017,Centroamérica,Mexico,Ahogamiento,Frontera EE.UU.-México,El Salvador,1
28.7091433,-100.4995214,2017,Norteamérica,United States of America,Ahogamiento,Frontera EE.UU.-México,Desconocido,1
28.6910517,-100.5801829,2017,Centroamérica,Mexico,Ahogamiento,Frontera EE.UU.-México,Honduras,1
28.6910517,-100.5801829,2017,Centroamérica,Mexico,Ahogamiento,Frontera EE.UU.-México,Honduras,1
27.13414255,-98.06452052,2017,Norteamérica,United States of America,Mixta o desconocida,Frontera EE.UU.-México,Desconocido,1
26.0713913,-108.7840381,2017,Centroamérica,Mexico,Accidente de transporte,Sin ruta registrada,Mexico,1
19.1834166,-96.1866971,2017,Centroamérica,Mexico,Accidente de transporte,Sin ruta registrada,Guatemala,1
29.1741116,-100.7961302,2017,Centroamérica,Mexico,Ahogamiento,Frontera EE.UU.-México,Honduras,1
27.4565378,-99.5698487,2017,Centroamérica,Mexico,Ahogamiento,Frontera EE.UU.-México,Desconocido,1
23.25788348,-106.41940534,2017,Centroamérica,Mexico,Accidente de transporte,Sin ruta registrada,Desconocido,1
20.7684452,-104.0882357,2017,Centroamérica,Mexico,Accidente de transporte,Sin ruta registrada,Desconocido,1
27.1058788,-98.2058397,2017,Norteamérica,United States of America,Mixta o desconocida,Frontera EE.UU.-México,Desconocido,1
27.15613905,-98.27326076,2017,Norteamérica,United States of America,Mixta o desconocida,Frontera EE.UU.-México,Desconocido,1
31.90777,-110.40457,2017,Norteamérica,United States of America,Mixta o desconocida,Frontera EE.UU.-México,Desconocido,1
32.08317,-112.29913,2017,Norteamérica,United States of America,Mixta o desconocida,Frontera EE.UU.-México,Desconocido,1
27.4565378,-99.5698487,2017,Centroamérica,Mexico,Ahogamiento,Frontera EE.UU.-México,Desconocido,1
32.31615,-113.08218,2017,Norteamérica,United States of America,Mixta o desconocida,Frontera EE.UU.-México,Desconocido,1
32.28982,-113.08218,2017,Norteamérica,United States of America,Mixta o desconocida,Frontera EE.UU.-México,Desconocido,1
27.1058788,-98.2058397,2017,Norteamérica,United States of America,Mixta o desconocida,Frontera EE.UU.-México,Desconocido,1
32.16779,-113.11262,2017,Norteamérica,United States of America,Mixta o desconocida,Frontera EE.UU.-México,Desconocido,1
27.1835782,-98.0559246,2017,Norteamérica,United States of America,Mixta o desconocida,Frontera EE.UU.-México,Desconocido,1
30.685279,-104.684177,2017,Norteamérica,United States of America,Mixta o desconocida,Frontera EE.UU.-México,Guatemala,1
31.847404,-111.404717,2017,Norteamérica,United States of America,Mixta o desconocida,Frontera EE.UU.-México,Desconocido,1
19.6955139,-98.8961571,2017,Centroamérica,Mexico,Accidente de transporte,Sin ruta registrada,Desconocido,1
32.29002,-113.08218,2017,Norteamérica,United States of America,Mixta o desconocida,Frontera EE.UU.-México,Desconocido,1
18.8366003,-97.1100425,2017,Centroamérica,Mexico,Ahogamiento,Sin ruta registrada,Honduras,1
31.95165,-112.83267,2017,Norteamérica,United States of America,Mixta o desconocida,Frontera EE.UU.-México,Desconocido,1
31.745261,-111.855706,2017,Norteamérica,United States of America,Mixta o desconocida,Frontera EE.UU.-México,Desconocido,1
27.9147934,-110.9429356,2017,Centroamérica,Mexico,Accidente de transporte,Sin ruta registrada,Desconocido,2
31.85898,-112.40396,2017,Norteamérica,United States of America,Mixta o desconocida,Frontera EE.UU.-México,Desconocido,1
27.2403194,-98.2044504,2017,Norteamérica,United States of America,Mixta o desconocida,Frontera EE.UU.-México,Desconocido,1
32.393333,-113.1245,2017,Norteamérica,United States of America,Mixta o desconocida,Frontera EE.UU.-México,Desconocido,1
18.7658496,-69.040668,2017,Caribe,Dominican Republic,Ahogamiento,Rep. Dominicana a Puerto Rico,Rep. Dominicana,12
31.820317,-112.141433,2017,Norteamérica,United States of America,Mixta o desconocida,Frontera EE.UU.-México,Desconocido,1
20.4785052,-100.97811,2017,Centroamérica,Mexico,Accidente de transporte,Sin ruta registrada,Desconocido,1
28.6910517,-100.5801829,2017,Centroamérica,Mexico,Ahogamiento,Frontera EE.UU.-México,Desconocido,1
32.1927,-108.307,2017,Norteamérica,United States of America,Accidente de transporte,Frontera EE.UU.-México,Mexico,1
15.12214,-92.7137316,2017,Centroamérica,Mexico,Accidente de transporte,Sin ruta registrada,Desconocido,1
31.49293,-111.40696,2017,Norteamérica,United States of America,Enfermedad o falta de atención,Frontera EE.UU.-México,Mexico,1
31.77614,-111.23924,2017,Norteamérica,United States of America,Mixta o desconocida,Frontera EE.UU.-México,Desconocido,1
27.11458647,-98.22519557,2017,Norteamérica,United States of America,Mixta o desconocida,Frontera EE.UU.-México,Desconocido,1
27.4565378,-99.5698487,2017,Centroamérica,Mexico,Ahogamiento,Frontera EE.UU.-México,Brazil,1
32.08903,-113.25421,2017,Norteamérica,United States of America,Mixta o desconocida,Frontera EE.UU.-México,Desconocido,1
27.0273057,-98.2212979,2017,Norteamérica,United States of America,Mixta o desconocida,Frontera EE.UU.-México,Desconocido,1
26.0525676,-98.3662434,2017,Centroamérica,Mexico,Ahogamiento,Frontera EE.UU.-México,Desconocido,1
13.8197751,-89.2587345,2017,Centroamérica,El Salvador,Accidente de transporte,Sin ruta registrada,Honduras,1
32.170217,-112.376717,2017,Norteamérica,United States of America,Mixta o desconocida,Frontera EE.UU.-México,Desconocido,1
31.9442,-113.018383,2017,Norteamérica,United States of America,Mixta o desconocida,Frontera EE.UU.-México,Desconocido,1
32.39057,-113.115,2017,Norteamérica,United States of America,Mixta o desconocida,Frontera EE.UU.-México,Mexico,1
26.0525676,-98.3662434,2017,Centroamérica,Mexico,Ahogamiento,Frontera EE.UU.-México,Peru,2
16.3206382,-95.2577001,2017,Centroamérica,Mexico,Accidente de transporte,Sin ruta registrada,Honduras,1
32.01978,-112.15991,2017,Norteamérica,United States of America,Mixta o desconocida,Frontera EE.UU.-México,Desconocido,1
27.0297523,-98.29682891,2017,Norteamérica,United States of America,Mixta o desconocida,Frontera EE.UU.-México,Desconocido,1
25.4303723,-101.0537851,2017,Centroamérica,Mexico,Accidente de transporte,Sin ruta registrada,Honduras,1
16.1214346,-92.0618762,2017,Centroamérica,Mexico,Accidente de transporte,Sin ruta registrada,El Salvador,1
17.8336386,-93.9362737,2017,Centroamérica,Mexico,Violencia,Sin ruta registrada,Honduras,1
18.1346253,-94.4979664,2017,Centroamérica,Mexico,Violencia,Sin ruta registrada,Honduras,2
31.70533,-112.00406,2017,Norteamérica,United States of America,Mixta o desconocida,Frontera EE.UU.-México,Desconocido,1
17.827772,-93.4087205,2017,Centroamérica,Mexico,Violencia,Sin ruta registrada,Honduras,1
20.4628344,-103.4530629,2017,Centroamérica,Mexico,Mixta o desconocida,Sin ruta registrada,Desconocido,1
33.382683,-112.254217,2017,Norteamérica,United States of America,Mixta o desconocida,Frontera EE.UU.-México,Desconocido,1
26.0525676,-98.3662434,2017,Centroamérica,Mexico,Ahogamiento,Frontera EE.UU.-México,Desconocido,1
27.4531416,-99.6148525,2017,Centroamérica,Mexico,Ahogamiento,Frontera EE.UU.-México,Desconocido,1
26.0713913,-108.7840381,2017,Centroamérica,Mexico,Ahogamiento,Sin ruta registrada,Mexico,1
26.06898199,-108.78504661,2017,Centroamérica,Mexico,Accidente de transporte,Sin ruta registrada,Desconocido,1
19.9806027,-99.1847128,2017,Centroamérica,Mexico,Accidente de transporte,Sin ruta registrada,Desconocido,1
27.08054477,-98.19030762,2017,Norteamérica,United States of America,Mixta o desconocida,Frontera EE.UU.-México,Desconocido,1
17.9473795,-93.6800339,2017,Centroamérica,Mexico,Accidente de transporte,Sin ruta registrada,Honduras,1
26.0525676,-98.3662434,2017,Centroamérica,Mexico,Ahogamiento,Frontera EE.UU.-México,Desconocido,1
26.24398248,-98.55774029,2017,Norteamérica,United States of America,Mixta o desconocida,Frontera EE.UU.-México,Mexico,1
26.5758125,-98.0838125,2017,Norteamérica,United States of America,Mixta o desconocida,Frontera EE.UU.-México,Mexico,1
31.79776,-112.12161,2017,Norteamérica,United States of America,Mixta o desconocida,Frontera EE.UU.-México,Desconocido,1
27.09277144,-98.09280396,2017,Norteamérica,United States of America,Mixta o desconocida,Frontera EE.UU.-México,Desconocido,1
27.4565378,-99.5698487,2017,Centroamérica,Mexico,Ahogamiento,Frontera EE.UU.-México,Desconocido,1
26.5634143,-99.2378544,2017,Centroamérica,Mexico,Ahogamiento,Frontera EE.UU.-México,Honduras,1
25.8487649,-97.5613236,2017,Centroamérica,Mexico,Ahogamiento,Frontera EE.UU.-México,Desconocido,1
26.196888,-98.4066512,2017,Norteamérica,United States of America,Ahogamiento,Frontera EE.UU.-México,Desconocido,1
32.2623,-111.57253,2017,Norteamérica,United States of America,Mixta o desconocida,Frontera EE.UU.-México,Desconocido,1
32.34637,-113.11729,2017,Norteamérica,United States of America,Mixta o desconocida,Frontera EE.UU.-México,Honduras,1
31.9758,-112.988183,2017,Norteamérica,United States of America,Mixta o desconocida,Frontera EE.UU.-México,Desconocido,1
18.4753002,-68.2693061,2017,Caribe,Dominican Republic,Ahogamiento,Rep. Dominicana a Puerto Rico,Desconocido,8
26.0669181,-108.7904701,2017,Centroamérica,Mexico,Accidente de transporte,Sin ruta registrada,Desconocido,1
27.4565378,-99.5698487,2017,Centroamérica,Mexico,Ahogamiento,Frontera EE.UU.-México,Desconocido,1
27.478185,-99.480441,2017,Centroamérica,Mexico,Ahogamiento,Frontera EE.UU.-México,Desconocido,1
32.328767,-113.118367,2017,Norteamérica,United States of America,Mixta o desconocida,Frontera EE.UU.-México,Desconocido,1
26.71749178,-108.44393939,2017,Centroamérica,Mexico,Accidente de transporte,Sin ruta registrada,Desconocido,1
20.4660351,-97.258777,2017,Centroamérica,Mexico,Accidente de transporte,Sin ruta registrada,El Salvador,2
26.0525676,-98.3662434,2017,Centroamérica,Mexico,Ahogamiento,Frontera EE.UU.-México,Brazil,1
32.11713,-113.00212,2017,Norteamérica,United States of America,Mixta o desconocida,Frontera EE.UU.-México,Desconocido,1
27.478185,-99.480441,2017,Centroamérica,Mexico,Ahogamiento,Frontera EE.UU.-México,Desconocido,1
29.0729673,-110.9559192,2017,Centroamérica,Mexico,Accidente de transporte,Sin ruta registrada,Desconocido,1
32.3594779,-117.1274425,2017,Centroamérica,Mexico,Ahogamiento,Sin ruta registrada,Guatemala,1
27.478185,-99.480441,2017,Centroamérica,Mexico,Ahogamiento,Frontera EE.UU.-México,Desconocido,1
17.9125475,-94.0875367,2017,Centroamérica,Mexico,Accidente de transporte,Sin ruta registrada,Desconocido,1
25.10864487,-76.17220031,2017,Caribe,Bahamas,Ahogamiento,Sin ruta registrada,Haiti,1
27.49997261,-99.50242991,2017,Centroamérica,Mexico,Ahogamiento,Frontera EE.UU.-México,Desconocido,1
31.884333,-111.806183,2017,Norteamérica,United States of America,Mixta o desconocida,Frontera EE.UU.-México,Desconocido,1
31.98845,-112.149283,2017,Norteamérica,United States of America,Mixta o desconocida,Frontera EE.UU.-México,Mexico,1
27.496868,-99.4534926,2017,Centroamérica,Mexico,Ahogamiento,Frontera EE.UU.-México,Desconocido,1
27.1688614,-98.1343864,2017,Norteamérica,United States of America,Condiciones ambientales extremas,Frontera EE.UU.-México,Desconocido,1
26.1372696,-97.9016701,2017,Norteamérica,United States of America,Ahogamiento,Frontera EE.UU.-México,El Salvador,1
33.4566486,-112.3889235,2017,Norteamérica,United States of America,Condiciones ambientales extremas,Frontera EE.UU.-México,Mexico,1
31.80328,-112.40016,2017,Norteamérica,United States of America,Condiciones ambientales extremas,Frontera EE.UU.-México,Desconocido,1
27.0108273,-98.18069458,2017,Norteamérica,United States of America,Mixta o desconocida,Frontera EE.UU.-México,Desconocido,1
28.6919315,-100.514183,2017,Norteamérica,United States of America,Accidente de transporte,Frontera EE.UU.-México,Honduras,1
48.9112874,-96.3547818,2017,Norteamérica,United States of America,Condiciones ambientales extremas,Sin ruta registrada,Ghana,1
32.41068,-113.13601,2017,Norteamérica,United States of America,Mixta o desconocida,Frontera EE.UU.-México,Desconocido,1
32.54941,-113.13165,2017,Norteamérica,United States of America,Mixta o desconocida,Frontera EE.UU.-México,Desconocido,1
18.2924915,-96.2979667,2017,Centroamérica,Mexico,Accidente de transporte,Sin ruta registrada,Guatemala,1
26.7865583,-101.4323641,2017,Centroamérica,Mexico,Accidente de transporte,Sin ruta registrada,Desconocido,1
32.757533,-113.174067,2017,Norteamérica,United States of America,Mixta o desconocida,Frontera EE.UU.-México,Desconocido,1
28.75335,-100.44232,2017,Norteamérica,United States of America,Condiciones ambientales extremas,Frontera EE.UU.-México,Mexico,1
27.5376177,-99.4540452,2017,Centroamérica,Mexico,Ahogamiento,Frontera EE.UU.-México,Guatemala,1
26.1025497,-98.365442,2017,Centroamérica,Mexico,Ahogamiento,Frontera EE.UU.-México,Desconocido,1
32.4503,-113.13721,2017,Norteamérica,United States of America,Mixta o desconocida,Frontera EE.UU.-México,Desconocido,1
32.43983,-113.13195,2017,Norteamérica,United States of America,Mixta o desconocida,Frontera EE.UU.-México,Desconocido,1
32.43381,-113.12862,2017,Norteamérica,United States of America,Mixta o desconocida,Frontera EE.UU.-México,Honduras,1
25.4508878,-102.2144018,2017,Centroamérica,Mexico,Mixta o desconocida,Sin ruta registrada,Desconocido,1
31.882383,-112.16165,2017,Norteamérica,United States of America,Mixta o desconocida,Frontera EE.UU.-México,Desconocido,1
32.601267,-112.671433,2017,Norteamérica,United States of America,Violencia,Frontera EE.UU.-México,Desconocido,1
32.034241,-111.339419,2017,Norteamérica,United States of America,Condiciones ambientales extremas,Frontera EE.UU.-México,Guatemala,1
28.6791752,-100.5216602,2017,Centroamérica,Mexico,Ahogamiento,Frontera EE.UU.-México,Desconocido,1
31.76012,-111.42261,2017,Norteamérica,United States of America,Condiciones ambientales extremas,Frontera EE.UU.-México,Honduras,1
32.31955,-112.5273,2017,Norteamérica,United States of America,Mixta o desconocida,Frontera EE.UU.-México,Desconocido,1
32.66452279,-115.52908291,2017,Norteamérica,United States of America,Ahogamiento,Frontera EE.UU.-México,Desconocido,1
26.2506568,-98.4916346,2017,Norteamérica,United States of America,Mixta o desconocida,Frontera EE.UU.-México,Guatemala,1
29.322646,-101.0053844,2017,Centroamérica,Mexico,Ahogamiento,Frontera EE.UU.-México,Mexico,1
31.98217,-112.13511,2017,Norteamérica,United States of America,Mixta o desconocida,Frontera EE.UU.-México,Desconocido,1
31.64953,-111.45708,2017,Norteamérica,United States of America,Mixta o desconocida,Frontera EE.UU.-México,Desconocido,1
28.16011482,-100.20800131,2017,Norteamérica,United States of America,Mixta o desconocida,Frontera EE.UU.-México,Mexico,1
32.44072,-113.11978,2017,Norteamérica,United States of America,Mixta o desconocida,Frontera EE.UU.-México,Guatemala,1
32.41934,-113.13554,2017,Norteamérica,United States of America,Mixta o desconocida,Frontera EE.UU.-México,Desconocido,1
32.41131,-113.13784,2017,Norteamérica,United States of America,Mixta o desconocida,Frontera EE.UU.-México,Desconocido,1
32.41175,-113.13807,2017,Norteamérica,United States of America,Mixta o desconocida,Frontera EE.UU.-México,Desconocido,1
32.41754,-113.1268,2017,Norteamérica,United States of America,Mixta o desconocida,Frontera EE.UU.-México,Desconocido,1
32.42663,-113.12548,2017,Norteamérica,United States of America,Mixta o desconocida,Frontera EE.UU.-México,Desconocido,1
32.45975,-113.12954,2017,Norteamérica,United States of America,Mixta o desconocida,Frontera EE.UU.-México,Desconocido,1
32.46414,-113.13318,2017,Norteamérica,United States of America,Mixta o desconocida,Frontera EE.UU.-México,Desconocido,1
26.11825501,-98.26521003,2017,Norteamérica,United States of America,Ahogamiento,Frontera EE.UU.-México,El Salvador,1
33.5063335,-117.6838078,2017,Norteamérica,United States of America,Mixta o desconocida,Frontera EE.UU.-México,Mexico,1
28.5085892,-100.3105718,2017,Norteamérica,United States of America,Condiciones ambientales extremas,Frontera EE.UU.-México,Mexico,1
27.15247327,-98.20047633,2017,Norteamérica,United States of America,Enfermedad o falta de atención,Frontera EE.UU.-México,Guatemala,1
27.0227822,-98.5412384,2017,Norteamérica,United States of America,Condiciones ambientales extremas,Frontera EE.UU.-México,Desconocido,1
27.2196887,-98.1665859,2017,Norteamérica,United States of America,Mixta o desconocida,Frontera EE.UU.-México,Desconocido,1
23.0902207,-106.1527717,2017,Centroamérica,Mexico,Accidente de transporte,Sin ruta registrada,Honduras,1
26.2024694,-98.4030222,2017,Norteamérica,United States of America,Condiciones ambientales extremas,Frontera EE.UU.-México,Guatemala,1
27.211565,-98.133014,2017,Norteamérica,United States of America,Mixta o desconocida,Frontera EE.UU.-México,Desconocido,1
29.5409213,-105.61934,2017,Centroamérica,Mexico,Ahogamiento,Frontera EE.UU.-México,Desconocido,2
31.90665,-111.337367,2017,Norteamérica,United States of America,Condiciones ambientales extremas,Frontera EE.UU.-México,Guatemala,1
32.40368,-111.5488,2017,Norteamérica,United States of America,Condiciones ambientales extremas,Frontera EE.UU.-México,Mexico,1
32.3334,-113.1181,2017,Norteamérica,United States of America,Mixta o desconocida,Frontera EE.UU.-México,Mexico,1
27.13490569,-98.23503081,2017,Norteamérica,United States of America,Mixta o desconocida,Frontera EE.UU.-México,El Salvador,1
27.14712643,-98.23777739,2017,Norteamérica,United States of America,Mixta o desconocida,Frontera EE.UU.-México,Mexico,1
31.793083,-111.852183,2017,Norteamérica,United States of America,Condiciones ambientales extremas,Frontera EE.UU.-México,Desconocido,1
27.1971781,-101.3626161,2017,Centroamérica,Mexico,Ahogamiento,Frontera EE.UU.-México,Mexico,1
28.6919315,-100.514183,2017,Norteamérica,United States of America,Ahogamiento,Frontera EE.UU.-México,Mexico,1
18.5368514,-68.8987426,2017,Caribe,Dominican Republic,Ahogamiento,Rep. Dominicana a Puerto Rico,Desconocido,1
16.40602,-95.6114956,2017,Centroamérica,Mexico,Accidente de transporte,Sin ruta registrada,El Salvador,1
26.0675271,-98.075316,2017,Norteamérica,United States of America,Ahogamiento,Frontera EE.UU.-México,Mexico,1
26.97656426,-98.29742432,2017,Norteamérica,United States of America,Mixta o desconocida,Frontera EE.UU.-México,Mexico,1
31.70756,-112.00154,2017,Norteamérica,United States of America,Mixta o desconocida,Frontera EE.UU.-México,Mexico,1
27.39193,-98.35785,2017,Norteamérica,United States of America,Mixta o desconocida,Frontera EE.UU.-México,Mexico,1
32.106783,-112.969983,2017,Norteamérica,United States of America,Mixta o desconocida,Frontera EE.UU.-México,Desconocido,1
17.6385911,-92.1968964,2017,Centroamérica,Mexico,Accidente de transporte,Sin ruta registrada,Honduras,1
26.4161063,-108.6354629,2017,Centroamérica,Mexico,Ahogamiento,Sin ruta registrada,Desconocido,1
32.06269,-112.47641,2017,Norteamérica,United States of America,Mixta o desconocida,Frontera EE.UU.-México,Desconocido,1
31.9984,-113.0138,2017,Norteamérica,United States of America,Mixta o desconocida,Frontera EE.UU.-México,Desconocido,1
32.22316,-112.923,2017,Norteamérica,United States of America,Condiciones ambientales extremas,Frontera EE.UU.-México,Mexico,1
26.0229447,-98.2992095,2017,Centroamérica,Mexico,Ahogamiento,Frontera EE.UU.-México,Desconocido,1
27.2200704,-98.1645255,2017,Norteamérica,United States of America,Condiciones ambientales extremas,Frontera EE.UU.-México,Guatemala,1
31.764317,-111.390167,2017,Norteamérica,United States of America,Mixta o desconocida,Frontera EE.UU.-México,Mexico,1
31.764317,-111.390147,2017,Norteamérica,United States of America,Mixta o desconocida,Frontera EE.UU.-México,Mexico,1
28.5285009,-99.876448,2017,Norteamérica,United States of America,Condiciones ambientales extremas,Frontera EE.UU.-México,Mexico,1
31.735367,-111.835983,2017,Norteamérica,United States of America,Condiciones ambientales extremas,Frontera EE.UU.-México,Desconocido,1
27.07687651,-98.18893433,2017,Norteamérica,United States of America,Condiciones ambientales extremas,Frontera EE.UU.-México,El Salvador,1
31.92472444,-112.89901374,2017,Norteamérica,United States of America,Mixta o desconocida,Frontera EE.UU.-México,Mexico,1
19.6655458,-71.5056249,2017,Caribe,Dominican Republic,Ahogamiento,Haití a Rep. Dominicana,Haiti,6
26.0953642,-98.2718727,2017,Centroamérica,Mexico,Ahogamiento,Frontera EE.UU.-México,Desconocido,1
32.35445,-111.56925,2017,Norteamérica,United States of America,Mixta o desconocida,Frontera EE.UU.-México,Guatemala,1
32.62485982,-115.45356274,2017,Centroamérica,Mexico,Accidente de transporte,Frontera EE.UU.-México,Desconocido,1
27.47671783,-99.48125177,2017,Centroamérica,Mexico,Ahogamiento,Frontera EE.UU.-México,Desconocido,1
26.1266867,-101.0753352,2017,Centroamérica,Mexico,Accidente de transporte,Sin ruta registrada,Desconocido,1
25.89896766,-97.49791295,2017,Norteamérica,United States of America,Ahogamiento,Frontera EE.UU.-México,Desconocido,1
27.13047604,-98.23892848,2017,Norteamérica,United States of America,Condiciones ambientales extremas,Frontera EE.UU.-México,Mexico,1
27.46171108,-99.486866,2017,Centroamérica,Mexico,Ahogamiento,Frontera EE.UU.-México,Desconocido,1
32.126939,-112.410878,2017,Norteamérica,United States of America,Mixta o desconocida,Frontera EE.UU.-México,Desconocido,1
29.45863204,-98.55459899,2017,Norteamérica,United States of America,Mixta o desconocida,Frontera EE.UU.-México,Ecuador,10
31.91138,-111.3925,2017,Norteamérica,United States of America,Mixta o desconocida,Frontera EE.UU.-México,Desconocido,1
14.9958182,-92.1671288,2017,Centroamérica,Mexico,Violencia,Sin ruta registrada,El Salvador,1
31.74771919,-106.48776828,2017,Norteamérica,United States of America,Ahogamiento,Frontera EE.UU.-México,Guatemala,5
26.08430186,-98.27660909,2017,Centroamérica,Mexico,Ahogamiento,Frontera EE.UU.-México,Honduras,1
15.4329682,-92.8978399,2017,Centroamérica,Mexico,Accidente de transporte,Sin ruta registrada,Guatemala,1
28.69575918,-100.51056397,2017,Centroamérica,Mexico,Ahogamiento,Frontera EE.UU.-México,Mexico,1
32.3624,-113.1166,2017,Norteamérica,United States of America,Mixta o desconocida,Frontera EE.UU.-México,Desconocido,1
26.03068939,-99.20537314,2017,Centroamérica,Mexico,Accidente de transporte,Sin ruta registrada,Desconocido,1
16.2865309,-94.1929799,2017,Centroamérica,Mexico,Accidente de transporte,Sin ruta registrada,Desconocido,1
31.9237,-112.9088,2017,Norteamérica,United States of America,Mixta o desconocida,Frontera EE.UU.-México,Desconocido,1
11.67349817,-86.37894783,2017,Centroamérica,Nicaragua,Ahogamiento,Sin ruta registrada,Desconocido,4
32.58088428,-116.87255563,2017,Norteamérica,United States of America,Condiciones ambientales extremas,Frontera EE.UU.-México,Mexico,1
27.47437123,-99.48257446,2017,Centroamérica,Mexico,Ahogamiento,Frontera EE.UU.-México,Desconocido,3
32.19935,-111.4761,2017,Norteamérica,United States of America,Condiciones ambientales extremas,Frontera EE.UU.-México,Desconocido,1
27.47192034,-99.48283964,2017,Centroamérica,Mexico,Ahogamiento,Frontera EE.UU.-México,Mexico,1
15.1466006,-92.4221065,2017,Centroamérica,Mexico,Accidente de transporte,Sin ruta registrada,El Salvador,1
27.06831677,-98.16970825,2017,Norteamérica,United States of America,Mixta o desconocida,Frontera EE.UU.-México,Desconocido,1
27.47323245,-97.89181457,2017,Norteamérica,United States of America,Condiciones ambientales extremas,Frontera EE.UU.-México,Honduras,1
31.493283,-111.467866,2017,Norteamérica,United States of America,Mixta o desconocida,Frontera EE.UU.-México,Desconocido,1
27.26203659,-98.4269727,2017,Norteamérica,United States of America,Condiciones ambientales extremas,Frontera EE.UU.-México,El Salvador,1
27.09521662,-98.21914673,2017,Norteamérica,United States of America,Mixta o desconocida,Frontera EE.UU.-México,Mexico,1
33.0335773,-117.0805825,2017,Norteamérica,United States of America,Accidente de transporte,Frontera EE.UU.-México,Mexico,2
32.36358,-112.32331,2017,Norteamérica,United States of America,Mixta o desconocida,Frontera EE.UU.-México,Desconocido,1
32.363583,-112.323517,2017,Norteamérica,United States of America,Mixta o desconocida,Frontera EE.UU.-México,Desconocido,1
27.48052433,-99.47927755,2017,Centroamérica,Mexico,Ahogamiento,Frontera EE.UU.-México,Desconocido,1
27.47260571,-99.48307567,2017,Centroamérica,Mexico,Ahogamiento,Frontera EE.UU.-México,Mexico,1
32.336,-111.403083,2017,Norteamérica,United States of America,Mixta o desconocida,Frontera EE.UU.-México,Desconocido,1
32.03378,-113.01675,2017,Norteamérica,United States of America,Mixta o desconocida,Frontera EE.UU.-México,El Salvador,1
26.0713913,-108.7840381,2017,Centroamérica,Mexico,Ahogamiento,Sin ruta registrada,Desconocido,1
25.4546718,-100.850791,2017,Centroamérica,Mexico,Accidente de transporte,Sin ruta registrada,Guatemala,1
31.92835,-111.3568,2017,Norteamérica,United States of America,Mixta o desconocida,Frontera EE.UU.-México,Desconocido,1
32.00386,-112.77683,2017,Norteamérica,United States of America,Condiciones ambientales extremas,Frontera EE.UU.-México,El Salvador,1
27.09032622,-98.18206787,2017,Norteamérica,United States of America,Mixta o desconocida,Frontera EE.UU.-México,El Salvador,1
27.0273057,-98.2212979,2017,Norteamérica,United States of America,Mixta o desconocida,Frontera EE.UU.-México,Nicaragua,1
26.08551377,-98.2649222,2017,Centroamérica,Mexico,Ahogamiento,Frontera EE.UU.-México,Desconocido,2
32.64182294,-116.17549363,2017,Norteamérica,United States of America,Accidente de transporte,Frontera EE.UU.-México,Mexico,1
31.31779613,-110.92429684,2017,Centroamérica,Mexico,Violencia,Frontera EE.UU.-México,Desconocido,1
25.5891476,-103.485862,2017,Centroamérica,Mexico,Accidente de transporte,Sin ruta registrada,Desconocido,1
32.376133,-113.105733,2017,Norteamérica,United States of America,Condiciones ambientales extremas,Frontera EE.UU.-México,Mexico,1
32.181667,-111.882317,2017,Norteamérica,United States of America,Condiciones ambientales extremas,Frontera EE.UU.-México,Guatemala,1
31.76015201,-106.46843743,2017,Norteamérica,United States of America,Ahogamiento,Frontera EE.UU.-México,Desconocido,1
32.99659,-115.07246,2017,Norteamérica,United States of America,Mixta o desconocida,Frontera EE.UU.-México,Desconocido,1
27.1058788,-98.2058397,2017,Norteamérica,United States of America,Condiciones ambientales extremas,Frontera EE.UU.-México,El Salvador,1
27.57506928,-99.52339213,2017,Centroamérica,Mexico,Ahogamiento,Frontera EE.UU.-México,Ecuador,1
22.1169396,-100.93714474,2017,Centroamérica,Mexico,Accidente de transporte,Sin ruta registrada,Desconocido,1
20.4045152,-99.9865294,2017,Centroamérica,Mexico,Accidente de transporte,Sin ruta registrada,Desconocido,1
11.07178706,-85.6926142,2017,Centroamérica,Costa Rica,Ahogamiento,Sin ruta registrada,Angola,2
32.098,-112.972,2017,Norteamérica,United States of America,Mixta o desconocida,Frontera EE.UU.-México,Mexico,1
27.11779443,-98.09632842,2017,Norteamérica,United States of America,Condiciones ambientales extremas,Frontera EE.UU.-México,Mexico,1
31.76985,-111.96225,2017,Norteamérica,United States of America,Mixta o desconocida,Frontera EE.UU.-México,Desconocido,1
23.0769808,-102.7175371,2017,Centroamérica,Mexico,Accidente de transporte,Sin ruta registrada,Desconocido,2
31.735967,-111.954083,2017,Norteamérica,United States of America,Mixta o desconocida,Frontera EE.UU.-México,Desconocido,1
27.2403194,-98.2044504,2017,Norteamérica,United States of America,Mixta o desconocida,Frontera EE.UU.-México,Desconocido,1
31.684483,-111.863267,2017,Norteamérica,United States of America,Mixta o desconocida,Frontera EE.UU.-México,Desconocido,1
26.1083689,-98.2650303,2017,Norteamérica,United States of America,Mixta o desconocida,Frontera EE.UU.-México,Mexico,1
26.91870511,-97.68449429,2017,Norteamérica,United States of America,Condiciones ambientales extremas,Frontera EE.UU.-México,Mexico,1
29.39527,-100.66916,2017,Norteamérica,United States of America,Condiciones ambientales extremas,Frontera EE.UU.-México,Mexico,1
26.19331675,-98.37155556,2017,Norteamérica,United States of America,Ahogamiento,Frontera EE.UU.-México,Mexico,1
26.06656968,-108.78712436,2017,Centroamérica,Mexico,Accidente de transporte,Sin ruta registrada,Desconocido,1
31.751633,-111.987583,2017,Norteamérica,United States of America,Mixta o desconocida,Frontera EE.UU.-México,Guatemala,1
32.06815,-111.997033,2017,Norteamérica,United States of America,Condiciones ambientales extremas,Frontera EE.UU.-México,Mexico,1
32.28838,-113.07648,2017,Norteamérica,United States of America,Mixta o desconocida,Frontera EE.UU.-México,Desconocido,1
28.68824882,-100.50923359,2017,Centroamérica,Mexico,Ahogamiento,Frontera EE.UU.-México,Desconocido,1
31.59205,-111.86046,2017,Norteamérica,United States of America,Condiciones ambientales extremas,Frontera EE.UU.-México,Mexico,1
31.71875,-112.2128,2017,Norteamérica,United States of America,Mixta o desconocida,Frontera EE.UU.-México,Desconocido,1
32.54348496,-117.03028321,2017,Norteamérica,United States of America,Accidente de transporte,Frontera EE.UU.-México,Mexico,2
19.5912639,-71.3987658,2017,Caribe,Dominican Republic,Ahogamiento,Haití a Rep. Dominicana,Haiti,16
32.99659,-115.07246,2017,Norteamérica,United States of America,Ahogamiento,Frontera EE.UU.-México,Desconocido,1
20.6006329,-100.3589125,2017,Centroamérica,Mexico,Accidente de transporte,Sin ruta registrada,Honduras,2
28.70903038,-100.51020732,2017,Norteamérica,United States of America,Ahogamiento,Frontera EE.UU.-México,Honduras,1
27.49700942,-99.52633178,2017,Norteamérica,United States of America,Ahogamiento,Frontera EE.UU.-México,Ecuador,1
28.71185333,-100.4919683,2017,Norteamérica,United States of America,Condiciones ambientales extremas,Frontera EE.UU.-México,Mexico,1
27.62811335,-99.63285541,2017,Centroamérica,Mexico,Ahogamiento,Frontera EE.UU.-México,Desconocido,1
26.08507275,-98.26442113,2017,Centroamérica,Mexico,Ahogamiento,Frontera EE.UU.-México,Desconocido,1
32.216033,-111.558767,2017,Norteamérica,United States of America,Mixta o desconocida,Frontera EE.UU.-México,Mexico,1
11.37292235,-85.75782378,2017,Centroamérica,Nicaragua,Violencia,Sin ruta registrada,Cameroon,1
26.3447805,-98.5141977,2017,Norteamérica,United States of America,Mixta o desconocida,Frontera EE.UU.-México,Desconocido,1
26.25566004,-98.66389675,2017,Norteamérica,United States of America,Mixta o desconocida,Frontera EE.UU.-México,Desconocido,1
31.830667,-111.3885,2017,Norteamérica,United States of America,Mixta o desconocida,Frontera EE.UU.-México,Desconocido,1
25.42379924,-101.01036806,2017,Centroamérica,Mexico,Accidente de transporte,Sin ruta registrada,Desconocido,1
27.2050726,-98.1565009,2017,Norteamérica,United States of America,Mixta o desconocida,Frontera EE.UU.-México,Desconocido,1
32.19406,-112.9916,2017,Norteamérica,United States of America,Mixta o desconocida,Frontera EE.UU.-México,Desconocido,1
25.45496606,-100.99972681,2017,Centroamérica,Mexico,Accidente de transporte,Sin ruta registrada,Desconocido,1
27.50861497,-99.52600142,2017,Centroamérica,Mexico,Ahogamiento,Frontera EE.UU.-México,Desconocido,1
29.25013048,-99.74805907,2017,Norteamérica,United States of America,Accidente de transporte,Frontera EE.UU.-México,Mexico,1
27.47723868,-99.48078375,2017,Centroamérica,Mexico,Ahogamiento,Frontera EE.UU.-México,Mexico,1
20.1838175,-72.64139919,2017,Caribe,Haiti,Ahogamiento,Sin ruta registrada,Haiti,37
18.12635998,-94.47022855,2017,Centroamérica,Mexico,Accidente de transporte,Sin ruta registrada,Honduras,1
31.490717,-111.426033,2017,Norteamérica,United States of America,Condiciones ambientales extremas,Frontera EE.UU.-México,Mexico,1
31.949,-113.016333,2017,Norteamérica,United States of America,Mixta o desconocida,Frontera EE.UU.-México,Desconocido,1
31.81731,-111.32687,2017,Norteamérica,United States of America,Mixta o desconocida,Frontera EE.UU.-México,Desconocido,1
28.60802401,-100.44402817,2017,Norteamérica,United States of America,Ahogamiento,Frontera EE.UU.-México,Mexico,1
26.18505864,-102.68461994,2017,Centroamérica,Mexico,Accidente de transporte,Sin ruta registrada,Honduras,1
18.34031434,-67.25870063,2017,Caribe,Puerto Rico,Mixta o desconocida,Rep. Dominicana a Puerto Rico,Rep. Dominicana,1
26.6215167,-98.7481167,2017,Norteamérica,United States of America,Mixta o desconocida,Frontera EE.UU.-México,Desconocido,8
27.21879974,-97.79411242,2017,Norteamérica,United States of America,Mixta o desconocida,Frontera EE.UU.-México,Desconocido,1
32.99659,-115.07246,2017,Norteamérica,United States of America,Ahogamiento,Frontera EE.UU.-México,Desconocido,1
20.33555265,-78.6853475,2017,Caribe,Cuba,Ahogamiento,Caribe hacia EE.UU.,Cuba,2
32.15686,-112.92628,2017,Norteamérica,United States of America,Mixta o desconocida,Frontera EE.UU.-México,Desconocido,1
27.089268,-98.238644,2017,Norteamérica,United States of America,Mixta o desconocida,Frontera EE.UU.-México,Desconocido,1
32.150433,-113.144967,2017,Norteamérica,United States of America,Mixta o desconocida,Frontera EE.UU.-México,Desconocido,1
27.59762263,-99.53727948,2017,Centroamérica,Mexico,Ahogamiento,Frontera EE.UU.-México,Desconocido,1
26.212256,-98.4213932,2017,Norteamérica,United States of America,Mixta o desconocida,Frontera EE.UU.-México,Mexico,1
32.7373161,-115.1648825,2017,Norteamérica,United States of America,Ahogamiento,Frontera EE.UU.-México,Desconocido,1
26.14330118,-98.3309446,2017,Centroamérica,Mexico,Ahogamiento,Frontera EE.UU.-México,Desconocido,1
32.17897,-112.89472,2017,Norteamérica,United States of America,Mixta o desconocida,Frontera EE.UU.-México,Desconocido,1
26.23477264,-98.58026422,2017,Centroamérica,Mexico,Ahogamiento,Frontera EE.UU.-México,Desconocido,1
12.61676438,-86.6787337,2017,Centroamérica,Nicaragua,Accidente de transporte,Sin ruta registrada,India,2
17.5149787,-91.9883872,2017,Centroamérica,Mexico,Violencia,Sin ruta registrada,Honduras,2
23.2494148,-106.4111425,2017,Centroamérica,Mexico,Accidente de transporte,Sin ruta registrada,El Salvador,1
17.8320441,-93.3918106,2017,Centroamérica,Mexico,Violencia,Sin ruta registrada,Honduras,2
19.0677144,-98.1878116,2017,Centroamérica,Mexico,Accidente de transporte,Sin ruta registrada,Desconocido,1
32.77645796,-116.02645234,2017,Norteamérica,United States of America,Mixta o desconocida,Frontera EE.UU.-México,Desconocido,1
31.96283,-110.2434,2017,Norteamérica,United States of America,Mixta o desconocida,Frontera EE.UU.-México,Desconocido,1
31.90245,-110.4074,2017,Norteamérica,United States of America,Mixta o desconocida,Frontera EE.UU.-México,Desconocido,1
32.1505,-112.90348,2017,Norteamérica,United States of America,Mixta o desconocida,Frontera EE.UU.-México,Desconocido,1
33.29373544,-116.03022408,2017,Norteamérica,United States of America,Mixta o desconocida,Frontera EE.UU.-México,Desconocido,1
31.88146,-111.40476,2017,Norteamérica,United States of America,Mixta o desconocida,Frontera EE.UU.-México,Desconocido,1
17.472665,-91.425051,2017,Centroamérica,Mexico,Accidente de transporte,Sin ruta registrada,Honduras,1
31.8054091,-111.6176713,2017,Norteamérica,United States of America,Violencia,Frontera EE.UU.-México,Guatemala,1
27.2403194,-98.2044504,2017,Norteamérica,United States of America,Mixta o desconocida,Frontera EE.UU.-México,Desconocido,1
32.5753828,-116.63538355,2017,Centroamérica,Mexico,Violencia,Frontera EE.UU.-México,Desconocido,1
20.48865007,-100.80003395,2017,Centroamérica,Mexico,Accidente de transporte,Sin ruta registrada,Desconocido,1
31.86881,-111.36656,2017,Norteamérica,United States of America,Mixta o desconocida,Frontera EE.UU.-México,Desconocido,1
31.68535,-110.42346,2017,Norteamérica,United States of America,Mixta o desconocida,Frontera EE.UU.-México,Desconocido,1
18.08086639,-69.10191929,2017,Caribe,Dominican Republic,Ahogamiento,Rep. Dominicana a Puerto Rico,Rep. Dominicana,12
27.25232157,-97.86333558,2017,Norteamérica,United States of America,Condiciones ambientales extremas,Frontera EE.UU.-México,Honduras,1
27.15125131,-98.20322291,2017,Norteamérica,United States of America,Condiciones ambientales extremas,Frontera EE.UU.-México,Honduras,1
26.76431224,-97.79945195,2017,Norteamérica,United States of America,Condiciones ambientales extremas,Frontera EE.UU.-México,Desconocido,1
27.2403194,-98.2044504,2017,Norteamérica,United States of America,Condiciones ambientales extremas,Frontera EE.UU.-México,Desconocido,1
26.22493055,-98.44542785,2017,Norteamérica,United States of America,Ahogamiento,Frontera EE.UU.-México,Mexico,1
29.1274869,-103.2425379,2017,Norteamérica,United States of America,Condiciones ambientales extremas,Frontera EE.UU.-México,Guatemala,1
26.45825543,-98.22198455,2017,Norteamérica,United States of America,Condiciones ambientales extremas,Frontera EE.UU.-México,Mexico,1
27.20583595,-98.14019307,2017,Norteamérica,United States of America,Condiciones ambientales extremas,Frontera EE.UU.-México,Desconocido,2
31.32982065,-110.92017697,2017,Centroamérica,Mexico,Condiciones ambientales extremas,Frontera EE.UU.-México,Mexico,1
27.1093699,-98.2123346,2017,Norteamérica,United States of America,Condiciones ambientales extremas,Frontera EE.UU.-México,El Salvador,2
27.2403194,-98.2044504,2017,Norteamérica,United States of America,Condiciones ambientales extremas,Frontera EE.UU.-México,Guatemala,3
27.8174487,-99.0128926,2017,Norteamérica,United States of America,Condiciones ambientales extremas,Frontera EE.UU.-México,Desconocido,7
27.07179562,-98.26502101,2017,Norteamérica,United States of America,Condiciones ambientales extremas,Frontera EE.UU.-México,Desconocido,1
32.05535,-112.429783,2017,Norteamérica,United States of America,Mixta o desconocida,Frontera EE.UU.-México,Desconocido,1
29.4898769,-110.7218061,2017,Centroamérica,Mexico,Accidente de transporte,Sin ruta registrada,Desconocido,1
23.82739723,-99.17544768,2017,Centroamérica,Mexico,Accidente de transporte,Sin ruta registrada,Honduras,6
28.9480229,-100.6239711,2017,Norteamérica,United States of America,Mixta o desconocida,Frontera EE.UU.-México,Desconocido,1
27.48067749,-99.4793635,2017,Centroamérica,Mexico,Ahogamiento,Frontera EE.UU.-México,Desconocido,1
14.9055599,-92.2634206,2017,Centroamérica,Mexico,Violencia,Sin ruta registrada,El Salvador,1
16.5611537,-94.6138639,2017,Centroamérica,Mexico,Accidente de transporte,Sin ruta registrada,Desconocido,1
32.09966,-112.70402,2017,Norteamérica,United States of America,Mixta o desconocida,Frontera EE.UU.-México,Desconocido,1
21.94616851,-102.28332094,2017,Centroamérica,Mexico,Accidente de transporte,Sin ruta registrada,Desconocido,1
7.736847452,-77.54837036,2017,Centroamérica,Panama,Mixta o desconocida,Tapón del Darién,Desconocido,7
27.0273057,-98.2212979,2017,Norteamérica,United States of America,Mixta o desconocida,Frontera EE.UU.-México,Desconocido,2
27.8174487,-99.0128926,2017,Norteamérica,United States of America,Mixta o desconocida,Frontera EE.UU.-México,Desconocido,21
26.9730763,-99.1013498,2017,Norteamérica,United States of America,Mixta o desconocida,Frontera EE.UU.-México,Desconocido,3
26.995506,-98.7481167,2017,Norteamérica,United States of America,Mixta o desconocida,Frontera EE.UU.-México,Desconocido,1
29.8687682,-101.1617356,2017,Norteamérica,United States of America,Mixta o desconocida,Frontera EE.UU.-México,Desconocido,1
28.2758921,-99.1013498,2017,Norteamérica,United States of America,Mixta o desconocida,Frontera EE.UU.-México,Desconocido,2
28.4116514,-99.8124935,2017,Norteamérica,United States of America,Mixta o desconocida,Frontera EE.UU.-México,Desconocido,4
32.763517,-112.2896,2017,Norteamérica,United States of America,Mixta o desconocida,Frontera EE.UU.-México,Desconocido,1
31.88556,-110.54183,2017,Norteamérica,United States of America,Mixta o desconocida,Frontera EE.UU.-México,Desconocido,1
32.76645,-112.817267,2017,Norteamérica,United States of America,Mixta o desconocida,Frontera EE.UU.-México,Desconocido,1
32.734083,-112.355117,2017,Norteamérica,United States of America,Mixta o desconocida,Frontera EE.UU.-México,Desconocido,1
32.7873,-113.2526,2017,Norteamérica,United States of America,Mixta o desconocida,Frontera EE.UU.-México,Desconocido,1
31.545,-108.579,2017,Norteamérica,United States of America,Condiciones ambientales extremas,Frontera EE.UU.-México,Mexico,1
31.5271,-109.029,2017,Norteamérica,United States of America,Mixta o desconocida,Frontera EE.UU.-México,Mexico,1
32.618056,-116.540278,2017,Norteamérica,United States of America,Mixta o desconocida,Frontera EE.UU.-México,Mexico,1
32.654167,-116.933333,2017,Norteamérica,United States of America,Condiciones ambientales extremas,Frontera EE.UU.-México,Mexico,1
26.3932,-99.0001,2017,Norteamérica,United States of America,Mixta o desconocida,Frontera EE.UU.-México,Desconocido,1
26.0753,-98.2406,2017,Norteamérica,United States of America,Mixta o desconocida,Frontera EE.UU.-México,Desconocido,1
26.1474,-98.33372,2017,Norteamérica,United States of America,Mixta o desconocida,Frontera EE.UU.-México,Desconocido,1
27.693,-99.73775,2017,Norteamérica,United States of America,Ahogamiento,Frontera EE.UU.-México,El Salvador,1
31.99745,-112.12123,2017,Norteamérica,United States of America,Mixta o desconocida,Frontera EE.UU.-México,Desconocido,1
31.64093,-111.84108,2017,Norteamérica,United States of America,Mixta o desconocida,Frontera EE.UU.-México,Desconocido,1
26.2628,-98.6561,2017,Norteamérica,United States of America,Enfermedad o falta de atención,Frontera EE.UU.-México,Mexico,1
26.9177,-97.88687,2017,Norteamérica,United States of America,Mixta o desconocida,Frontera EE.UU.-México,Desconocido,1
26.05806,-97.81168,2017,Norteamérica,United States of America,Condiciones ambientales extremas,Frontera EE.UU.-México,Mexico,1
26.86273,-98.34559,2017,Norteamérica,United States of America,Mixta o desconocida,Frontera EE.UU.-México,Mexico,1
26.17261,-98.36258,2017,Norteamérica,United States of America,Mixta o desconocida,Frontera EE.UU.-México,Mexico,1
26.8955,-99.32388,2017,Norteamérica,United States of America,Ahogamiento,Frontera EE.UU.-México,Mexico,1
27.36446,-99.50319,2017,Norteamérica,United States of America,Ahogamiento,Frontera EE.UU.-México,Guatemala,1
27.17538,-98.45905,2017,Norteamérica,United States of America,Condiciones ambientales extremas,Frontera EE.UU.-México,Desconocido,1
28.26987,-100.22045,2017,Norteamérica,United States of America,Mixta o desconocida,Frontera EE.UU.-México,Desconocido,1
27.49793,-99.51667,2017,Norteamérica,United States of America,Ahogamiento,Frontera EE.UU.-México,Mexico,1
27.78712,-99.70692,2017,Norteamérica,United States of America,Condiciones ambientales extremas,Frontera EE.UU.-México,Mexico,1
27.19362,-98.12226,2017,Norteamérica,United States of America,Mixta o desconocida,Frontera EE.UU.-México,Mexico,1
27.46517,-99.48391,2017,Norteamérica,United States of America,Ahogamiento,Frontera EE.UU.-México,Mexico,1
31.82032,-112.14143,2017,Norteamérica,United States of America,Mixta o desconocida,Frontera EE.UU.-México,Desconocido,1
27.45116,-99.4947,2017,Norteamérica,United States of America,Ahogamiento,Frontera EE.UU.-México,Bangladesh,1
27.49954,-99.50708,2017,Norteamérica,United States of America,Ahogamiento,Frontera EE.UU.-México,Mexico,1
27.49689,-99.52243,2017,Norteamérica,United States of America,Ahogamiento,Frontera EE.UU.-México,Rep. Dominicana,1
25.89287,-97.49638,2017,Norteamérica,United States of America,Ahogamiento,Frontera EE.UU.-México,Mexico,1
27.56871,-99.51328,2017,Norteamérica,United States of America,Ahogamiento,Frontera EE.UU.-México,Guatemala,1
26.4006,-98.971,2017,Norteamérica,United States of America,Ahogamiento,Frontera EE.UU.-México,Mexico,1
27.07413,-98.2423,2017,Norteamérica,United States of America,Mixta o desconocida,Frontera EE.UU.-México,Mexico,1
27.16993,-98.03045,2017,Norteamérica,United States of America,Mixta o desconocida,Frontera EE.UU.-México,Desconocido,1
31.85898,-112.40397,2017,Norteamérica,United States of America,Mixta o desconocida,Frontera EE.UU.-México,Mexico,1
27.168,-98.11603,2017,Norteamérica,United States of America,Mixta o desconocida,Frontera EE.UU.-México,Desconocido,1
27.39739,-99.49022,2017,Norteamérica,United States of America,Ahogamiento,Frontera EE.UU.-México,Brazil,1
26.96089,-98.29046,2017,Norteamérica,United States of America,Mixta o desconocida,Frontera EE.UU.-México,Desconocido,1
27.42121,-99.48968,2017,Norteamérica,United States of America,Mixta o desconocida,Frontera EE.UU.-México,Desconocido,1
27.31938,-99.46375,2017,Norteamérica,United States of America,Mixta o desconocida,Frontera EE.UU.-México,Desconocido,1
31.70533,-112.00407,2017,Norteamérica,United States of America,Mixta o desconocida,Frontera EE.UU.-México,Desconocido,1
27.1712,-98.4061,2017,Norteamérica,United States of America,Condiciones ambientales extremas,Frontera EE.UU.-México,Desconocido,1
27.00492,-98.15281,2017,Norteamérica,United States of America,Accidente de transporte,Frontera EE.UU.-México,Honduras,1
27.34236,-99.46881,2017,Norteamérica,United States of America,Mixta o desconocida,Frontera EE.UU.-México,Mexico,1
27.48382,-99.47962,2017,Norteamérica,United States of America,Ahogamiento,Frontera EE.UU.-México,Desconocido,1
27.01152,-99.4235,2017,Norteamérica,United States of America,Ahogamiento,Frontera EE.UU.-México,Mexico,1
26.403,-98.9582,2017,Norteamérica,United States of America,Condiciones ambientales extremas,Frontera EE.UU.-México,Desconocido,1
27.095,-98.15011,2017,Norteamérica,United States of America,Condiciones ambientales extremas,Frontera EE.UU.-México,Mexico,1
27.09528,-98.40818,2017,Norteamérica,United States of America,Condiciones ambientales extremas,Frontera EE.UU.-México,Desconocido,1
27.923,-98.1752,2017,Norteamérica,United States of America,Mixta o desconocida,Frontera EE.UU.-México,Desconocido,1
27.60743,-99.56127,2017,Norteamérica,United States of America,Ahogamiento,Frontera EE.UU.-México,Desconocido,1
26.92548,-99.34407,2017,Norteamérica,United States of America,Ahogamiento,Frontera EE.UU.-México,Honduras,1
32.7922,-112.0484,2017,Norteamérica,United States of America,Mixta o desconocida,Frontera EE.UU.-México,Desconocido,1
27.49913,-99.49887,2017,Norteamérica,United States of America,Ahogamiento,Frontera EE.UU.-México,Cuba,1
27.3624,-99.47266,2017,Norteamérica,United States of America,Condiciones ambientales extremas,Frontera EE.UU.-México,Desconocido,1
27.32977,-99.47267,2017,Norteamérica,United States of America,Ahogamiento,Frontera EE.UU.-México,Desconocido,1
27.30201,-99.49366,2017,Norteamérica,United States of America,Ahogamiento,Frontera EE.UU.-México,Mexico,1
27.47768,-99.48009,2017,Norteamérica,United States of America,Ahogamiento,Frontera EE.UU.-México,Desconocido,1
27.59258,-99.53639,2017,Norteamérica,United States of America,Ahogamiento,Frontera EE.UU.-México,Mexico,1
26.2953,-98.6116,2017,Norteamérica,United States of America,Condiciones ambientales extremas,Frontera EE.UU.-México,Mexico,1
27.47743,-99.48055,2017,Norteamérica,United States of America,Ahogamiento,Frontera EE.UU.-México,Mexico,1
26.9047,-99.3243,2017,Norteamérica,United States of America,Ahogamiento,Frontera EE.UU.-México,Desconocido,1
28.12984,-99.8098,2017,Norteamérica,United States of America,Condiciones ambientales extremas,Frontera EE.UU.-México,Desconocido,1
27.49608,-99.49074,2017,Norteamérica,United States of America,Ahogamiento,Frontera EE.UU.-México,Desconocido,1
29.17759,-100.76555,2017,Norteamérica,United States of America,Ahogamiento,Frontera EE.UU.-México,Honduras,1
27.91681,-99.5457,2017,Norteamérica,United States of America,Condiciones ambientales extremas,Frontera EE.UU.-México,Guatemala,1
27.33262,-99.49434,2017,Norteamérica,United States of America,Condiciones ambientales extremas,Frontera EE.UU.-México,Brazil,1
27.27298,-99.46604,2017,Norteamérica,United States of America,Ahogamiento,Frontera EE.UU.-México,Desconocido,1
31.88885,-112.15902,2017,Norteamérica,United States of America,Mixta o desconocida,Frontera EE.UU.-México,Guatemala,1
31.88885,-112.15902,2017,Norteamérica,United States of America,Mixta o desconocida,Frontera EE.UU.-México,Guatemala,1
31.69777,-112.2068,2017,Norteamérica,United States of America,Condiciones ambientales extremas,Frontera EE.UU.-México,Desconocido,1
26.36593,-98.80204,2017,Norteamérica,United States of America,Mixta o desconocida,Frontera EE.UU.-México,Mexico,1
32.5651,-105.5138,2017,Norteamérica,United States of America,Mixta o desconocida,Frontera EE.UU.-México,Desconocido,1
26.15681,-98.25841,2017,Norteamérica,United States of America,Condiciones ambientales extremas,Frontera EE.UU.-México,El Salvador,1
26.95149,-98.23994,2017,Norteamérica,United States of America,Mixta o desconocida,Frontera EE.UU.-México,Desconocido,1
27.34891,-98.67385,2017,Norteamérica,United States of America,Condiciones ambientales extremas,Frontera EE.UU.-México,Desconocido,1
28.08902,-99.57742,2017,Norteamérica,United States of America,Condiciones ambientales extremas,Frontera EE.UU.-México,Mexico,1
27.49754,-99.49294,2017,Norteamérica,United States of America,Ahogamiento,Frontera EE.UU.-México,Guatemala,1
27.1279,-97.9622,2017,Norteamérica,United States of America,Mixta o desconocida,Frontera EE.UU.-México,Desconocido,1
31.96067,-112.40283,2017,Norteamérica,United States of America,Mixta o desconocida,Frontera EE.UU.-México,Desconocido,1
32.0342,-111.33938,2017,Norteamérica,United States of America,Mixta o desconocida,Frontera EE.UU.-México,Desconocido,1
26.29421,-98.63315,2017,Norteamérica,United States of America,Condiciones ambientales extremas,Frontera EE.UU.-México,Brazil,1
27.3645,-99.50324,2017,Norteamérica,United States of America,Condiciones ambientales extremas,Frontera EE.UU.-México,Mexico,1
25.91564,-97.36847,2017,Norteamérica,United States of America,Ahogamiento,Frontera EE.UU.-México,Mexico,1
34.16788,-111.19959,2017,Norteamérica,United States of America,Mixta o desconocida,Frontera EE.UU.-México,Desconocido,1
28.39703,-99.67819,2017,Norteamérica,United States of America,Condiciones ambientales extremas,Frontera EE.UU.-México,Mexico,1
27.3206,-99.49397,2017,Norteamérica,United States of America,Condiciones ambientales extremas,Frontera EE.UU.-México,Desconocido,1
31.66155,-111.12683,2017,Norteamérica,United States of America,Mixta o desconocida,Frontera EE.UU.-México,Desconocido,1
27.7168,-99.61429,2017,Norteamérica,United States of America,Condiciones ambientales extremas,Frontera EE.UU.-México,Mexico,1
27.72129,-99.7605,2017,Norteamérica,United States of America,Ahogamiento,Frontera EE.UU.-México,Guatemala,1
26.17537,-98.39577,2017,Norteamérica,United States of America,Condiciones ambientales extremas,Frontera EE.UU.-México,Mexico,1
29.56475,-104.39616,2017,Norteamérica,United States of America,Ahogamiento,Frontera EE.UU.-México,Mexico,1
29.56475,-104.39616,2017,Norteamérica,United States of America,Ahogamiento,Frontera EE.UU.-México,Guatemala,1
28.66071,-100.49891,2017,Norteamérica,United States of America,Ahogamiento,Frontera EE.UU.-México,Desconocido,1
26.28142,-98.61728,2017,Norteamérica,United States of America,Condiciones ambientales extremas,Frontera EE.UU.-México,Guatemala,1
32.10448,-112.79401,2017,Norteamérica,United States of America,Mixta o desconocida,Frontera EE.UU.-México,Desconocido,1
27.56609,-99.51132,2017,Norteamérica,United States of America,Ahogamiento,Frontera EE.UU.-México,Mexico,1
26.69163,-97.769,2017,Norteamérica,United States of America,Accidente de transporte,Frontera EE.UU.-México,Mexico,1
27.4373,-99.4946,2017,Norteamérica,United States of America,Ahogamiento,Frontera EE.UU.-México,Honduras,1
27.43777,-99.49594,2017,Norteamérica,United States of America,Ahogamiento,Frontera EE.UU.-México,Desconocido,1
27.48662,-99.47932,2017,Norteamérica,United States of America,Ahogamiento,Frontera EE.UU.-México,Mexico,1
28.02333,-99.57171,2017,Norteamérica,United States of America,Condiciones ambientales extremas,Frontera EE.UU.-México,Mexico,1
26.29842,-98.62594,2017,Norteamérica,United States of America,Condiciones ambientales extremas,Frontera EE.UU.-México,Guatemala,1
32.77992,-112.05402,2017,Norteamérica,United States of America,Mixta o desconocida,Frontera EE.UU.-México,Desconocido,1
26.27527,-98.58504,2017,Norteamérica,United States of America,Condiciones ambientales extremas,Frontera EE.UU.-México,Desconocido,1
26.28302,-98.61666,2017,Norteamérica,United States of America,Condiciones ambientales extremas,Frontera EE.UU.-México,Mexico,1
28.47523,-100.21467,2017,Norteamérica,United States of America,Condiciones ambientales extremas,Frontera EE.UU.-México,Desconocido,1
27.29616,-98.49243,2017,Norteamérica,United States of America,Condiciones ambientales extremas,Frontera EE.UU.-México,Desconocido,1
27.54972,-99.51939,2017,Norteamérica,United States of America,Ahogamiento,Frontera EE.UU.-México,Mexico,1
27.50766,-99.52603,2017,Norteamérica,United States of America,Ahogamiento,Frontera EE.UU.-México,Ecuador,1
27.52364,-99.52451,2017,Norteamérica,United States of America,Ahogamiento,Frontera EE.UU.-México,Guatemala,1
27.40741,-99.48819,2017,Norteamérica,United States of America,Ahogamiento,Frontera EE.UU.-México,Mexico,1
27.22726,-98.38969,2017,Norteamérica,United States of America,Mixta o desconocida,Frontera EE.UU.-México,Desconocido,1
26.80658,-97.58496,2017,Norteamérica,United States of America,Condiciones ambientales extremas,Frontera EE.UU.-México,Honduras,1
26.1572,-98.38463,2017,Norteamérica,United States of America,Ahogamiento,Frontera EE.UU.-México,Desconocido,1
29.44751,-100.41949,2017,Norteamérica,United States of America,Condiciones ambientales extremas,Frontera EE.UU.-México,Mexico,1
26.28672,-98.60179,2017,Norteamérica,United States of America,Condiciones ambientales extremas,Frontera EE.UU.-México,Mexico,1
27.06725,-98.93791,2017,Norteamérica,United States of America,Condiciones ambientales extremas,Frontera EE.UU.-México,Mexico,1
27.44725,-99.49405,2017,Norteamérica,United States of America,Ahogamiento,Frontera EE.UU.-México,Desconocido,1
27.35982,-99.5048,2017,Norteamérica,United States of America,Ahogamiento,Frontera EE.UU.-México,Desconocido,1
26.2622,-98.66294,2017,Norteamérica,United States of America,Condiciones ambientales extremas,Frontera EE.UU.-México,Brazil,1
27.33628,-99.50596,2017,Norteamérica,United States of America,Ahogamiento,Frontera EE.UU.-México,Desconocido,1
27.31628,-99.48829,2017,Norteamérica,United States of America,Condiciones ambientales extremas,Frontera EE.UU.-México,Guatemala,1
28.45661,-99.78547,2017,Norteamérica,United States of America,Condiciones ambientales extremas,Frontera EE.UU.-México,El Salvador,1
27.95718,-98.97061,2017,Norteamérica,United States of America,Condiciones ambientales extremas,Frontera EE.UU.-México,Mexico,1
29.84908,-102.5804,2017,Norteamérica,United States of America,Ahogamiento,Frontera EE.UU.-México,Mexico,1
26.17045,-98.33407,2017,Norteamérica,United States of America,Condiciones ambientales extremas,Frontera EE.UU.-México,Brazil,1
31.69013,-111.24763,2017,Norteamérica,United States of America,Mixta o desconocida,Frontera EE.UU.-México,Mexico,1
26.42579,-99.02847,2017,Norteamérica,United States of America,Mixta o desconocida,Frontera EE.UU.-México,Desconocido,1
32.05075,-112.06827,2017,Norteamérica,United States of America,Mixta o desconocida,Frontera EE.UU.-México,Mexico,1
26.11926,-98.26515,2017,Norteamérica,United States of America,Mixta o desconocida,Frontera EE.UU.-México,Mexico,1
28.12008,-99.6289,2017,Norteamérica,United States of America,Condiciones ambientales extremas,Frontera EE.UU.-México,Mexico,1
32.56431,-116.81667,2017,Norteamérica,United States of America,Condiciones ambientales extremas,Frontera EE.UU.-México,Mexico,1
27.18411,-98.21223,2017,Norteamérica,United States of America,Condiciones ambientales extremas,Frontera EE.UU.-México,Desconocido,1
27.40679,-99.48828,2017,Norteamérica,United States of America,Ahogamiento,Frontera EE.UU.-México,Kazakhstan,1
28.39599,-100.08767,2017,Norteamérica,United States of America,Condiciones ambientales extremas,Frontera EE.UU.-México,Mexico,1
31.33985,-110.95808,2017,Norteamérica,United States of America,Mixta o desconocida,Frontera EE.UU.-México,Desconocido,1
27.11408,-98.48609,2017,Norteamérica,United States of America,Condiciones ambientales extremas,Frontera EE.UU.-México,Mexico,1
26.30224,-98.69031,2017,Norteamérica,United States of America,Condiciones ambientales extremas,Frontera EE.UU.-México,Desconocido,1
28.16165,-99.59826,2017,Norteamérica,United States of America,Condiciones ambientales extremas,Frontera EE.UU.-México,Mexico,1
27.42073,-99.40921,2017,Norteamérica,United States of America,Ahogamiento,Frontera EE.UU.-México,Mexico,1
27.53222,-99.52244,2017,Norteamérica,United States of America,Ahogamiento,Frontera EE.UU.-México,Ecuador,1
27.52303,-99.52449,2017,Norteamérica,United States of America,Ahogamiento,Frontera EE.UU.-México,Ecuador,1
27.47236,-99.48266,2017,Norteamérica,United States of America,Ahogamiento,Frontera EE.UU.-México,Mexico,1
27.47236,-99.48266,2017,Norteamérica,United States of America,Ahogamiento,Frontera EE.UU.-México,Mexico,1
31.66348,-111.97973,2017,Norteamérica,United States of America,Mixta o desconocida,Frontera EE.UU.-México,Desconocido,1
33.39589,-115.69602,2017,Norteamérica,United States of America,Mixta o desconocida,Frontera EE.UU.-México,Desconocido,1
33.39445,-115.69653,2017,Norteamérica,United States of America,Mixta o desconocida,Frontera EE.UU.-México,Desconocido,1
32.74439,-114.67044,2017,Norteamérica,United States of America,Mixta o desconocida,Frontera EE.UU.-México,Desconocido,1
32.738,-114.89848,2017,Norteamérica,United States of America,Mixta o desconocida,Frontera EE.UU.-México,Desconocido,1
-33.5176991,-53.3342095,2018,Sudamérica,Brazil,Accidente de transporte,Sin ruta registrada,Cuba,4
32.264014,-111.661872,2018,Norteamérica,United States of America,Mixta o desconocida,Frontera EE.UU.-México,Desconocido,1
27.2474839,-98.3788079,2018,Norteamérica,United States of America,Mixta o desconocida,Frontera EE.UU.-México,Desconocido,1
27.1058052,-98.146774,2018,Norteamérica,United States of America,Mixta o desconocida,Frontera EE.UU.-México,Guatemala,1
26.0635489,-98.0760348,2018,Centroamérica,Mexico,Ahogamiento,Frontera EE.UU.-México,Desconocido,1
26.8077686,-98.118294,2018,Norteamérica,United States of America,Mixta o desconocida,Frontera EE.UU.-México,Mexico,1
12.1498295,-68.8059086,2018,Caribe,Netherlands,Ahogamiento,Sin ruta registrada,Venezuela,18
32.39765,-113.1346,2018,Norteamérica,United States of America,Mixta o desconocida,Frontera EE.UU.-México,Desconocido,1
31.2999031,-110.9380298,2018,Centroamérica,Mexico,Condiciones ambientales extremas,Frontera EE.UU.-México,Honduras,1
31.994183,-112.816067,2018,Norteamérica,United States of America,Mixta o desconocida,Frontera EE.UU.-México,Desconocido,1
31.4434619,-105.9942578,2018,Norteamérica,United States of America,Condiciones ambientales extremas,Frontera EE.UU.-México,Desconocido,1
31.9843,-112.134917,2018,Norteamérica,United States of America,Mixta o desconocida,Frontera EE.UU.-México,Desconocido,1
27.1144162,-98.4270255,2018,Norteamérica,United States of America,Mixta o desconocida,Frontera EE.UU.-México,Desconocido,1
26.8697147,-97.6982272,2018,Norteamérica,United States of America,Mixta o desconocida,Frontera EE.UU.-México,Desconocido,1
27.1941061,-98.0548259,2018,Norteamérica,United States of America,Condiciones ambientales extremas,Frontera EE.UU.-México,El Salvador,5
18.83001,-97.1660589,2018,Centroamérica,Mexico,Accidente de transporte,Sin ruta registrada,Desconocido,1
27.4964873,-99.525607,2018,Centroamérica,Mexico,Ahogamiento,Frontera EE.UU.-México,Guatemala,1
19.7050171,-103.4685183,2018,Centroamérica,Mexico,Accidente de transporte,Sin ruta registrada,Desconocido,1
32.34065,-111.49673,2018,Norteamérica,United States of America,Mixta o desconocida,Frontera EE.UU.-México,Desconocido,1
15.0402986,-89.5886135,2018,Centroamérica,Guatemala,Accidente de transporte,Sin ruta registrada,Honduras,1
30.2252871,-104.129113,2018,Norteamérica,United States of America,Mixta o desconocida,Frontera EE.UU.-México,Desconocido,1
32.5334735,-117.1246786,2018,Centroamérica,Mexico,Ahogamiento,Frontera EE.UU.-México,Desconocido,1
18.7158189,-97.3230438,2018,Centroamérica,Mexico,Violencia,Sin ruta registrada,Honduras,1
31.4971335,-111.413387,2018,Norteamérica,United States of America,Mixta o desconocida,Frontera EE.UU.-México,Guatemala,1
26.2238448,-98.5968293,2018,Centroamérica,Mexico,Ahogamiento,Frontera EE.UU.-México,Desconocido,1
27.4999216,-99.5030964,2018,Centroamérica,Mexico,Ahogamiento,Frontera EE.UU.-México,Desconocido,1
25.8375141,-97.4054168,2018,Centroamérica,Mexico,Ahogamiento,Frontera EE.UU.-México,Desconocido,1
26.8448584,-97.6965488,2018,Norteamérica,United States of America,Mixta o desconocida,Frontera EE.UU.-México,Desconocido,1
26.07197,-98.24819,2018,Norteamérica,United States of America,Violencia,Frontera EE.UU.-México,Mexico,1
27.2636237,-98.3722684,2018,Norteamérica,United States of America,Mixta o desconocida,Frontera EE.UU.-México,Desconocido,1
32.428333,-112.635583,2018,Norteamérica,United States of America,Mixta o desconocida,Frontera EE.UU.-México,Desconocido,1
26.09427066,-98.27060223,2018,Centroamérica,Mexico,Ahogamiento,Frontera EE.UU.-México,Desconocido,1
32.67175874,-115.5132042,2018,Norteamérica,United States of America,Ahogamiento,Frontera EE.UU.-México,Mexico,1
26.19965636,-98.4797287,2018,Centroamérica,Mexico,Ahogamiento,Frontera EE.UU.-México,Desconocido,1
26.25652523,-98.60064877,2018,Centroamérica,Mexico,Ahogamiento,Frontera EE.UU.-México,El Salvador,1
29.80260006,-101.5763329,2018,Norteamérica,United States of America,Muerte accidental,Frontera EE.UU.-México,Mexico,1
27.0730842,-97.9760844,2018,Norteamérica,United States of America,Mixta o desconocida,Frontera EE.UU.-México,Desconocido,1
31.84918,-112.14395,2018,Norteamérica,United States of America,Mixta o desconocida,Frontera EE.UU.-México,Desconocido,1
27.1266376,-98.1861111,2018,Norteamérica,United States of America,Mixta o desconocida,Frontera EE.UU.-México,El Salvador,1
26.9238966,-98.0192018,2018,Norteamérica,United States of America,Mixta o desconocida,Frontera EE.UU.-México,Desconocido,1
27.22376084,-97.80449793,2018,Norteamérica,United States of America,Mixta o desconocida,Frontera EE.UU.-México,Honduras,1
32.08516,-112.74555,2018,Norteamérica,United States of America,Mixta o desconocida,Frontera EE.UU.-México,Desconocido,1
32.09678,-111.3952,2018,Norteamérica,United States of America,Mixta o desconocida,Frontera EE.UU.-México,Desconocido,1
28.33377153,-100.3059382,2018,Centroamérica,Mexico,Ahogamiento,Frontera EE.UU.-México,Mexico,1
20.04356865,-99.23910959,2018,Centroamérica,Mexico,Accidente de transporte,Sin ruta registrada,Desconocido,1
30.56280909,-103.9722162,2018,Norteamérica,United States of America,Mixta o desconocida,Frontera EE.UU.-México,Desconocido,3
25.79786639,-100.3297607,2018,Centroamérica,Mexico,Accidente de transporte,Sin ruta registrada,Desconocido,1
33.4445,-113.184364,2018,Norteamérica,United States of America,Mixta o desconocida,Frontera EE.UU.-México,Desconocido,1
16.33786355,-95.22829814,2018,Centroamérica,Mexico,Accidente de transporte,Sin ruta registrada,El Salvador,3
17.96424555,-94.74862591,2018,Centroamérica,Mexico,Violencia,Sin ruta registrada,Guatemala,1
17.45866461,-91.44444874,2018,Centroamérica,Mexico,Violencia,Sin ruta registrada,Honduras,1
32.59338373,-116.0889803,2018,Centroamérica,Mexico,Condiciones ambientales extremas,Frontera EE.UU.-México,Mexico,1
-2.1480534,-79.8841984,2018,Sudamérica,Ecuador,Accidente de transporte,Sin ruta registrada,Ecuador,2
28.70567715,-100.5123358,2018,Centroamérica,Mexico,Ahogamiento,Frontera EE.UU.-México,Desconocido,3
32.31491,-113.25851,2018,Norteamérica,United States of America,Mixta o desconocida,Frontera EE.UU.-México,Desconocido,1
32.31471,-113.25778,2018,Norteamérica,United States of America,Mixta o desconocida,Frontera EE.UU.-México,Desconocido,1
26.22438132,-98.44773956,2018,Norteamérica,United States of America,Ahogamiento,Frontera EE.UU.-México,Nicaragua,1
32.70841027,-115.4652329,2018,Norteamérica,United States of America,Ahogamiento,Frontera EE.UU.-México,Mexico,1
26.8291611,-98.365447,2018,Norteamérica,United States of America,Mixta o desconocida,Frontera EE.UU.-México,Desconocido,1
26.06780372,-98.29909673,2018,Centroamérica,Mexico,Mixta o desconocida,Frontera EE.UU.-México,Honduras,1
17.80650758,-93.40440007,2018,Centroamérica,Mexico,Accidente de transporte,Sin ruta registrada,Honduras,1
26.83995716,-97.85859711,2018,Norteamérica,United States of America,Mixta o desconocida,Frontera EE.UU.-México,Desconocido,1
26.06827888,-98.20875839,2018,Norteamérica,United States of America,Ahogamiento,Frontera EE.UU.-México,Desconocido,1
32.01236,-112.73953,2018,Norteamérica,United States of America,Mixta o desconocida,Frontera EE.UU.-México,Desconocido,1
31.27977011,-111.7261451,2018,Centroamérica,Mexico,Mixta o desconocida,Frontera EE.UU.-México,Honduras,1
27.1536729,-98.3172529,2018,Norteamérica,United States of America,Mixta o desconocida,Frontera EE.UU.-México,Desconocido,1
28.5352366,-100.4053407,2018,Centroamérica,Mexico,Ahogamiento,Frontera EE.UU.-México,Mexico,1
31.78891415,-106.5919701,2018,Norteamérica,United States of America,Mixta o desconocida,Frontera EE.UU.-México,Desconocido,1
14.90489636,-92.30599262,2018,Centroamérica,Mexico,Mixta o desconocida,Sin ruta registrada,El Salvador,1
26.21650955,-98.45506082,2018,Centroamérica,Mexico,Ahogamiento,Frontera EE.UU.-México,Mexico,1
31.344117,-110.977602,2018,Norteamérica,United States of America,Mixta o desconocida,Frontera EE.UU.-México,Desconocido,1
26.07368836,-98.13360007,2018,Norteamérica,United States of America,Ahogamiento,Frontera EE.UU.-México,Mexico,1
19.70172414,-99.17503129,2018,Centroamérica,Mexico,Accidente de transporte,Sin ruta registrada,Honduras,1
27.2217001,-97.7893059,2018,Norteamérica,United States of America,Mixta o desconocida,Frontera EE.UU.-México,Ecuador,1
28.77543116,-100.5325561,2018,Norteamérica,United States of America,Ahogamiento,Frontera EE.UU.-México,Nicaragua,1
27.0645936,-98.1443491,2018,Norteamérica,United States of America,Mixta o desconocida,Frontera EE.UU.-México,Desconocido,1
32.20056,-113.0134,2018,Norteamérica,United States of America,Mixta o desconocida,Frontera EE.UU.-México,Desconocido,1
32.30224,-111.57908,2018,Norteamérica,United States of America,Mixta o desconocida,Frontera EE.UU.-México,Desconocido,1
26.12286364,-98.32509329,2018,Centroamérica,Mexico,Ahogamiento,Frontera EE.UU.-México,Honduras,1
31.914025,-111.954156,2018,Norteamérica,United States of America,Mixta o desconocida,Frontera EE.UU.-México,Desconocido,1
32.6245389,-115.4522623,2018,Centroamérica,Mexico,Violencia,Frontera EE.UU.-México,Mexico,1
8.666783134,-77.41998379,2018,Centroamérica,Panama,Ahogamiento,Tapón del Darién,Desconocido,5
25.50061127,-103.4077681,2018,Centroamérica,Mexico,Accidente de transporte,Sin ruta registrada,Desconocido,1
18.28991762,-90.90227451,2018,Centroamérica,Mexico,Accidente de transporte,Sin ruta registrada,Desconocido,1
26.23522474,-98.52141675,2018,Norteamérica,United States of America,Ahogamiento,Frontera EE.UU.-México,Guatemala,1
32.02534,-112.16112,2018,Norteamérica,United States of America,Mixta o desconocida,Frontera EE.UU.-México,Desconocido,1
32.371725,-112.86071,2018,Norteamérica,United States of America,Mixta o desconocida,Frontera EE.UU.-México,Desconocido,1
32.09068,-112.99006,2018,Norteamérica,United States of America,Mixta o desconocida,Frontera EE.UU.-México,Desconocido,1
26.21810962,-98.48265329,2018,Norteamérica,United States of America,Ahogamiento,Frontera EE.UU.-México,Desconocido,1
26.18298778,-98.40559339,2018,Norteamérica,United States of America,Ahogamiento,Frontera EE.UU.-México,Guatemala,1
32.65360197,-115.6563535,2018,Norteamérica,United States of America,Ahogamiento,Frontera EE.UU.-México,Mexico,1
27.0348724,-98.0672338,2018,Norteamérica,United States of America,Mixta o desconocida,Frontera EE.UU.-México,Desconocido,1
27.1192579,-98.2291293,2018,Norteamérica,United States of America,Mixta o desconocida,Frontera EE.UU.-México,Desconocido,1
26.11688747,-98.26578126,2018,Norteamérica,United States of America,Ahogamiento,Frontera EE.UU.-México,Honduras,1
26.11715037,-98.26563276,2018,Norteamérica,United States of America,Ahogamiento,Frontera EE.UU.-México,Desconocido,1
32.06248,-112.37983,2018,Norteamérica,United States of America,Mixta o desconocida,Frontera EE.UU.-México,Desconocido,1
26.9768234,-98.0653006,2018,Norteamérica,United States of America,Mixta o desconocida,Frontera EE.UU.-México,Desconocido,1
31.92082,-112.94112,2018,Norteamérica,United States of America,Mixta o desconocida,Frontera EE.UU.-México,Desconocido,1
31.4426,-111.2589,2018,Norteamérica,United States of America,Mixta o desconocida,Frontera EE.UU.-México,Guatemala,1
24.81846937,-107.5327177,2018,Centroamérica,Mexico,Accidente de transporte,Sin ruta registrada,Desconocido,1
27.59667636,-99.53703104,2018,Centroamérica,Mexico,Ahogamiento,Frontera EE.UU.-México,Desconocido,2
17.989456,-92.9475061,2018,Centroamérica,Mexico,Accidente de transporte,Sin ruta registrada,Honduras,1
31.816167,-111.394667,2018,Norteamérica,United States of America,Mixta o desconocida,Frontera EE.UU.-México,Desconocido,1
31.855347,-111.43385,2018,Norteamérica,United States of America,Mixta o desconocida,Frontera EE.UU.-México,Desconocido,1
30.20212717,-103.9471519,2018,Norteamérica,United States of America,Mixta o desconocida,Frontera EE.UU.-México,Desconocido,1
26.1094297,-98.33705057,2018,Centroamérica,Mexico,Ahogamiento,Frontera EE.UU.-México,Desconocido,1
25.1889176,-99.8363028,2018,Centroamérica,Mexico,Accidente de transporte,Sin ruta registrada,Desconocido,1
20.5134143,-100.9948315,2018,Centroamérica,Mexico,Accidente de transporte,Sin ruta registrada,Desconocido,1
31.9107,-112.65538,2018,Norteamérica,United States of America,Mixta o desconocida,Frontera EE.UU.-México,Desconocido,1
7.868527461,-72.45171432,2018,Sudamérica,Colombia,Ahogamiento,Sin ruta registrada,Venezuela,6
19.69237929,-71.75470623,2018,Caribe,Dominican Republic,Violencia,Haití a Rep. Dominicana,Haiti,1
26.08691167,-97.92837408,2018,Norteamérica,United States of America,Accidente de transporte,Frontera EE.UU.-México,Desconocido,1
31.620933,-111.51375,2018,Norteamérica,United States of America,Mixta o desconocida,Frontera EE.UU.-México,Guatemala,1
31.99903,-112.12455,2018,Norteamérica,United States of America,Mixta o desconocida,Frontera EE.UU.-México,Desconocido,1
31.831667,-112.361361,2018,Norteamérica,United States of America,Mixta o desconocida,Frontera EE.UU.-México,Desconocido,1
32.401967,-113.137283,2018,Norteamérica,United States of America,Condiciones ambientales extremas,Frontera EE.UU.-México,Mexico,1
26.3337438,-98.4359566,2018,Norteamérica,United States of America,Mixta o desconocida,Frontera EE.UU.-México,Desconocido,1
27.47621158,-99.48228546,2018,Centroamérica,Mexico,Ahogamiento,Frontera EE.UU.-México,Desconocido,1
18.88888852,-96.94592355,2018,Centroamérica,Mexico,Accidente de transporte,Sin ruta registrada,Honduras,1
27.62841753,-99.63131046,2018,Centroamérica,Mexico,Ahogamiento,Frontera EE.UU.-México,Desconocido,1
19.30280065,-99.64178587,2018,Centroamérica,Mexico,Violencia,Sin ruta registrada,El Salvador,1
31.58603,-111.04718,2018,Norteamérica,United States of America,Mixta o desconocida,Frontera EE.UU.-México,Desconocido,1
26.18352445,-98.40740425,2018,Norteamérica,United States of America,Ahogamiento,Frontera EE.UU.-México,Desconocido,1
31.941118,-111.741385,2018,Norteamérica,United States of America,Condiciones ambientales extremas,Frontera EE.UU.-México,Guatemala,1
26.98418383,-97.721268,2018,Norteamérica,United States of America,Mixta o desconocida,Frontera EE.UU.-México,Desconocido,1
18.00023524,-94.55561892,2018,Centroamérica,Mexico,Accidente de transporte,Sin ruta registrada,Desconocido,1
32.31893,-113.08683,2018,Norteamérica,United States of America,Mixta o desconocida,Frontera EE.UU.-México,Desconocido,1
31.94245,-112.1402,2018,Norteamérica,United States of America,Mixta o desconocida,Frontera EE.UU.-México,Desconocido,1
27.2251015,-98.3998009,2018,Norteamérica,United States of America,Mixta o desconocida,Frontera EE.UU.-México,Desconocido,1
26.90287734,-97.84757452,2018,Norteamérica,United States of America,Mixta o desconocida,Frontera EE.UU.-México,Desconocido,1
29.1996732,-100.7497015,2018,Norteamérica,United States of America,Ahogamiento,Frontera EE.UU.-México,Desconocido,1
25.8439195,-97.37176233,2018,Centroamérica,Mexico,Ahogamiento,Frontera EE.UU.-México,Desconocido,1
27.2542405,-98.3654793,2018,Norteamérica,United States of America,Mixta o desconocida,Frontera EE.UU.-México,Desconocido,1
27.48707358,-99.48017889,2018,Norteamérica,United States of America,Ahogamiento,Frontera EE.UU.-México,Bangladesh,1
31.9704,-112.096667,2018,Norteamérica,United States of America,Condiciones ambientales extremas,Frontera EE.UU.-México,Guatemala,1
25.88731568,-97.51193807,2018,Centroamérica,Mexico,Ahogamiento,Frontera EE.UU.-México,Desconocido,1
30.71940532,-112.1567047,2018,Centroamérica,Mexico,Accidente de transporte,Sin ruta registrada,Desconocido,1
26.97235332,-97.82014496,2018,Norteamérica,United States of America,Mixta o desconocida,Frontera EE.UU.-México,Desconocido,1
32.07687,-112.9487,2018,Norteamérica,United States of America,Mixta o desconocida,Frontera EE.UU.-México,Desconocido,1
27.0469674,-98.2500554,2018,Norteamérica,United States of America,Mixta o desconocida,Frontera EE.UU.-México,Desconocido,1
31.53072,-111.63427,2018,Norteamérica,United States of America,Mixta o desconocida,Frontera EE.UU.-México,Desconocido,1
28.44226217,-100.0308988,2018,Norteamérica,United States of America,Mixta o desconocida,Frontera EE.UU.-México,Mexico,1
31.578467,-110.121633,2018,Norteamérica,United States of America,Condiciones ambientales extremas,Frontera EE.UU.-México,Mexico,1
30.69536885,-104.8766045,2018,Norteamérica,United States of America,Mixta o desconocida,Frontera EE.UU.-México,Mexico,1
17.31572257,-96.92453667,2018,Centroamérica,Mexico,Violencia,Sin ruta registrada,Guatemala,1
27.36266416,-99.4918003,2018,Norteamérica,United States of America,Violencia,Frontera EE.UU.-México,Guatemala,1
27.1572959,-98.0664756,2018,Norteamérica,United States of America,Mixta o desconocida,Frontera EE.UU.-México,Mexico,1
26.8747065,-97.82834845,2018,Norteamérica,United States of America,Mixta o desconocida,Frontera EE.UU.-México,Desconocido,1
27.47701975,-99.48124509,2018,Norteamérica,United States of America,Ahogamiento,Frontera EE.UU.-México,Desconocido,2
27.418609,-99.490436,2018,Centroamérica,Mexico,Ahogamiento,Frontera EE.UU.-México,Guatemala,1
26.09520171,-98.27205729,2018,Centroamérica,Mexico,Ahogamiento,Frontera EE.UU.-México,Desconocido,1
18.44135431,-96.35677633,2018,Centroamérica,Mexico,Accidente de transporte,Sin ruta registrada,Honduras,1
31.663483,-111.979733,2018,Norteamérica,United States of America,Mixta o desconocida,Frontera EE.UU.-México,Desconocido,1
31.977252,-111.275058,2018,Norteamérica,United States of America,Condiciones ambientales extremas,Frontera EE.UU.-México,Guatemala,1
26.22326487,-98.44992824,2018,Norteamérica,United States of America,Ahogamiento,Frontera EE.UU.-México,Colombia,1
29.54303384,-102.9143941,2018,Norteamérica,United States of America,Condiciones ambientales extremas,Frontera EE.UU.-México,Mexico,1
26.2434051,-98.5616885,2018,Norteamérica,United States of America,Ahogamiento,Frontera EE.UU.-México,Guatemala,1
32.70859404,-115.5160286,2018,Norteamérica,United States of America,Ahogamiento,Frontera EE.UU.-México,Mexico,1
16.38536308,-95.1292364,2018,Centroamérica,Mexico,Accidente de transporte,Sin ruta registrada,Honduras,1
32.53423719,-117.1237994,2018,Centroamérica,Mexico,Ahogamiento,Frontera EE.UU.-México,Desconocido,1
27.18872,-98.172621,2018,Norteamérica,United States of America,Mixta o desconocida,Frontera EE.UU.-México,Desconocido,1
25.92027579,-97.51670987,2018,Norteamérica,United States of America,Mixta o desconocida,Frontera EE.UU.-México,Desconocido,1
26.19126342,-98.35825218,2018,Norteamérica,United States of America,Mixta o desconocida,Frontera EE.UU.-México,Desconocido,1
17.54286253,-91.99025596,2018,Centroamérica,Mexico,Accidente de transporte,Sin ruta registrada,Desconocido,1
32.246133,-111.721767,2018,Norteamérica,United States of America,Mixta o desconocida,Frontera EE.UU.-México,Desconocido,1
32.67151668,-115.5190298,2018,Norteamérica,United States of America,Ahogamiento,Frontera EE.UU.-México,Mexico,1
31.883433,-112.672922,2018,Norteamérica,United States of America,Mixta o desconocida,Frontera EE.UU.-México,Desconocido,1
25.54209857,-100.9526633,2018,Centroamérica,Mexico,Accidente de transporte,Sin ruta registrada,Desconocido,1
32.29341,-111.36856,2018,Norteamérica,United States of America,Mixta o desconocida,Frontera EE.UU.-México,Desconocido,1
28.6280361,-100.1589541,2018,Norteamérica,United States of America,Condiciones ambientales extremas,Frontera EE.UU.-México,Mexico,1
26.10449735,-98.41737142,2018,Centroamérica,Mexico,Muerte accidental,Frontera EE.UU.-México,Guatemala,1
26.5813322,-98.1457171,2018,Norteamérica,United States of America,Mixta o desconocida,Frontera EE.UU.-México,Guatemala,1
26.22477656,-98.44456954,2018,Norteamérica,United States of America,Ahogamiento,Frontera EE.UU.-México,Desconocido,1
26.22353436,-98.44975658,2018,Norteamérica,United States of America,Ahogamiento,Frontera EE.UU.-México,Desconocido,1
28.71141286,-100.5090595,2018,Centroamérica,Mexico,Ahogamiento,Frontera EE.UU.-México,Desconocido,1
28.2616536,-99.8093986,2018,Norteamérica,United States of America,Condiciones ambientales extremas,Frontera EE.UU.-México,Mexico,1
31.34262,-110.99307,2018,Norteamérica,United States of America,Mixta o desconocida,Frontera EE.UU.-México,Desconocido,1
31.5337,-111.3615,2018,Norteamérica,United States of America,Mixta o desconocida,Frontera EE.UU.-México,Desconocido,1
26.83260484,-97.81739838,2018,Norteamérica,United States of America,Mixta o desconocida,Frontera EE.UU.-México,Desconocido,1
28.90050828,-100.6121371,2018,Centroamérica,Mexico,Ahogamiento,Frontera EE.UU.-México,Desconocido,1
26.9819963,-98.405339,2018,Norteamérica,United States of America,Mixta o desconocida,Frontera EE.UU.-México,Desconocido,1
31.928817,-111.787717,2018,Norteamérica,United States of America,Condiciones ambientales extremas,Frontera EE.UU.-México,Guatemala,1
32.20998,-111.77463,2018,Norteamérica,United States of America,Mixta o desconocida,Frontera EE.UU.-México,Desconocido,1
27.0756302,-98.4526138,2018,Norteamérica,United States of America,Mixta o desconocida,Frontera EE.UU.-México,Desconocido,1
32.068833,-112.933617,2018,Norteamérica,United States of America,Mixta o desconocida,Frontera EE.UU.-México,Desconocido,1
27.2469995,-98.4312437,2018,Norteamérica,United States of America,Mixta o desconocida,Frontera EE.UU.-México,Desconocido,1
27.59667636,-99.53703104,2018,Centroamérica,Mexico,Ahogamiento,Frontera EE.UU.-México,Desconocido,1
28.57339039,-99.55968769,2018,Norteamérica,United States of America,Accidente de transporte,Frontera EE.UU.-México,Mexico,5
32.420833,-113.134567,2018,Norteamérica,United States of America,Condiciones ambientales extremas,Frontera EE.UU.-México,Mexico,1
27.1817247,-98.3827415,2018,Norteamérica,United States of America,Mixta o desconocida,Frontera EE.UU.-México,Desconocido,1
31.66155,-111.12683,2018,Norteamérica,United States of America,Condiciones ambientales extremas,Frontera EE.UU.-México,Mexico,1
28.9289428,-100.5010491,2018,Norteamérica,United States of America,Condiciones ambientales extremas,Frontera EE.UU.-México,Mexico,1
26.21584469,-98.45023436,2018,Norteamérica,United States of America,Ahogamiento,Frontera EE.UU.-México,Desconocido,1
31.95801,-112.03636,2018,Norteamérica,United States of America,Mixta o desconocida,Frontera EE.UU.-México,Desconocido,1
32.17427,-112.84393,2018,Norteamérica,United States of America,Mixta o desconocida,Frontera EE.UU.-México,Desconocido,1
32.166867,-113.008267,2018,Norteamérica,United States of America,Mixta o desconocida,Frontera EE.UU.-México,Guatemala,1
32.3895,-111.71621,2018,Norteamérica,United States of America,Mixta o desconocida,Frontera EE.UU.-México,Desconocido,1
31.76476,-112.0187,2018,Norteamérica,United States of America,Mixta o desconocida,Frontera EE.UU.-México,Mexico,1
31.76463,-112.01851,2018,Norteamérica,United States of America,Mixta o desconocida,Frontera EE.UU.-México,Mexico,1
27.2637595,-98.3953063,2018,Norteamérica,United States of America,Mixta o desconocida,Frontera EE.UU.-México,Desconocido,1
27.2445426,-97.8605978,2018,Norteamérica,United States of America,Ahogamiento,Frontera EE.UU.-México,Honduras,1
27.0140839,-98.2920335,2018,Norteamérica,United States of America,Mixta o desconocida,Frontera EE.UU.-México,Honduras,1
27.2637595,-98.3953063,2018,Norteamérica,United States of America,Mixta o desconocida,Frontera EE.UU.-México,Desconocido,1
32.70876641,-115.9950278,2018,Norteamérica,United States of America,Condiciones ambientales extremas,Frontera EE.UU.-México,Desconocido,1
26.07057928,-98.23060384,2018,Centroamérica,Mexico,Ahogamiento,Frontera EE.UU.-México,Desconocido,1
32.560667,-111.961767,2018,Norteamérica,United States of America,Condiciones ambientales extremas,Frontera EE.UU.-México,Peru,1
28.64226414,-100.3305634,2018,Norteamérica,United States of America,Condiciones ambientales extremas,Frontera EE.UU.-México,Mexico,1
32.02263,-110.072227,2018,Norteamérica,United States of America,Condiciones ambientales extremas,Frontera EE.UU.-México,Guatemala,1
31.772583,-111.913967,2018,Norteamérica,United States of America,Mixta o desconocida,Frontera EE.UU.-México,Mexico,1
32.026033,-111.796533,2018,Norteamérica,United States of America,Mixta o desconocida,Frontera EE.UU.-México,Mexico,1
26.37566816,-109.0102627,2018,Centroamérica,Mexico,Accidente de transporte,Sin ruta registrada,Desconocido,1
31.463733,-111.320816,2018,Norteamérica,United States of America,Condiciones ambientales extremas,Frontera EE.UU.-México,Guatemala,1
26.29203835,-98.56431965,2018,Norteamérica,United States of America,Mixta o desconocida,Frontera EE.UU.-México,Desconocido,1
26.3759813,-98.1436497,2018,Norteamérica,United States of America,Condiciones ambientales extremas,Frontera EE.UU.-México,El Salvador,1
26.22469956,-98.44542785,2018,Norteamérica,United States of America,Ahogamiento,Frontera EE.UU.-México,El Salvador,1
27.20011906,-98.21558253,2018,Norteamérica,United States of America,Mixta o desconocida,Frontera EE.UU.-México,Honduras,1
32.70632156,-115.9914334,2018,Norteamérica,United States of America,Condiciones ambientales extremas,Frontera EE.UU.-México,Mexico,1
32.39908,-113.1325,2018,Norteamérica,United States of America,Mixta o desconocida,Frontera EE.UU.-México,Honduras,1
27.508628,-99.52623012,2018,Centroamérica,Mexico,Ahogamiento,Frontera EE.UU.-México,Desconocido,1
20.19237,-100.88099,2018,Centroamérica,Mexico,Accidente de transporte,Sin ruta registrada,Desconocido,1
28.71236176,-100.5084973,2018,Centroamérica,Mexico,Ahogamiento,Frontera EE.UU.-México,Honduras,1
18.73582359,-97.41182435,2018,Centroamérica,Mexico,Accidente de transporte,Sin ruta registrada,El Salvador,1
31.98108,-113.0092,2018,Norteamérica,United States of America,Condiciones ambientales extremas,Frontera EE.UU.-México,India,1
32.68075667,-115.4481011,2018,Norteamérica,United States of America,Ahogamiento,Frontera EE.UU.-México,Mexico,1
31.34503,-109.65946,2018,Norteamérica,United States of America,Mixta o desconocida,Frontera EE.UU.-México,Mexico,1
32.36727858,-115.8858753,2018,Norteamérica,United States of America,Condiciones ambientales extremas,Frontera EE.UU.-México,Mexico,1
31.89888997,-112.0571052,2018,Norteamérica,United States of America,Mixta o desconocida,Frontera EE.UU.-México,Desconocido,1
32.808158,-116.206269,2018,Norteamérica,United States of America,Mixta o desconocida,Frontera EE.UU.-México,Mexico,1
31.706,-112.004178,2018,Norteamérica,United States of America,Condiciones ambientales extremas,Frontera EE.UU.-México,Honduras,1
31.5789,-111.690817,2018,Norteamérica,United States of America,Mixta o desconocida,Frontera EE.UU.-México,Desconocido,1
32.44866,-111.72683,2018,Norteamérica,United States of America,Mixta o desconocida,Frontera EE.UU.-México,Mexico,1
26.41288059,-99.03396164,2018,Centroamérica,Mexico,Ahogamiento,Frontera EE.UU.-México,Guatemala,1
25.51901727,-103.4365844,2018,Centroamérica,Mexico,Accidente de transporte,Sin ruta registrada,Desconocido,1
8.683377435,-77.34731163,2018,Sudamérica,Colombia,Ahogamiento,Tapón del Darién,Cuba,1
27.6222604,-99.54943728,2018,Norteamérica,United States of America,Condiciones ambientales extremas,Frontera EE.UU.-México,Mexico,1
31.527017,-111.57985,2018,Norteamérica,United States of America,Mixta o desconocida,Frontera EE.UU.-México,El Salvador,1
31.45098,-110.36345,2018,Norteamérica,United States of America,Mixta o desconocida,Frontera EE.UU.-México,Desconocido,1
31.460833,-110.082667,2018,Norteamérica,United States of America,Condiciones ambientales extremas,Frontera EE.UU.-México,Mexico,1
25.42056422,-101.016037,2018,Centroamérica,Mexico,Accidente de transporte,Sin ruta registrada,Desconocido,1
28.2616536,-99.8093986,2018,Norteamérica,United States of America,Condiciones ambientales extremas,Frontera EE.UU.-México,Desconocido,1
28.69742536,-100.5108255,2018,Centroamérica,Mexico,Ahogamiento,Frontera EE.UU.-México,Desconocido,1
27.13573851,-98.64676591,2018,Norteamérica,United States of America,Condiciones ambientales extremas,Frontera EE.UU.-México,Guatemala,1
27.60461584,-99.39906191,2018,Norteamérica,United States of America,Condiciones ambientales extremas,Frontera EE.UU.-México,Guatemala,1
32.70537292,-115.1729994,2018,Norteamérica,United States of America,Condiciones ambientales extremas,Frontera EE.UU.-México,Desconocido,1
32.3881816,-115.2257264,2018,Centroamérica,Mexico,Accidente de transporte,Sin ruta registrada,Desconocido,1
27.59122842,-99.40592836,2018,Norteamérica,United States of America,Condiciones ambientales extremas,Frontera EE.UU.-México,Mexico,1
32.02695,-111.33135,2018,Norteamérica,United States of America,Mixta o desconocida,Frontera EE.UU.-México,Mexico,1
32.38738,-113.14806,2018,Norteamérica,United States of America,Mixta o desconocida,Frontera EE.UU.-México,Desconocido,1
32.39185,-113.14552,2018,Norteamérica,United States of America,Mixta o desconocida,Frontera EE.UU.-México,Desconocido,1
31.853633,-112.722683,2018,Norteamérica,United States of America,Condiciones ambientales extremas,Frontera EE.UU.-México,Mexico,1
27.49922382,-99.5076524,2018,Centroamérica,Mexico,Ahogamiento,Frontera EE.UU.-México,Mexico,1
26.29603975,-98.56500629,2018,Norteamérica,United States of America,Enfermedad o falta de atención,Frontera EE.UU.-México,Mexico,1
32.69922199,-115.2280386,2018,Norteamérica,United States of America,Condiciones ambientales extremas,Frontera EE.UU.-México,Desconocido,1
7.18334,-72.8833,2018,Sudamérica,Colombia,Condiciones ambientales extremas,Sin ruta registrada,Venezuela,1
32.69922199,-115.2280386,2018,Norteamérica,United States of America,Condiciones ambientales extremas,Frontera EE.UU.-México,Desconocido,1
27.01836874,-98.32654037,2018,Norteamérica,United States of America,Mixta o desconocida,Frontera EE.UU.-México,Desconocido,1
32.71264677,-114.9430239,2018,Norteamérica,United States of America,Ahogamiento,Frontera EE.UU.-México,Desconocido,1
32.71264677,-114.9430239,2018,Norteamérica,United States of America,Ahogamiento,Frontera EE.UU.-México,Desconocido,1
32.124,-111.724883,2018,Norteamérica,United States of America,Mixta o desconocida,Frontera EE.UU.-México,Honduras,1
32.124,-111.724883,2018,Norteamérica,United States of America,Condiciones ambientales extremas,Frontera EE.UU.-México,Desconocido,1
32.65909363,-115.5902407,2018,Norteamérica,United States of America,Ahogamiento,Frontera EE.UU.-México,Desconocido,1
31.58363647,-106.2268486,2018,Norteamérica,United States of America,Ahogamiento,Frontera EE.UU.-México,El Salvador,1
26.15417936,-98.178919,2018,Norteamérica,United States of America,Mixta o desconocida,Frontera EE.UU.-México,Desconocido,1
31.950013,-112.866818,2018,Norteamérica,United States of America,Condiciones ambientales extremas,Frontera EE.UU.-México,Honduras,1
7.818634,-72.450832,2018,Sudamérica,Venezuela (Bolivarian Republic of),Ahogamiento,Sin ruta registrada,Venezuela,1
27.8174487,-99.0128926,2018,Norteamérica,United States of America,Mixta o desconocida,Frontera EE.UU.-México,Desconocido,38
31.59575,-111.73235,2018,Norteamérica,United States of America,Condiciones ambientales extremas,Frontera EE.UU.-México,Guatemala,1
32.39424,-112.849739,2018,Norteamérica,United States of America,Condiciones ambientales extremas,Frontera EE.UU.-México,Mexico,1
23.1278889,-101.1136153,2018,Centroamérica,Mexico,Accidente de transporte,Sin ruta registrada,Honduras,1
31.77237,-111.1197,2018,Norteamérica,United States of America,Mixta o desconocida,Frontera EE.UU.-México,Desconocido,1
31.38236,-110.07636,2018,Norteamérica,United States of America,Ahogamiento,Frontera EE.UU.-México,Mexico,1
19.4098546,-98.09432452,2018,Centroamérica,Mexico,Accidente de transporte,Sin ruta registrada,Desconocido,1
32.67425459,-115.4174504,2018,Norteamérica,United States of America,Condiciones ambientales extremas,Frontera EE.UU.-México,Desconocido,1
25.4492883,-102.1747077,2018,Centroamérica,Mexico,Accidente de transporte,Sin ruta registrada,Honduras,1
32.096161,-111.401711,2018,Norteamérica,United States of America,Mixta o desconocida,Frontera EE.UU.-México,Desconocido,1
7.18870486,-72.88372915,2018,Sudamérica,Colombia,Condiciones ambientales extremas,Sin ruta registrada,Venezuela,3
24.80749464,-107.4083665,2018,Centroamérica,Mexico,Accidente de transporte,Sin ruta registrada,Honduras,1
29.26502564,-103.7825871,2018,Norteamérica,United States of America,Ahogamiento,Frontera EE.UU.-México,Mexico,1
31.7894,-111.854867,2018,Norteamérica,United States of America,Mixta o desconocida,Frontera EE.UU.-México,Guatemala,1
0.8140384,-77.6640373,2018,Sudamérica,Colombia,Condiciones ambientales extremas,Sin ruta registrada,Nigeria,1
31.79556,-112.12925,2018,Norteamérica,United States of America,Mixta o desconocida,Frontera EE.UU.-México,Desconocido,1
28.7410473,-100.3497895,2018,Norteamérica,United States of America,Mixta o desconocida,Frontera EE.UU.-México,Desconocido,1
-0.22979493,-78.3428648,2018,Sudamérica,Ecuador,Accidente de transporte,Sin ruta registrada,Venezuela,4
32.545311,-117.0683147,2018,Norteamérica,United States of America,Enfermedad o falta de atención,Frontera EE.UU.-México,Mexico,1
18.34112905,-67.3450463,2018,Caribe,Puerto Rico,Ahogamiento,Rep. Dominicana a Puerto Rico,Rep. Dominicana,3
31.58755,-111.74853,2018,Norteamérica,United States of America,Mixta o desconocida,Frontera EE.UU.-México,Desconocido,1
28.71222401,-100.5085989,2018,Centroamérica,Mexico,Ahogamiento,Frontera EE.UU.-México,Honduras,1
18.1451955,-94.4242366,2018,Centroamérica,Mexico,Accidente de transporte,Sin ruta registrada,Desconocido,3
28.69892158,-100.5111223,2018,Centroamérica,Mexico,Ahogamiento,Frontera EE.UU.-México,Desconocido,1
28.67079735,-97.04659796,2018,Norteamérica,United States of America,Mixta o desconocida,Frontera EE.UU.-México,Desconocido,1
26.0937258,-98.26890489,2018,Norteamérica,United States of America,Ahogamiento,Frontera EE.UU.-México,Desconocido,1
26.13253824,-97.91292455,2018,Norteamérica,United States of America,Ahogamiento,Frontera EE.UU.-México,Desconocido,1
31.9122,-111.9729,2018,Norteamérica,United States of America,Condiciones ambientales extremas,Frontera EE.UU.-México,Desconocido,1
28.03081382,-99.431383,2018,Norteamérica,United States of America,Condiciones ambientales extremas,Frontera EE.UU.-México,Desconocido,1
28.71894566,-100.507989,2018,Centroamérica,Mexico,Ahogamiento,Frontera EE.UU.-México,Desconocido,1
26.23076399,-98.47187118,2018,Norteamérica,United States of America,Ahogamiento,Frontera EE.UU.-México,Desconocido,2
28.4116514,-99.8124935,2018,Norteamérica,United States of America,Condiciones ambientales extremas,Frontera EE.UU.-México,Mexico,1
32.65718689,-115.6071333,2018,Norteamérica,United States of America,Ahogamiento,Frontera EE.UU.-México,Desconocido,1
32.45311,-111.77861,2018,Norteamérica,United States of America,Condiciones ambientales extremas,Frontera EE.UU.-México,Mexico,1
26.13007239,-97.91412618,2018,Norteamérica,United States of America,Ahogamiento,Frontera EE.UU.-México,Desconocido,1
26.8697147,-97.6982272,2018,Norteamérica,United States of America,Mixta o desconocida,Frontera EE.UU.-México,Desconocido,1
27.4290796,-99.49308582,2018,Centroamérica,Mexico,Ahogamiento,Frontera EE.UU.-México,Desconocido,1
26.2024468,-98.4471322,2018,Centroamérica,Mexico,Ahogamiento,Frontera EE.UU.-México,Desconocido,1
26.26328036,-98.64990635,2018,Norteamérica,United States of America,Mixta o desconocida,Frontera EE.UU.-México,Desconocido,1
25.47693106,-102.172679,2018,Centroamérica,Mexico,Accidente de transporte,Sin ruta registrada,Guatemala,2
32.52525101,-116.2139882,2018,Norteamérica,United States of America,Condiciones ambientales extremas,Frontera EE.UU.-México,Mexico,1
18.01366319,-94.67049538,2018,Centroamérica,Mexico,Accidente de transporte,Sin ruta registrada,Honduras,1
27.7771392,-98.71254998,2018,Norteamérica,United States of America,Mixta o desconocida,Frontera EE.UU.-México,Desconocido,1
27.23036379,-98.19337731,2018,Norteamérica,United States of America,Condiciones ambientales extremas,Frontera EE.UU.-México,Mexico,1
31.980617,-112.1315,2018,Norteamérica,United States of America,Mixta o desconocida,Frontera EE.UU.-México,Desconocido,1
29.22662159,-100.3632389,2018,Norteamérica,United States of America,Mixta o desconocida,Frontera EE.UU.-México,Desconocido,1
27.20904229,-98.67285844,2018,Norteamérica,United States of America,Mixta o desconocida,Frontera EE.UU.-México,Desconocido,1
31.66104153,-106.2563086,2018,Norteamérica,United States of America,Ahogamiento,Frontera EE.UU.-México,Desconocido,2
28.00440754,-99.56709719,2018,Norteamérica,United States of America,Condiciones ambientales extremas,Frontera EE.UU.-México,Desconocido,1
31.7164,-111.694,2018,Norteamérica,United States of America,Mixta o desconocida,Frontera EE.UU.-México,Mexico,1
28.69848011,-100.5102425,2018,Norteamérica,United States of America,Ahogamiento,Frontera EE.UU.-México,Mexico,1
26.0655875,-98.1665895,2018,Norteamérica,United States of America,Ahogamiento,Frontera EE.UU.-México,Desconocido,1
30.56753899,-103.9873224,2018,Norteamérica,United States of America,Mixta o desconocida,Frontera EE.UU.-México,Desconocido,1
26.88328098,-97.85512762,2018,Norteamérica,United States of America,Mixta o desconocida,Frontera EE.UU.-México,Desconocido,1
27.62286878,-99.35648989,2018,Norteamérica,United States of America,Condiciones ambientales extremas,Frontera EE.UU.-México,Desconocido,1
31.798639,-112.108889,2018,Norteamérica,United States of America,Mixta o desconocida,Frontera EE.UU.-México,Desconocido,1
25.7954349,-99.176062,2018,Centroamérica,Mexico,Mixta o desconocida,Sin ruta registrada,Desconocido,1
17.99655492,-95.41485496,2018,Centroamérica,Mexico,Violencia,Sin ruta registrada,Desconocido,2
25.73115545,-100.5395076,2018,Centroamérica,Mexico,Violencia,Sin ruta registrada,El Salvador,1
31.50396,-111.45824,2018,Norteamérica,United States of America,Condiciones ambientales extremas,Frontera EE.UU.-México,Guatemala,1
31.830128,-111.837679,2018,Norteamérica,United States of America,Condiciones ambientales extremas,Frontera EE.UU.-México,Guatemala,1
32.34815,-113.14794,2018,Norteamérica,United States of America,Mixta o desconocida,Frontera EE.UU.-México,Desconocido,1
32.65754929,-116.0231094,2018,Norteamérica,United States of America,Condiciones ambientales extremas,Frontera EE.UU.-México,Desconocido,1
32.67416106,-115.7393001,2018,Norteamérica,United States of America,Condiciones ambientales extremas,Frontera EE.UU.-México,Desconocido,1
31.8182,-111.8524,2018,Norteamérica,United States of America,Mixta o desconocida,Frontera EE.UU.-México,Desconocido,1
31.911233,-112.682916,2018,Norteamérica,United States of America,Mixta o desconocida,Frontera EE.UU.-México,Desconocido,1
27.49656692,-99.49156356,2018,Centroamérica,Mexico,Ahogamiento,Frontera EE.UU.-México,Desconocido,1
16.43710335,-94.57437901,2018,Centroamérica,Mexico,Accidente de transporte,Sin ruta registrada,Desconocido,1
32.68249709,-115.3172392,2018,Norteamérica,United States of America,Ahogamiento,Frontera EE.UU.-México,Desconocido,1
16.66501412,-96.29729031,2018,Centroamérica,Mexico,Accidente de transporte,Sin ruta registrada,Guatemala,1
28.6280361,-100.1589541,2018,Norteamérica,United States of America,Mixta o desconocida,Frontera EE.UU.-México,Desconocido,1
33.00647747,-111.3743769,2018,Norteamérica,United States of America,Accidente de transporte,Frontera EE.UU.-México,Guatemala,4
26.21143636,-98.42262821,2018,Norteamérica,United States of America,Mixta o desconocida,Frontera EE.UU.-México,Desconocido,1
27.19614936,-98.19017665,2018,Norteamérica,United States of America,Mixta o desconocida,Frontera EE.UU.-México,Honduras,1
31.5212,-111.00856,2018,Norteamérica,United States of America,Mixta o desconocida,Frontera EE.UU.-México,Desconocido,1
31.68541,-111.99743,2018,Norteamérica,United States of America,Condiciones ambientales extremas,Frontera EE.UU.-México,Guatemala,1
32.39284,-113.03571,2018,Norteamérica,United States of America,Mixta o desconocida,Frontera EE.UU.-México,Mexico,1
27.0281556,-98.20946731,2018,Norteamérica,United States of America,Mixta o desconocida,Frontera EE.UU.-México,El Salvador,1
14.89296869,-92.27452373,2018,Centroamérica,Mexico,Accidente de transporte,Sin ruta registrada,El Salvador,1
31.841567,-111.846017,2018,Norteamérica,United States of America,Mixta o desconocida,Frontera EE.UU.-México,Guatemala,1
32.19413,-112.87121,2018,Norteamérica,United States of America,Mixta o desconocida,Frontera EE.UU.-México,Desconocido,1
26.22443895,-98.44510598,2018,Norteamérica,United States of America,Ahogamiento,Frontera EE.UU.-México,El Salvador,1
26.278674,-98.0555171,2018,Norteamérica,United States of America,Mixta o desconocida,Frontera EE.UU.-México,El Salvador,1
26.22235335,-98.47598489,2018,Norteamérica,United States of America,Mixta o desconocida,Frontera EE.UU.-México,Guatemala,1
27.60339887,-99.35648989,2018,Norteamérica,United States of America,Mixta o desconocida,Frontera EE.UU.-México,India,1
26.23975657,-98.5649342,2018,Norteamérica,United States of America,Mixta o desconocida,Frontera EE.UU.-México,Mexico,1
31.882568,-112.815713,2018,Norteamérica,United States of America,Condiciones ambientales extremas,Frontera EE.UU.-México,Mexico,1
26.1576875,-98.3784375,2018,Norteamérica,United States of America,Mixta o desconocida,Frontera EE.UU.-México,Desconocido,1
28.497581,-100.333312,2018,Norteamérica,United States of America,Ahogamiento,Frontera EE.UU.-México,Desconocido,1
28.33246077,-100.3032934,2018,Norteamérica,United States of America,Ahogamiento,Frontera EE.UU.-México,Desconocido,1
32.12783,-112.34303,2018,Norteamérica,United States of America,Mixta o desconocida,Frontera EE.UU.-México,Desconocido,1
18.7640625,-97.4066875,2018,Centroamérica,Mexico,Accidente de transporte,Sin ruta registrada,Desconocido,1
31.91468,-112.92918,2018,Norteamérica,United States of America,Condiciones ambientales extremas,Frontera EE.UU.-México,Guatemala,1
32.65666899,-116.0125638,2018,Norteamérica,United States of America,Mixta o desconocida,Frontera EE.UU.-México,Desconocido,1
26.01009812,-97.39860685,2018,Norteamérica,United States of America,Mixta o desconocida,Frontera EE.UU.-México,Desconocido,1
26.22230745,-98.45591776,2018,Norteamérica,United States of America,Ahogamiento,Frontera EE.UU.-México,Mexico,1
27.36357889,-99.50347328,2018,Norteamérica,United States of America,Ahogamiento,Frontera EE.UU.-México,Desconocido,1
26.1871099,-98.2259109,2018,Norteamérica,United States of America,Mixta o desconocida,Frontera EE.UU.-México,Guatemala,1
26.86714711,-99.31296755,2018,Norteamérica,United States of America,Ahogamiento,Frontera EE.UU.-México,Desconocido,1
7.752677115,-72.47291562,2018,Sudamérica,Colombia,Ahogamiento,Sin ruta registrada,Venezuela,6
27.49996171,-99.50344209,2018,Centroamérica,Mexico,Ahogamiento,Frontera EE.UU.-México,Rep. Dominicana,1
27.50001691,-99.50184041,2018,Centroamérica,Mexico,Ahogamiento,Frontera EE.UU.-México,Rep. Dominicana,1
20.61410485,-100.8229615,2018,Centroamérica,Mexico,Accidente de transporte,Sin ruta registrada,Honduras,2
31.928333,-111.4485,2018,Norteamérica,United States of America,Mixta o desconocida,Frontera EE.UU.-México,Desconocido,1
31.89933,-111.74916,2018,Norteamérica,United States of America,Mixta o desconocida,Frontera EE.UU.-México,Desconocido,1
31.94448,-113.01205,2018,Norteamérica,United States of America,Mixta o desconocida,Frontera EE.UU.-México,Desconocido,1
32.62150759,-114.8101311,2018,Centroamérica,Mexico,Ahogamiento,Frontera EE.UU.-México,Mexico,1
32.45227,-113.11801,2018,Norteamérica,United States of America,Mixta o desconocida,Frontera EE.UU.-México,Desconocido,1
12.40008995,-69.84954833,2018,Caribe,Aruba,Ahogamiento,Sin ruta registrada,Venezuela,2
28.492892,-99.931529,2018,Norteamérica,United States of America,Mixta o desconocida,Frontera EE.UU.-México,Desconocido,1
14.4498588,-90.6429999,2018,Centroamérica,Guatemala,Accidente de transporte,Sin ruta registrada,Honduras,1
27.22454491,-98.30209987,2018,Norteamérica,United States of America,Mixta o desconocida,Frontera EE.UU.-México,Mexico,1
28.505442,-100.3245713,2018,Norteamérica,United States of America,Mixta o desconocida,Frontera EE.UU.-México,Mexico,1
16.66168767,-92.55863457,2018,Centroamérica,Mexico,Accidente de transporte,Sin ruta registrada,Guatemala,6
27.28593786,-99.40112185,2018,Norteamérica,United States of America,Mixta o desconocida,Frontera EE.UU.-México,Desconocido,1
15.1108171,-92.43089998,2018,Centroamérica,Mexico,Accidente de transporte,Sin ruta registrada,Honduras,1
32.41575,-113.128783,2018,Norteamérica,United States of America,Mixta o desconocida,Frontera EE.UU.-México,Desconocido,1
31.488702,-111.542051,2018,Norteamérica,United States of America,Mixta o desconocida,Frontera EE.UU.-México,Desconocido,1
5.540402403,-73.36125464,2018,Sudamérica,Colombia,Enfermedad o falta de atención,Sin ruta registrada,Venezuela,1
14.67658428,-92.14732112,2018,Centroamérica,Guatemala,Violencia,Sin ruta registrada,Honduras,1
26.4088523,-99.0156554,2018,Norteamérica,United States of America,Enfermedad o falta de atención,Frontera EE.UU.-México,Honduras,1
17.5969832,-92.8265503,2018,Centroamérica,Mexico,Accidente de transporte,Sin ruta registrada,El Salvador,1
27.0273057,-98.2212979,2018,Norteamérica,United States of America,Mixta o desconocida,Frontera EE.UU.-México,Desconocido,3
14.9609782,-91.8074586,2018,Centroamérica,Guatemala,Condiciones ambientales extremas,Sin ruta registrada,El Salvador,1
25.88121179,-97.47965987,2018,Centroamérica,Mexico,Ahogamiento,Frontera EE.UU.-México,Mexico,1
31.8129,-109.72831,2018,Norteamérica,United States of America,Violencia,Frontera EE.UU.-México,Desconocido,1
31.68235,-110.9173,2018,Norteamérica,United States of America,Mixta o desconocida,Frontera EE.UU.-México,Desconocido,1
28.50710135,-100.3182198,2018,Norteamérica,United States of America,Ahogamiento,Frontera EE.UU.-México,Mexico,1
31.9488,-113.0117,2018,Norteamérica,United States of America,Mixta o desconocida,Frontera EE.UU.-México,Desconocido,1
28.33022071,-100.3013034,2018,Centroamérica,Mexico,Ahogamiento,Frontera EE.UU.-México,Desconocido,1
19.9115315,-99.3637925,2018,Centroamérica,Mexico,Accidente de transporte,Sin ruta registrada,Desconocido,1
27.03121382,-97.97017135,2018,Norteamérica,United States of America,Mixta o desconocida,Frontera EE.UU.-México,Honduras,1
27.19401176,-98.27463405,2018,Norteamérica,United States of America,Mixta o desconocida,Frontera EE.UU.-México,Mexico,1
27.38181879,-99.44828538,2018,Norteamérica,United States of America,Mixta o desconocida,Frontera EE.UU.-México,Mexico,1
25.88865382,-97.52318676,2018,Centroamérica,Mexico,Ahogamiento,Frontera EE.UU.-México,Desconocido,1
19.02521579,-96.31746293,2018,Centroamérica,Mexico,Violencia,Sin ruta registrada,Desconocido,1
20.023597,-99.217633,2018,Centroamérica,Mexico,Accidente de transporte,Sin ruta registrada,Desconocido,1
26.097296,-98.261871,2018,Norteamérica,United States of America,Mixta o desconocida,Frontera EE.UU.-México,Desconocido,1
16.525452,-85.875321,2018,Centroamérica,Honduras,Ahogamiento,Sin ruta registrada,Cuba,2
26.95508123,-97.8283847,2018,Norteamérica,United States of America,Mixta o desconocida,Frontera EE.UU.-México,Desconocido,1
27.33021052,-98.63074618,2018,Norteamérica,United States of America,Mixta o desconocida,Frontera EE.UU.-México,Desconocido,1
32.67309514,-115.3912517,2018,Norteamérica,United States of America,Mixta o desconocida,Frontera EE.UU.-México,Desconocido,1
32.51119784,-116.0802256,2018,Centroamérica,Mexico,Accidente de transporte,Frontera EE.UU.-México,Honduras,1
27.08845474,-98.22404448,2018,Norteamérica,United States of America,Mixta o desconocida,Frontera EE.UU.-México,Desconocido,2
32.5255301,-117.0095886,2018,Centroamérica,Mexico,Enfermedad o falta de atención,Frontera EE.UU.-México,Honduras,1
32.5255301,-117.0095886,2018,Centroamérica,Mexico,Accidente de transporte,Frontera EE.UU.-México,Honduras,1
32.604487,-115.379027,2018,Centroamérica,Mexico,Enfermedad o falta de atención,Frontera EE.UU.-México,Honduras,1
28.75604838,-100.5306054,2018,Centroamérica,Mexico,Ahogamiento,Frontera EE.UU.-México,Desconocido,1
28.267376,-105.477996,2018,Centroamérica,Mexico,Enfermedad o falta de atención,Sin ruta registrada,Guatemala,1
29.09715,-110.919818,2018,Centroamérica,Mexico,Accidente de transporte,Sin ruta registrada,Desconocido,1
27.499653,-99.50531,2018,Centroamérica,Mexico,Ahogamiento,Frontera EE.UU.-México,Mexico,1
32.70505562,-116.3577617,2018,Norteamérica,United States of America,Accidente de transporte,Frontera EE.UU.-México,Mexico,2
32.662275,-116.223979,2018,Norteamérica,United States of America,Accidente de transporte,Frontera EE.UU.-México,Desconocido,3
27.778512,-98.724081,2018,Norteamérica,United States of America,Mixta o desconocida,Frontera EE.UU.-México,Desconocido,1
32.534377,-117.066199,2018,Centroamérica,Mexico,Accidente de transporte,Frontera EE.UU.-México,El Salvador,1
29.60816059,-102.8835701,2018,Norteamérica,United States of America,Enfermedad o falta de atención,Frontera EE.UU.-México,Mexico,1
27.122955,-98.0936,2018,Norteamérica,United States of America,Mixta o desconocida,Frontera EE.UU.-México,Desconocido,1
31.9188,-112.92636,2018,Norteamérica,United States of America,Mixta o desconocida,Frontera EE.UU.-México,Desconocido,1
25.886732,-97.518249,2018,Norteamérica,United States of America,Ahogamiento,Frontera EE.UU.-México,Desconocido,1
26.16075,-98.349042,2018,Norteamérica,United States of America,Ahogamiento,Frontera EE.UU.-México,Desconocido,1
26.150512,-98.33858,2018,Centroamérica,Mexico,Ahogamiento,Frontera EE.UU.-México,Desconocido,1
32.65921362,-115.5774445,2018,Norteamérica,United States of America,Ahogamiento,Frontera EE.UU.-México,Desconocido,1
17.962065,-68.2915,2018,Caribe,Dominican Republic,Ahogamiento,Rep. Dominicana a Puerto Rico,Rep. Dominicana,7
27.427587,-99.491763,2018,Norteamérica,United States of America,Ahogamiento,Frontera EE.UU.-México,Desconocido,1
27.629882,-99.626826,2018,Centroamérica,Mexico,Ahogamiento,Frontera EE.UU.-México,Mexico,1
28.337657,-100.308865,2018,Centroamérica,Mexico,Ahogamiento,Frontera EE.UU.-México,Desconocido,1
17.997026,-95.385768,2018,Centroamérica,Mexico,Violencia,Sin ruta registrada,Guatemala,1
31.770748,-106.499407,2018,Norteamérica,United States of America,Enfermedad o falta de atención,Frontera EE.UU.-México,Guatemala,1
26.18245506,-98.37982216,2018,Norteamérica,United States of America,Mixta o desconocida,Frontera EE.UU.-México,Guatemala,1
32.66548452,-115.502037,2018,Norteamérica,United States of America,Ahogamiento,Frontera EE.UU.-México,Desconocido,1
32.4532,-113.18275,2018,Norteamérica,United States of America,Mixta o desconocida,Frontera EE.UU.-México,Desconocido,1
27.630474,-99.625893,2018,Centroamérica,Mexico,Ahogamiento,Frontera EE.UU.-México,Desconocido,1
29.82761191,-102.5924324,2018,Norteamérica,United States of America,Mixta o desconocida,Frontera EE.UU.-México,Desconocido,1
32.5382967,-117.0140624,2018,Centroamérica,Mexico,Violencia,Frontera EE.UU.-México,Honduras,2
19.1125625,-69.3134375,2018,Caribe,Dominican Republic,Ahogamiento,Rep. Dominicana a Puerto Rico,Rep. Dominicana,6
31.81854,-111.81162,2018,Norteamérica,United States of America,Mixta o desconocida,Frontera EE.UU.-México,Desconocido,1
32.34495,-111.4995,2018,Norteamérica,United States of America,Mixta o desconocida,Frontera EE.UU.-México,Desconocido,1
31.92433,-112.86985,2018,Norteamérica,United States of America,Mixta o desconocida,Frontera EE.UU.-México,Desconocido,1
31.5865,-111.3585,2018,Norteamérica,United States of America,Mixta o desconocida,Frontera EE.UU.-México,Desconocido,1
31.89718908,-106.4391036,2018,Norteamérica,United States of America,Accidente de transporte,Frontera EE.UU.-México,Guatemala,1
28.70236035,-100.5115385,2018,Centroamérica,Mexico,Ahogamiento,Frontera EE.UU.-México,Mexico,1
31.781883,-111.46495,2018,Norteamérica,United States of America,Mixta o desconocida,Frontera EE.UU.-México,Desconocido,1
28.6558304,-100.4806113,2018,Norteamérica,United States of America,Ahogamiento,Frontera EE.UU.-México,Desconocido,1
32.92523881,-105.9331643,2018,Norteamérica,United States of America,Enfermedad o falta de atención,Frontera EE.UU.-México,Guatemala,1
28.75900692,-100.5193484,2018,Norteamérica,United States of America,Condiciones ambientales extremas,Frontera EE.UU.-México,Mexico,1
27.02891699,-98.07034531,2018,Norteamérica,United States of America,Mixta o desconocida,Frontera EE.UU.-México,Mexico,1
32.54188202,-117.1337341,2018,Norteamérica,United States of America,Ahogamiento,Frontera EE.UU.-México,Mexico,1
26.8304375,-79.5253125,2018,Caribe,United States of America,Ahogamiento,Caribe hacia EE.UU.,Bahamas,2
32.27932,-112.8548,2018,Norteamérica,United States of America,Mixta o desconocida,Frontera EE.UU.-México,Desconocido,1
32.6926512,-114.6276916,2018,Norteamérica,United States of America,Mixta o desconocida,Frontera EE.UU.-México,Mexico,2
33.061615,-113.367348,2018,Norteamérica,United States of America,Mixta o desconocida,Frontera EE.UU.-México,Desconocido,1
31.89326,-110.57696,2018,Norteamérica,United States of America,Mixta o desconocida,Frontera EE.UU.-México,Desconocido,1
32.648467,-112.777867,2018,Norteamérica,United States of America,Mixta o desconocida,Frontera EE.UU.-México,Desconocido,1
31.73185,-112.121783,2018,Norteamérica,United States of America,Mixta o desconocida,Frontera EE.UU.-México,Desconocido,1
32.668282,-112.817947,2018,Norteamérica,United States of America,Mixta o desconocida,Frontera EE.UU.-México,Desconocido,1
32.912367,-113.02035,2018,Norteamérica,United States of America,Mixta o desconocida,Frontera EE.UU.-México,Desconocido,1
32.83735,-113.10065,2018,Norteamérica,United States of America,Mixta o desconocida,Frontera EE.UU.-México,Desconocido,1
32.279068,-111.363716,2018,Norteamérica,United States of America,Mixta o desconocida,Frontera EE.UU.-México,Desconocido,1
32.0087,-106.607,2018,Norteamérica,United States of America,Mixta o desconocida,Frontera EE.UU.-México,Desconocido,1
31.5271,-109.029,2018,Norteamérica,United States of America,Condiciones ambientales extremas,Frontera EE.UU.-México,Mexico,1
31.7909,-106.537,2018,Norteamérica,United States of America,Condiciones ambientales extremas,Frontera EE.UU.-México,Mexico,1
31.6226,-108.379,2018,Norteamérica,United States of America,Mixta o desconocida,Frontera EE.UU.-México,Mexico,1
31.8106574,-106.58797,2018,Norteamérica,United States of America,Mixta o desconocida,Frontera EE.UU.-México,El Salvador,1
32.625516,-116.79051,2018,Norteamérica,United States of America,Condiciones ambientales extremas,Frontera EE.UU.-México,Mexico,1
32.590416,-116.829996,2018,Norteamérica,United States of America,Mixta o desconocida,Frontera EE.UU.-México,Mexico,1
32.608597,-116.884088,2018,Norteamérica,United States of America,Mixta o desconocida,Frontera EE.UU.-México,Desconocido,1
32.673688,-116.813612,2018,Norteamérica,United States of America,Violencia,Frontera EE.UU.-México,Mexico,1
32.86348,-114.60437,2018,Norteamérica,United States of America,Mixta o desconocida,Frontera EE.UU.-México,Desconocido,1
32.656797994,-116.268879535,2019,Norteamérica,United States of America,Enfermedad o falta de atención,Frontera EE.UU.-México,Mexico,1
2.352686,-76.683352,2019,Sudamérica,Colombia,Condiciones ambientales extremas,Sin ruta registrada,Venezuela,1
32.20587,-112.97794,2019,Norteamérica,United States of America,Mixta o desconocida,Frontera EE.UU.-México,Mexico,1
27.0663108,-98.1668337,2019,Norteamérica,United States of America,Mixta o desconocida,Frontera EE.UU.-México,Desconocido,1
32.822143433,-115.277954119,2019,Norteamérica,United States of America,Mixta o desconocida,Frontera EE.UU.-México,Desconocido,1
25.4383234,-100.973678,2019,Centroamérica,Mexico,Accidente de transporte,Sin ruta registrada,Honduras,1
18.329901676,-95.812964295,2019,Centroamérica,Mexico,Accidente de transporte,Sin ruta registrada,El Salvador,1
33.388137,-112.228508,2019,Norteamérica,United States of America,Mixta o desconocida,Frontera EE.UU.-México,Desconocido,1
28.730727706,-100.563445216,2019,Centroamérica,Mexico,Violencia,Frontera EE.UU.-México,Honduras,1
19.1780491,-96.1288426,2019,Centroamérica,Mexico,Violencia,Sin ruta registrada,Honduras,1
27.478392338,-99.479276946,2019,Centroamérica,Mexico,Ahogamiento,Frontera EE.UU.-México,Desconocido,2
26.258109879,-98.59673387,2019,Centroamérica,Mexico,Ahogamiento,Frontera EE.UU.-México,Mexico,1
29.0639375,-100.6635625,2019,Centroamérica,Mexico,Ahogamiento,Frontera EE.UU.-México,Mexico,1
32.484934,-111.666239,2019,Norteamérica,United States of America,Mixta o desconocida,Frontera EE.UU.-México,Desconocido,1
31.748033,-111.955733,2019,Norteamérica,United States of America,Condiciones ambientales extremas,Frontera EE.UU.-México,El Salvador,1
32.199917,-113.242333,2019,Norteamérica,United States of America,Mixta o desconocida,Frontera EE.UU.-México,Desconocido,1
32.788117,-113.110767,2019,Norteamérica,United States of America,Mixta o desconocida,Frontera EE.UU.-México,Desconocido,1
32.46409,-113.13683,2019,Norteamérica,United States of America,Mixta o desconocida,Frontera EE.UU.-México,Desconocido,1
32.45611,-113.13738,2019,Norteamérica,United States of America,Mixta o desconocida,Frontera EE.UU.-México,Desconocido,1
32.45311,-113.14,2019,Norteamérica,United States of America,Mixta o desconocida,Frontera EE.UU.-México,Desconocido,1
32.42882,-113.15696,2019,Norteamérica,United States of America,Mixta o desconocida,Frontera EE.UU.-México,Desconocido,1
32.4231,-113.15253,2019,Norteamérica,United States of America,Mixta o desconocida,Frontera EE.UU.-México,Desconocido,1
17.932600659,-94.905738831,2019,Centroamérica,Mexico,Accidente de transporte,Sin ruta registrada,El Salvador,1
27.496386436,-99.52252147,2019,Centroamérica,Mexico,Ahogamiento,Frontera EE.UU.-México,Desconocido,1
30.750805,-104.1930918,2019,Norteamérica,United States of America,Mixta o desconocida,Frontera EE.UU.-México,Guatemala,1
32.825717,-112.621267,2019,Norteamérica,United States of America,Mixta o desconocida,Frontera EE.UU.-México,Desconocido,1
28.741004209,-100.507503434,2019,Norteamérica,United States of America,Ahogamiento,Frontera EE.UU.-México,Desconocido,1
31.6671011,-106.4267678,2019,Centroamérica,Mexico,Accidente de transporte,Frontera EE.UU.-México,Guatemala,2
19.705606861,-99.174764263,2019,Centroamérica,Mexico,Accidente de transporte,Sin ruta registrada,Desconocido,1
31.365883,-110.110767,2019,Norteamérica,United States of America,Mixta o desconocida,Frontera EE.UU.-México,Guatemala,1
26.217242152,-98.455393501,2019,Centroamérica,Mexico,Ahogamiento,Frontera EE.UU.-México,Desconocido,1
31.669,-110.4444,2019,Norteamérica,United States of America,Mixta o desconocida,Frontera EE.UU.-México,Desconocido,1
26.143064684,-98.330164834,2019,Centroamérica,Mexico,Ahogamiento,Frontera EE.UU.-México,Ukraine,1
32.674794575,-115.442020569,2019,Norteamérica,United States of America,Ahogamiento,Frontera EE.UU.-México,Mexico,1
17.871860613,-94.963871768,2019,Centroamérica,Mexico,Accidente de transporte,Sin ruta registrada,Honduras,1
8.641338758,-77.33068918,2019,Sudamérica,Colombia,Ahogamiento,Tapón del Darién,Desconocido,24
27.345466202,-99.506891222,2019,Centroamérica,Mexico,Ahogamiento,Frontera EE.UU.-México,Mexico,3
25.2863125,-101.2815625,2019,Centroamérica,Mexico,Accidente de transporte,Sin ruta registrada,Honduras,1
27.1251894,-98.2224843,2019,Norteamérica,United States of America,Mixta o desconocida,Frontera EE.UU.-México,Desconocido,1
26.082034155,-98.258656088,2019,Norteamérica,United States of America,Ahogamiento,Frontera EE.UU.-México,El Salvador,1
26.510686693,-76.937172306,2019,Caribe,Bahamas,Ahogamiento,Sin ruta registrada,Haiti,31
17.7281699,-91.7589941,2019,Centroamérica,Mexico,Violencia,Sin ruta registrada,Guatemala,1
26.378453484,-98.956549231,2019,Centroamérica,Mexico,Ahogamiento,Frontera EE.UU.-México,Desconocido,1
26.365378242,-98.813139597,2019,Centroamérica,Mexico,Ahogamiento,Frontera EE.UU.-México,Desconocido,1
25.463711664,-100.97989845,2019,Centroamérica,Mexico,Violencia,Sin ruta registrada,Desconocido,1
32.7855,-112.5682,2019,Norteamérica,United States of America,Mixta o desconocida,Frontera EE.UU.-México,Desconocido,1
27.0839226,-98.1827426,2019,Norteamérica,United States of America,Mixta o desconocida,Frontera EE.UU.-México,Desconocido,1
26.094483422,-98.270738236,2019,Centroamérica,Mexico,Ahogamiento,Frontera EE.UU.-México,Honduras,1
19.984811632,-101.150053344,2019,Centroamérica,Mexico,Accidente de transporte,Sin ruta registrada,Mexico,1
28.70036057,-100.510757707,2019,Norteamérica,United States of America,Ahogamiento,Frontera EE.UU.-México,Desconocido,1
27.0663108,-98.1668337,2019,Norteamérica,United States of America,Mixta o desconocida,Frontera EE.UU.-México,Desconocido,1
27.1599135,-98.4664938,2019,Norteamérica,United States of America,Mixta o desconocida,Frontera EE.UU.-México,Mexico,1
22.164571,-100.938266,2019,Centroamérica,Mexico,Accidente de transporte,Sin ruta registrada,Honduras,1
14.676488506,-92.146375389,2019,Centroamérica,Guatemala,Enfermedad o falta de atención,Sin ruta registrada,Honduras,1
32.542375795,-116.99953746,2019,Centroamérica,Mexico,Accidente de transporte,Frontera EE.UU.-México,Guatemala,1
32.5630235,-116.9407905,2019,Norteamérica,United States of America,Accidente de transporte,Frontera EE.UU.-México,Desconocido,1
32.3966,-113.12753,2019,Norteamérica,United States of America,Mixta o desconocida,Frontera EE.UU.-México,Desconocido,1
32.3974,-113.132583,2019,Norteamérica,United States of America,Mixta o desconocida,Frontera EE.UU.-México,Mexico,1
32.7725,-112.457,2019,Norteamérica,United States of America,Mixta o desconocida,Frontera EE.UU.-México,Desconocido,1
27.1754316,-98.2668689,2019,Norteamérica,United States of America,Mixta o desconocida,Frontera EE.UU.-México,Desconocido,1
32.705996627,-115.159694516,2019,Norteamérica,United States of America,Ahogamiento,Frontera EE.UU.-México,Mexico,1
32.09755,-112.911483,2019,Norteamérica,United States of America,Mixta o desconocida,Frontera EE.UU.-México,Desconocido,1
28.718723271,-100.506647433,2019,Norteamérica,United States of America,Ahogamiento,Frontera EE.UU.-México,Mexico,1
-1.4396877,-48.4808635,2019,Sudamérica,Brazil,Mixta o desconocida,Sin ruta registrada,Venezuela,1
32.680466979,-115.448329124,2019,Norteamérica,United States of America,Condiciones ambientales extremas,Frontera EE.UU.-México,Mexico,1
31.797767,-110.2663,2019,Norteamérica,United States of America,Mixta o desconocida,Frontera EE.UU.-México,Desconocido,1
32.12564,-112.87799,2019,Norteamérica,United States of America,Mixta o desconocida,Frontera EE.UU.-México,Desconocido,1
28.620958685,-100.160775038,2019,Norteamérica,United States of America,Ahogamiento,Frontera EE.UU.-México,Mexico,1
32.2902,-111.3771,2019,Norteamérica,United States of America,Mixta o desconocida,Frontera EE.UU.-México,Desconocido,1
31.78875,-112.15048,2019,Norteamérica,United States of America,Mixta o desconocida,Frontera EE.UU.-México,Desconocido,1
31.84255,-112.438933,2019,Norteamérica,United States of America,Mixta o desconocida,Frontera EE.UU.-México,Desconocido,1
16.345883872,-92.595581926,2019,Centroamérica,Mexico,Violencia,Sin ruta registrada,Guatemala,2
32.666091672,-115.52755085,2019,Norteamérica,United States of America,Ahogamiento,Frontera EE.UU.-México,Mexico,1
22.1728887,-100.9674528,2019,Centroamérica,Mexico,Accidente de transporte,Sin ruta registrada,Desconocido,1
-1.4396877,-48.4808635,2019,Sudamérica,Brazil,Enfermedad o falta de atención,Sin ruta registrada,Venezuela,1
32.249683,-111.935167,2019,Norteamérica,United States of America,Mixta o desconocida,Frontera EE.UU.-México,Desconocido,1
8.642780272,-77.529404493,2019,Centroamérica,Panama,Enfermedad o falta de atención,Tapón del Darién,Cuba,1
16.879242771,-92.916367625,2019,Centroamérica,Mexico,Accidente de transporte,Sin ruta registrada,Guatemala,24
31.784017,-112.123567,2019,Norteamérica,United States of America,Mixta o desconocida,Frontera EE.UU.-México,Desconocido,1
18.232326184,-69.057353262,2019,Caribe,Dominican Republic,Ahogamiento,Sin ruta registrada,Rep. Dominicana,1
31.78935,-112.433433,2019,Norteamérica,United States of America,Mixta o desconocida,Frontera EE.UU.-México,Guatemala,1
31.9746,-112.6818,2019,Norteamérica,United States of America,Mixta o desconocida,Frontera EE.UU.-México,Desconocido,1
25.56391416,-103.492111623,2019,Centroamérica,Mexico,Accidente de transporte,Sin ruta registrada,El Salvador,1
24.0571489,-105.4576698,2019,Centroamérica,Mexico,Violencia,Sin ruta registrada,El Salvador,1
32.34555,-113.1166,2019,Norteamérica,United States of America,Mixta o desconocida,Frontera EE.UU.-México,Desconocido,1
27.403037242,-99.478838605,2019,Norteamérica,United States of America,Accidente de transporte,Frontera EE.UU.-México,Ecuador,2
31.823,-111.569833,2019,Norteamérica,United States of America,Condiciones ambientales extremas,Frontera EE.UU.-México,Guatemala,1
19.334475177,-98.069823988,2019,Centroamérica,Mexico,Accidente de transporte,Sin ruta registrada,Honduras,1
32.663359493,-115.603940163,2019,Norteamérica,United States of America,Mixta o desconocida,Frontera EE.UU.-México,Desconocido,1
32.1248,-112.72103,2019,Norteamérica,United States of America,Mixta o desconocida,Frontera EE.UU.-México,Desconocido,1
21.544304856,-72.464247664,2019,Caribe,Turks and Caicos Islands,Ahogamiento,Sin ruta registrada,Haiti,19
31.760028,-112.418722,2019,Norteamérica,United States of America,Mixta o desconocida,Frontera EE.UU.-México,El Salvador,1
23.260560932,-102.337369154,2019,Centroamérica,Mexico,Accidente de transporte,Sin ruta registrada,El Salvador,1
27.425562771,-99.480615395,2019,Norteamérica,United States of America,Accidente de transporte,Frontera EE.UU.-México,Desconocido,1
27.476619775,-99.481873324,2019,Centroamérica,Mexico,Ahogamiento,Frontera EE.UU.-México,Desconocido,1
31.56635,-109.16429,2019,Norteamérica,United States of America,Mixta o desconocida,Frontera EE.UU.-México,Mexico,1
31.813108233,-106.799261943,2019,Norteamérica,United States of America,Accidente de transporte,Frontera EE.UU.-México,Mexico,2
20.249934739,-99.662936105,2019,Centroamérica,Mexico,Accidente de transporte,Sin ruta registrada,Guatemala,1
32.679779166,-115.449979362,2019,Norteamérica,United States of America,Ahogamiento,Frontera EE.UU.-México,Mexico,1
27.2164741,-98.1844026,2019,Norteamérica,United States of America,Mixta o desconocida,Frontera EE.UU.-México,Desconocido,1
27.170058,-98.1775638,2019,Norteamérica,United States of America,Mixta o desconocida,Frontera EE.UU.-México,Honduras,1
32.277567,-111.985583,2019,Norteamérica,United States of America,Mixta o desconocida,Frontera EE.UU.-México,Desconocido,1
27.476374406,-99.482152274,2019,Centroamérica,Mexico,Ahogamiento,Frontera EE.UU.-México,Mexico,1
28.707883038,-100.511306505,2019,Norteamérica,United States of America,Ahogamiento,Frontera EE.UU.-México,El Salvador,1
31.759988641,-106.50243075,2019,Norteamérica,United States of America,Accidente de transporte,Frontera EE.UU.-México,Guatemala,1
27.59712,-99.5372,2019,Centroamérica,Mexico,Ahogamiento,Frontera EE.UU.-México,Ecuador,13
29.320788246,-100.917525824,2019,Centroamérica,Mexico,Ahogamiento,Frontera EE.UU.-México,Mexico,1
26.951081889,-98.367782303,2019,Norteamérica,United States of America,Mixta o desconocida,Frontera EE.UU.-México,Desconocido,2
14.6414231,-90.5462069,2019,Centroamérica,Guatemala,Violencia,Sin ruta registrada,Honduras,1
27.504285017,-99.528458651,2019,Centroamérica,Mexico,Ahogamiento,Frontera EE.UU.-México,Ecuador,1
31.35387,-110.889,2019,Norteamérica,United States of America,Mixta o desconocida,Frontera EE.UU.-México,Mexico,1
32.666,-112.9085,2019,Norteamérica,United States of America,Mixta o desconocida,Frontera EE.UU.-México,Desconocido,1
32.3992,-113.25417,2019,Norteamérica,United States of America,Mixta o desconocida,Frontera EE.UU.-México,Desconocido,1
32.40185,-113.2377,2019,Norteamérica,United States of America,Mixta o desconocida,Frontera EE.UU.-México,Desconocido,1
32.728409434,-114.707759931,2019,Norteamérica,United States of America,Ahogamiento,Frontera EE.UU.-México,Mexico,1
31.620583,-111.979067,2019,Norteamérica,United States of America,Condiciones ambientales extremas,Frontera EE.UU.-México,Honduras,1
32.4326,-113.10806,2019,Norteamérica,United States of America,Mixta o desconocida,Frontera EE.UU.-México,El Salvador,1
31.55723,-106.27218,2019,Centroamérica,Mexico,Ahogamiento,Frontera EE.UU.-México,Honduras,2
26.068308626,-97.154688461,2019,Norteamérica,United States of America,Ahogamiento,Frontera EE.UU.-México,Desconocido,1
17.8409173,-92.6189273,2019,Centroamérica,Mexico,Violencia,Sin ruta registrada,Honduras,3
32.720561238,-114.71685045,2019,Norteamérica,United States of America,Ahogamiento,Frontera EE.UU.-México,Mexico,1
32.720561238,-114.71685045,2019,Norteamérica,United States of America,Ahogamiento,Frontera EE.UU.-México,Mexico,1
28.740755681,-100.507374644,2019,Norteamérica,United States of America,Ahogamiento,Frontera EE.UU.-México,Desconocido,1
27.422505557,-99.495945714,2019,Centroamérica,Mexico,Ahogamiento,Frontera EE.UU.-México,Ecuador,1
17.8409173,-92.6189273,2019,Centroamérica,Mexico,Violencia,Sin ruta registrada,Honduras,1
8.5637872,-77.8931022,2019,Centroamérica,Panama,Ahogamiento,Tapón del Darién,Angola,14
10.57866372,-61.791136728,2019,Caribe,Venezuela (Bolivarian Republic of),Ahogamiento,Venezuela al Caribe,Venezuela,23
28.711263268,-100.508120252,2019,Norteamérica,United States of America,Ahogamiento,Frontera EE.UU.-México,Desconocido,1
28.680971826,-100.507273575,2019,Centroamérica,Mexico,Ahogamiento,Frontera EE.UU.-México,Honduras,1
32.631914997,-116.971303002,2019,Norteamérica,United States of America,Accidente de transporte,Frontera EE.UU.-México,Mexico,1
19.5850377,-98.5666077,2019,Centroamérica,Mexico,Accidente de transporte,Sin ruta registrada,Guatemala,1
27.380512013,-99.492674487,2019,Centroamérica,Mexico,Ahogamiento,Frontera EE.UU.-México,Desconocido,1
16.2371385,-93.8986279,2019,Centroamérica,Mexico,Enfermedad o falta de atención,Sin ruta registrada,El Salvador,1
28.721617905,-100.509750105,2019,Centroamérica,Mexico,Ahogamiento,Frontera EE.UU.-México,Desconocido,1
27.48001866,-99.479560663,2019,Centroamérica,Mexico,Ahogamiento,Frontera EE.UU.-México,Mexico,1
27.7490298,-97.3863474,2019,Norteamérica,United States of America,Enfermedad o falta de atención,Frontera EE.UU.-México,Guatemala,1
28.706848427,-100.507718231,2019,Norteamérica,United States of America,Accidente de transporte,Frontera EE.UU.-México,Honduras,1
29.333146234,-100.939984374,2019,Norteamérica,United States of America,Ahogamiento,Frontera EE.UU.-México,Honduras,4
28.7226959,-100.5166047,2019,Centroamérica,Mexico,Ahogamiento,Frontera EE.UU.-México,Desconocido,1
19.072646809,-98.176404242,2019,Centroamérica,Mexico,Accidente de transporte,Sin ruta registrada,Honduras,1
16.416331403,-92.259368269,2019,Centroamérica,Mexico,Accidente de transporte,Sin ruta registrada,El Salvador,2
27.495635827,-99.489473063,2019,Centroamérica,Mexico,Ahogamiento,Frontera EE.UU.-México,Ecuador,1
27.499010531,-99.508511442,2019,Centroamérica,Mexico,Ahogamiento,Frontera EE.UU.-México,Desconocido,1
14.901059828,-92.261950526,2019,Centroamérica,Mexico,Violencia,Sin ruta registrada,Cuba,1
32.29458,-113.23042,2019,Norteamérica,United States of America,Mixta o desconocida,Frontera EE.UU.-México,Desconocido,1
17.555709223,-92.338776619,2019,Centroamérica,Mexico,Violencia,Sin ruta registrada,Honduras,1
28.330829836,-100.30224752,2019,Centroamérica,Mexico,Ahogamiento,Frontera EE.UU.-México,Guatemala,1
32.135866,-113.135886,2019,Norteamérica,United States of America,Mixta o desconocida,Frontera EE.UU.-México,Desconocido,1
31.763443183,-106.506078588,2019,Norteamérica,United States of America,Accidente de transporte,Frontera EE.UU.-México,Mexico,1
32.731083,-112.824617,2019,Norteamérica,United States of America,Mixta o desconocida,Frontera EE.UU.-México,Desconocido,1
17.73107187,-95.131446728,2019,Centroamérica,Mexico,Accidente de transporte,Sin ruta registrada,Guatemala,1
0.4620818,-77.9426706,2019,Sudamérica,Ecuador,Accidente de transporte,Sin ruta registrada,Venezuela,3
32.40015,-113.11957,2019,Norteamérica,United States of America,Mixta o desconocida,Frontera EE.UU.-México,Desconocido,1
32.40818,-113.12102,2019,Norteamérica,United States of America,Mixta o desconocida,Frontera EE.UU.-México,Desconocido,1
32.4073,-113.1353,2019,Norteamérica,United States of America,Mixta o desconocida,Frontera EE.UU.-México,Desconocido,1
25.805945517,-101.007119515,2019,Centroamérica,Mexico,Accidente de transporte,Sin ruta registrada,Desconocido,1
17.978890812,-92.821729096,2019,Centroamérica,Mexico,Accidente de transporte,Sin ruta registrada,Desconocido,1
32.721602777,-114.741105154,2019,Norteamérica,United States of America,Ahogamiento,Frontera EE.UU.-México,Mexico,1
19.40866,-98.1183245,2019,Centroamérica,Mexico,Enfermedad o falta de atención,Sin ruta registrada,Honduras,1
31.7618778,-106.4850217,2019,Norteamérica,United States of America,Enfermedad o falta de atención,Frontera EE.UU.-México,Guatemala,1
32.788874333,-115.686670062,2019,Norteamérica,United States of America,Ahogamiento,Frontera EE.UU.-México,Desconocido,1
32.085083,-113.002083,2019,Norteamérica,United States of America,Mixta o desconocida,Frontera EE.UU.-México,Desconocido,1
45.015152345,-73.363652063,2019,Norteamérica,Canada,Ahogamiento,Sin ruta registrada,Rep. Dominicana,1
10.4828589,-61.98516362,2019,Caribe,Venezuela (Bolivarian Republic of),Ahogamiento,Venezuela al Caribe,Venezuela,29
38.701231409,44.242474772,2019,Centroamérica,Mexico,Ahogamiento,Sin ruta registrada,Honduras,1
31.783890468,-107.209294207,2019,Norteamérica,United States of America,Mixta o desconocida,Frontera EE.UU.-México,Mexico,1
27.070487529,-98.078634913,2019,Norteamérica,United States of America,Mixta o desconocida,Frontera EE.UU.-México,Desconocido,1
32.264533,-111.324317,2019,Norteamérica,United States of America,Condiciones ambientales extremas,Frontera EE.UU.-México,Mexico,1
7.5696934,-72.6370798,2019,Sudamérica,Colombia,Accidente de transporte,Sin ruta registrada,Venezuela,1
7.8681713,-77.8367282,2019,Centroamérica,Panama,Mixta o desconocida,Tapón del Darién,Cameroon,1
28.699966873,-100.510720789,2019,Norteamérica,United States of America,Ahogamiento,Frontera EE.UU.-México,Desconocido,1
26.240047494,-98.56601633,2019,Centroamérica,Mexico,Ahogamiento,Frontera EE.UU.-México,Mexico,3
32.2867,-111.52195,2019,Norteamérica,United States of America,Mixta o desconocida,Frontera EE.UU.-México,Desconocido,1
32.251733,-111.57955,2019,Norteamérica,United States of America,Mixta o desconocida,Frontera EE.UU.-México,Desconocido,1
27.870433743,-101.087204211,2019,Centroamérica,Mexico,Accidente de transporte,Sin ruta registrada,Desconocido,1
19.4326077,-99.133208,2019,Centroamérica,Mexico,Enfermedad o falta de atención,Sin ruta registrada,Cuba,1
26.369909306,-98.938498099,2019,Centroamérica,Mexico,Ahogamiento,Frontera EE.UU.-México,Desconocido,1
32.02095,-112.279483,2019,Norteamérica,United States of America,Mixta o desconocida,Frontera EE.UU.-México,Desconocido,1
32.2254,-113.3139,2019,Norteamérica,United States of America,Mixta o desconocida,Frontera EE.UU.-México,Desconocido,1
31.792900428,-106.51968731,2019,Norteamérica,United States of America,Accidente de transporte,Frontera EE.UU.-México,Colombia,1
32.6789476,-115.4988834,2019,Norteamérica,United States of America,Ahogamiento,Frontera EE.UU.-México,Mexico,1
31.9742,-111.2981,2019,Norteamérica,United States of America,Mixta o desconocida,Frontera EE.UU.-México,Mexico,1
31.8351,-112.3756,2019,Norteamérica,United States of America,Mixta o desconocida,Frontera EE.UU.-México,Desconocido,1
27.499954648,-99.502177619,2019,Centroamérica,Mexico,Ahogamiento,Frontera EE.UU.-México,Mexico,1
27.11553629,-98.089773823,2019,Norteamérica,United States of America,Condiciones ambientales extremas,Frontera EE.UU.-México,Desconocido,1
31.690917,-111.863967,2019,Norteamérica,United States of America,Mixta o desconocida,Frontera EE.UU.-México,Desconocido,1
32.509583,-113.1393,2019,Norteamérica,United States of America,Mixta o desconocida,Frontera EE.UU.-México,Desconocido,1
26.4088523,-99.0156554,2019,Norteamérica,United States of America,Enfermedad o falta de atención,Frontera EE.UU.-México,El Salvador,1
18.821146905,-68.18547775,2019,Caribe,Dominican Republic,Ahogamiento,Sin ruta registrada,Rep. Dominicana,8
32.7270367,-114.757467601,2019,Norteamérica,United States of America,Mixta o desconocida,Frontera EE.UU.-México,Guatemala,1
28.7091433,-100.4995214,2019,Norteamérica,United States of America,Mixta o desconocida,Frontera EE.UU.-México,Honduras,1
32.17028,-113.02456,2019,Norteamérica,United States of America,Mixta o desconocida,Frontera EE.UU.-México,Desconocido,1
32.29151,-113.07858,2019,Norteamérica,United States of America,Mixta o desconocida,Frontera EE.UU.-México,Desconocido,1
31.81871,-111.5417,2019,Norteamérica,United States of America,Mixta o desconocida,Frontera EE.UU.-México,El Salvador,1
27.2052855,-98.1447463,2019,Norteamérica,United States of America,Condiciones ambientales extremas,Frontera EE.UU.-México,Nicaragua,1
27.372516049,-99.504941042,2019,Centroamérica,Mexico,Ahogamiento,Frontera EE.UU.-México,Desconocido,1
28.720512236,-100.502868797,2019,Norteamérica,United States of America,Mixta o desconocida,Frontera EE.UU.-México,Honduras,1
27.7791692,-97.664032,2019,Norteamérica,United States of America,Accidente de transporte,Frontera EE.UU.-México,El Salvador,6
28.461656365,-99.915542341,2019,Norteamérica,United States of America,Condiciones ambientales extremas,Frontera EE.UU.-México,Mexico,1
28.521344741,-99.975967145,2019,Norteamérica,United States of America,Mixta o desconocida,Frontera EE.UU.-México,Desconocido,1
28.706046434,-100.51177581,2019,Norteamérica,United States of America,Ahogamiento,Frontera EE.UU.-México,Desconocido,2
31.96955,-112.254017,2019,Norteamérica,United States of America,Condiciones ambientales extremas,Frontera EE.UU.-México,Honduras,1
32.667714006,-115.527679596,2019,Norteamérica,United States of America,Mixta o desconocida,Frontera EE.UU.-México,Desconocido,1
31.6220619,-106.27608,2019,Norteamérica,United States of America,Ahogamiento,Frontera EE.UU.-México,Desconocido,1
11.772904481,-68.683061165,2019,Caribe,Venezuela (Bolivarian Republic of),Ahogamiento,Venezuela al Caribe,Venezuela,32
31.675628312,-106.333742785,2019,Norteamérica,United States of America,Ahogamiento,Frontera EE.UU.-México,Desconocido,3
31.870028154,-106.61163513,2019,Norteamérica,United States of America,Ahogamiento,Frontera EE.UU.-México,Desconocido,1
32.42877,-111.795,2019,Norteamérica,United States of America,Mixta o desconocida,Frontera EE.UU.-México,Guatemala,1
15.019419,-92.3808465,2019,Centroamérica,Mexico,Enfermedad o falta de atención,Sin ruta registrada,Guatemala,1
31.674166603,-106.337425829,2019,Norteamérica,United States of America,Ahogamiento,Frontera EE.UU.-México,Desconocido,2
31.915388342,-112.925537844,2019,Norteamérica,United States of America,Condiciones ambientales extremas,Frontera EE.UU.-México,Afghanistan,1
31.858,-112.01338,2019,Norteamérica,United States of America,Violencia,Frontera EE.UU.-México,Guatemala,1
18.05419373,-94.135662914,2019,Centroamérica,Mexico,Violencia,Sin ruta registrada,El Salvador,1
32.007317,-111.938567,2019,Norteamérica,United States of America,Condiciones ambientales extremas,Frontera EE.UU.-México,Guatemala,1
32.769644102,-115.593696092,2019,Norteamérica,United States of America,Ahogamiento,Frontera EE.UU.-México,Mexico,1
28.711767097,-100.508585084,2019,Centroamérica,Mexico,Ahogamiento,Frontera EE.UU.-México,Mexico,1
32.407,-113.06755,2019,Norteamérica,United States of America,Mixta o desconocida,Frontera EE.UU.-México,Desconocido,1
25.96451365,-100.280354833,2019,Centroamérica,Mexico,Mixta o desconocida,Sin ruta registrada,Honduras,1
32.729203679,-114.646219328,2019,Norteamérica,United States of America,Mixta o desconocida,Frontera EE.UU.-México,Desconocido,1
28.4799508,-99.8647247,2019,Norteamérica,United States of America,Mixta o desconocida,Frontera EE.UU.-México,Desconocido,1
32.7574944,-115.982532,2019,Norteamérica,United States of America,Condiciones ambientales extremas,Frontera EE.UU.-México,Mexico,1
28.5225016,-99.8398913,2019,Norteamérica,United States of America,Mixta o desconocida,Frontera EE.UU.-México,Desconocido,1
28.9085319,-100.6337614,2019,Norteamérica,United States of America,Mixta o desconocida,Frontera EE.UU.-México,Desconocido,1
27.8237754,-99.9745174,2019,Centroamérica,Mexico,Enfermedad o falta de atención,Frontera EE.UU.-México,Guatemala,1
28.7110681,-100.513559,2019,Centroamérica,Mexico,Ahogamiento,Frontera EE.UU.-México,Desconocido,1
29.3019486,-100.4242719,2019,Norteamérica,United States of America,Accidente de transporte,Frontera EE.UU.-México,Mexico,1
27.479038,-99.4792669,2019,Centroamérica,Mexico,Ahogamiento,Frontera EE.UU.-México,Desconocido,1
26.1384047,-98.3287687,2019,Norteamérica,United States of America,Condiciones ambientales extremas,Frontera EE.UU.-México,Guatemala,4
31.3498645,-106.490093,2019,Centroamérica,Mexico,Enfermedad o falta de atención,Frontera EE.UU.-México,Honduras,1
25.898236865,-97.499201412,2019,Centroamérica,Mexico,Ahogamiento,Frontera EE.UU.-México,El Salvador,2
28.714321973,-100.507155909,2019,Norteamérica,United States of America,Ahogamiento,Frontera EE.UU.-México,Desconocido,1
32.412667,-113.138917,2019,Norteamérica,United States of America,Mixta o desconocida,Frontera EE.UU.-México,Desconocido,1
27.0250973,-98.1383995,2019,Norteamérica,United States of America,Mixta o desconocida,Frontera EE.UU.-México,El Salvador,1
31.5676869,-106.2437563,2019,Norteamérica,United States of America,Ahogamiento,Frontera EE.UU.-México,Mexico,1
20.3899429,-99.6962028,2019,Centroamérica,Mexico,Accidente de transporte,Sin ruta registrada,Honduras,1
17.5715573,-92.8321412,2019,Centroamérica,Mexico,Accidente de transporte,Sin ruta registrada,Honduras,1
32.705688066,-114.729089066,2019,Centroamérica,Mexico,Ahogamiento,Frontera EE.UU.-México,Honduras,1
32.02615,-112.75097,2019,Norteamérica,United States of America,Mixta o desconocida,Frontera EE.UU.-México,Desconocido,1
27.0250973,-98.1383995,2019,Norteamérica,United States of America,Mixta o desconocida,Frontera EE.UU.-México,Guatemala,1
26.186448,-98.2207185,2019,Norteamérica,United States of America,Mixta o desconocida,Frontera EE.UU.-México,El Salvador,1
29.7696231,-101.2523792,2019,Norteamérica,United States of America,Ahogamiento,Frontera EE.UU.-México,Haiti,1
31.773414,-111.921584,2019,Norteamérica,United States of America,Condiciones ambientales extremas,Frontera EE.UU.-México,Guatemala,1
16.7516009,-93.1029939,2019,Centroamérica,Mexico,Mixta o desconocida,Sin ruta registrada,Honduras,1
32.00395,-113.2217,2019,Norteamérica,United States of America,Mixta o desconocida,Frontera EE.UU.-México,Desconocido,1
32.23272,-113.2068,2019,Norteamérica,United States of America,Mixta o desconocida,Frontera EE.UU.-México,Desconocido,1
27.0250973,-98.1383995,2019,Norteamérica,United States of America,Mixta o desconocida,Frontera EE.UU.-México,Mexico,1
31.762964919,-106.446077661,2019,Norteamérica,United States of America,Accidente de transporte,Frontera EE.UU.-México,Guatemala,1
31.773019724,-106.701209668,2019,Centroamérica,Mexico,Mixta o desconocida,Frontera EE.UU.-México,Honduras,1
32.2429301,-110.9462013,2019,Norteamérica,United States of America,Mixta o desconocida,Frontera EE.UU.-México,Nicaragua,1
29.207827735,-98.507496359,2019,Norteamérica,United States of America,Enfermedad o falta de atención,Frontera EE.UU.-México,Guatemala,1
32.662812602,-115.614549813,2019,Norteamérica,United States of America,Condiciones ambientales extremas,Frontera EE.UU.-México,Mexico,1
32.35157,-113.15771,2019,Norteamérica,United States of America,Mixta o desconocida,Frontera EE.UU.-México,Desconocido,1
18.769659289,-95.744834624,2019,Centroamérica,Mexico,Accidente de transporte,Sin ruta registrada,Honduras,1
18.8776584,-98.7739324,2019,Centroamérica,Mexico,Violencia,Sin ruta registrada,Guatemala,1
31.655038,-112.088278,2019,Norteamérica,United States of America,Mixta o desconocida,Frontera EE.UU.-México,Mexico,1
31.721667,-111.853333,2019,Norteamérica,United States of America,Condiciones ambientales extremas,Frontera EE.UU.-México,Guatemala,1
27.253449767,-98.25433289,2019,Norteamérica,United States of America,Condiciones ambientales extremas,Frontera EE.UU.-México,Guatemala,1
32.7053029,-114.7288298,2019,Centroamérica,Mexico,Ahogamiento,Frontera EE.UU.-México,Desconocido,1
-5.2273198,-80.6550001,2019,Sudamérica,Peru,Accidente de transporte,Sin ruta registrada,Desconocido,1
19.5594332,-70.8693486,2019,Caribe,Dominican Republic,Accidente de transporte,Haití a Rep. Dominicana,Haiti,8
28.7009447,-100.514561,2019,Centroamérica,Mexico,Mixta o desconocida,Frontera EE.UU.-México,Desconocido,1
18.023219672,-94.64177352,2019,Centroamérica,Mexico,Accidente de transporte,Sin ruta registrada,Honduras,1
27.067851841,-98.073091891,2019,Norteamérica,United States of America,Mixta o desconocida,Frontera EE.UU.-México,Honduras,1
26.136829136,-98.337529266,2019,Centroamérica,Mexico,Ahogamiento,Frontera EE.UU.-México,Desconocido,1
32.088533,-113.035133,2019,Norteamérica,United States of America,Condiciones ambientales extremas,Frontera EE.UU.-México,Mexico,1
31.60112,-111.711982,2019,Norteamérica,United States of America,Condiciones ambientales extremas,Frontera EE.UU.-México,Guatemala,1
31.857367,-112.4654,2019,Norteamérica,United States of America,Condiciones ambientales extremas,Frontera EE.UU.-México,El Salvador,1
25.900962109,-97.5256331,2019,Norteamérica,United States of America,Ahogamiento,Frontera EE.UU.-México,Desconocido,1
27.208588229,-98.238623337,2019,Norteamérica,United States of America,Mixta o desconocida,Frontera EE.UU.-México,Guatemala,1
31.764,-112.1861,2019,Norteamérica,United States of America,Condiciones ambientales extremas,Frontera EE.UU.-México,Desconocido,1
26.975792985,-98.187075045,2019,Norteamérica,United States of America,Mixta o desconocida,Frontera EE.UU.-México,Desconocido,1
28.705314967,-100.511613685,2019,Norteamérica,United States of America,Ahogamiento,Frontera EE.UU.-México,Mexico,1
29.447929724,-101.059931246,2019,Centroamérica,Mexico,Ahogamiento,Frontera EE.UU.-México,Mexico,2
31.797302,-111.812279,2019,Norteamérica,United States of America,Condiciones ambientales extremas,Frontera EE.UU.-México,Guatemala,1
26.985855503,-98.197718051,2019,Norteamérica,United States of America,Mixta o desconocida,Frontera EE.UU.-México,Desconocido,1
27.13759256,-98.230383591,2019,Norteamérica,United States of America,Mixta o desconocida,Frontera EE.UU.-México,Mexico,1
25.981681,-98.0796846,2019,Centroamérica,Mexico,Ahogamiento,Frontera EE.UU.-México,Cuba,1
7.37823,-72.6503369,2019,Sudamérica,Colombia,Accidente de transporte,Sin ruta registrada,Venezuela,1
17.258728416,-91.012688909,2019,Centroamérica,Mexico,Violencia,Sin ruta registrada,Guatemala,1
31.7300671,-106.4832893,2019,Centroamérica,Mexico,Violencia,Frontera EE.UU.-México,Cuba,1
31.544827,-111.389112,2019,Norteamérica,United States of America,Mixta o desconocida,Frontera EE.UU.-México,Desconocido,1
26.217624638,-108.722723683,2019,Centroamérica,Mexico,Accidente de transporte,Sin ruta registrada,Desconocido,1
31.7380543,-106.4562579,2019,Centroamérica,Mexico,Enfermedad o falta de atención,Frontera EE.UU.-México,Honduras,1
32.75680046,-115.643388924,2019,Norteamérica,United States of America,Condiciones ambientales extremas,Frontera EE.UU.-México,Mexico,1
32.563317,-111.922967,2019,Norteamérica,United States of America,Mixta o desconocida,Frontera EE.UU.-México,Guatemala,1
33.179906061,-112.241578804,2019,Norteamérica,United States of America,Mixta o desconocida,Frontera EE.UU.-México,Guatemala,1
28.661188,-100.5406864,2019,Centroamérica,Mexico,Enfermedad o falta de atención,Frontera EE.UU.-México,Honduras,1
28.715580849,-100.394364241,2019,Norteamérica,United States of America,Ahogamiento,Frontera EE.UU.-México,Desconocido,1
31.994554633,-112.006083363,2019,Norteamérica,United States of America,Condiciones ambientales extremas,Frontera EE.UU.-México,Mexico,2
32.37215,-111.457633,2019,Norteamérica,United States of America,Mixta o desconocida,Frontera EE.UU.-México,Desconocido,1
32.066712,-112.937713,2019,Norteamérica,United States of America,Mixta o desconocida,Frontera EE.UU.-México,Desconocido,1
32.1267,-111.15009,2019,Norteamérica,United States of America,Condiciones ambientales extremas,Frontera EE.UU.-México,Desconocido,1
32.214267,-113.113811,2019,Norteamérica,United States of America,Mixta o desconocida,Frontera EE.UU.-México,Desconocido,1
26.929552244,-98.242094456,2019,Norteamérica,United States of America,Mixta o desconocida,Frontera EE.UU.-México,Mexico,1
31.722667,-112.026133,2019,Norteamérica,United States of America,Mixta o desconocida,Frontera EE.UU.-México,Guatemala,1
26.054200042,-98.141739029,2019,Norteamérica,United States of America,Ahogamiento,Frontera EE.UU.-México,Venezuela,1
32.663059933,-115.53437397,2019,Norteamérica,United States of America,Ahogamiento,Frontera EE.UU.-México,Mexico,1
32.403532528,-113.705843931,2019,Norteamérica,United States of America,Condiciones ambientales extremas,Frontera EE.UU.-México,Desconocido,1
27.276826239,-98.061468796,2019,Norteamérica,United States of America,Mixta o desconocida,Frontera EE.UU.-México,El Salvador,1
27.471696386,-99.483042038,2019,Centroamérica,Mexico,Ahogamiento,Frontera EE.UU.-México,Desconocido,1
31.710822977,-106.368404027,2019,Norteamérica,United States of America,Ahogamiento,Frontera EE.UU.-México,Guatemala,1
29.243763634,-100.795425353,2019,Centroamérica,Mexico,Ahogamiento,Frontera EE.UU.-México,Mexico,1
27.00907065,-98.076525119,2019,Norteamérica,United States of America,Mixta o desconocida,Frontera EE.UU.-México,Desconocido,1
32.677073001,-116.882542493,2019,Norteamérica,United States of America,Condiciones ambientales extremas,Frontera EE.UU.-México,Mexico,1
32.57900819,-116.621845407,2019,Norteamérica,United States of America,Condiciones ambientales extremas,Frontera EE.UU.-México,Mexico,1
28.78804684,-100.399340051,2019,Norteamérica,United States of America,Condiciones ambientales extremas,Frontera EE.UU.-México,Mexico,1
18.122947114,-94.428417814,2019,Centroamérica,Mexico,Accidente de transporte,Sin ruta registrada,Desconocido,1
25.406105757,-101.023817864,2019,Centroamérica,Mexico,Violencia,Sin ruta registrada,Honduras,1
27.08111754,-98.200171188,2019,Norteamérica,United States of America,Mixta o desconocida,Frontera EE.UU.-México,Desconocido,2
32.34823,-108.7454867,2019,Norteamérica,United States of America,Enfermedad o falta de atención,Frontera EE.UU.-México,El Salvador,1
27.476619775,-99.481808951,2019,Centroamérica,Mexico,Ahogamiento,Frontera EE.UU.-México,Desconocido,1
27.47945746,-99.479084887,2019,Centroamérica,Mexico,Ahogamiento,Frontera EE.UU.-México,Desconocido,1
14.9055567,-92.2634136,2019,Centroamérica,Mexico,Enfermedad o falta de atención,Sin ruta registrada,Cuba,1
26.1379275,-98.335083318,2019,Centroamérica,Mexico,Ahogamiento,Frontera EE.UU.-México,Honduras,1
26.143086411,-98.328974527,2019,Centroamérica,Mexico,Ahogamiento,Frontera EE.UU.-México,Ecuador,1
28.908961809,-100.600107188,2019,Norteamérica,United States of America,Condiciones ambientales extremas,Frontera EE.UU.-México,Desconocido,1
25.556799823,-100.947820623,2019,Centroamérica,Mexico,Accidente de transporte,Sin ruta registrada,Honduras,1
18.09383129,-94.570061606,2019,Centroamérica,Mexico,Accidente de transporte,Sin ruta registrada,Desconocido,1
26.166204168,-98.335677747,2019,Norteamérica,United States of America,Ahogamiento,Frontera EE.UU.-México,Mexico,1
28.624902867,-100.158129173,2019,Norteamérica,United States of America,Condiciones ambientales extremas,Frontera EE.UU.-México,Mexico,1
32.65873492,-115.591580544,2019,Norteamérica,United States of America,Condiciones ambientales extremas,Frontera EE.UU.-México,Mexico,1
28.749602003,-100.453633473,2019,Norteamérica,United States of America,Ahogamiento,Frontera EE.UU.-México,Desconocido,1
25.87978378,-97.494390566,2019,Centroamérica,Mexico,Ahogamiento,Frontera EE.UU.-México,Desconocido,1
4.420165536,-75.382909935,2019,Sudamérica,Colombia,Accidente de transporte,Sin ruta registrada,Venezuela,1
26.270817082,-98.593158757,2019,Norteamérica,United States of America,Mixta o desconocida,Frontera EE.UU.-México,Desconocido,1
31.9876,-112.149233,2019,Norteamérica,United States of America,Condiciones ambientales extremas,Frontera EE.UU.-México,Ecuador,1
31.912022,-111.881234,2019,Norteamérica,United States of America,Condiciones ambientales extremas,Frontera EE.UU.-México,Ecuador,1
27.19853325,-97.812651847,2019,Norteamérica,United States of America,Mixta o desconocida,Frontera EE.UU.-México,Mexico,1
26.25710809,-98.636932433,2019,Norteamérica,United States of America,Mixta o desconocida,Frontera EE.UU.-México,Mexico,1
17.978116665,-94.268896487,2019,Centroamérica,Mexico,Accidente de transporte,Sin ruta registrada,Desconocido,1
32.6848591,-117.0445837,2019,Norteamérica,United States of America,Accidente de transporte,Frontera EE.UU.-México,China,3
32.10409,-111.66111,2019,Norteamérica,United States of America,Mixta o desconocida,Frontera EE.UU.-México,Guatemala,1
32.123983,-111.7249,2019,Norteamérica,United States of America,Mixta o desconocida,Frontera EE.UU.-México,Desconocido,1
14.854359535,-90.090189457,2019,Centroamérica,Guatemala,Violencia,Sin ruta registrada,Honduras,1
28.679713428,-100.507124728,2019,Centroamérica,Mexico,Ahogamiento,Frontera EE.UU.-México,Desconocido,1
26.800871463,-98.101282161,2019,Norteamérica,United States of America,Mixta o desconocida,Frontera EE.UU.-México,Desconocido,1
31.96933,-112.1173,2019,Norteamérica,United States of America,Condiciones ambientales extremas,Frontera EE.UU.-México,Desconocido,1
31.36073,-110.08011,2019,Norteamérica,United States of America,Condiciones ambientales extremas,Frontera EE.UU.-México,Mexico,1
32.13277,-112.125,2019,Norteamérica,United States of America,Mixta o desconocida,Frontera EE.UU.-México,Desconocido,1
28.53227694,-100.402250811,2019,Centroamérica,Mexico,Ahogamiento,Frontera EE.UU.-México,Desconocido,1
28.5130277,-100.4550796,2019,Centroamérica,Mexico,Mixta o desconocida,Frontera EE.UU.-México,Desconocido,1
28.710228242,-100.50974047,2019,Centroamérica,Mexico,Ahogamiento,Frontera EE.UU.-México,Honduras,2
27.049847012,-98.168535617,2019,Norteamérica,United States of America,Condiciones ambientales extremas,Frontera EE.UU.-México,Guatemala,1
26.982052175,-98.096525608,2019,Norteamérica,United States of America,Mixta o desconocida,Frontera EE.UU.-México,Honduras,2
26.226310823,-98.516633819,2019,Norteamérica,United States of America,Ahogamiento,Frontera EE.UU.-México,Desconocido,1
31.975983,-112.126617,2019,Norteamérica,United States of America,Condiciones ambientales extremas,Frontera EE.UU.-México,Guatemala,1
31.7549,-111.3573,2019,Norteamérica,United States of America,Condiciones ambientales extremas,Frontera EE.UU.-México,Mexico,1
27.596688407,-99.537284533,2019,Centroamérica,Mexico,Ahogamiento,Frontera EE.UU.-México,Rep. Dominicana,1
28.693672862,-100.510521798,2019,Centroamérica,Mexico,Ahogamiento,Frontera EE.UU.-México,Honduras,1
32.313611,-111.803333,2019,Norteamérica,United States of America,Mixta o desconocida,Frontera EE.UU.-México,Desconocido,1
28.4116514,-99.8124935,2019,Norteamérica,United States of America,Condiciones ambientales extremas,Frontera EE.UU.-México,Mexico,1
26.166658691,-98.337147645,2019,Norteamérica,United States of America,Ahogamiento,Frontera EE.UU.-México,Desconocido,1
26.8697147,-97.6982272,2019,Norteamérica,United States of America,Mixta o desconocida,Frontera EE.UU.-México,Desconocido,1
31.58733,-111.73503,2019,Norteamérica,United States of America,Mixta o desconocida,Frontera EE.UU.-México,Desconocido,1
31.9473,-111.36,2019,Norteamérica,United States of America,Condiciones ambientales extremas,Frontera EE.UU.-México,Mexico,1
19.6162033,-99.3001181,2019,Centroamérica,Mexico,Mixta o desconocida,Sin ruta registrada,Honduras,1
28.720081978,-100.508130855,2019,Centroamérica,Mexico,Ahogamiento,Frontera EE.UU.-México,Honduras,1
-0.1459438,-78.4452592,2019,Sudamérica,Ecuador,Violencia,Sin ruta registrada,Venezuela,1
28.4116514,-99.8124935,2019,Norteamérica,United States of America,Condiciones ambientales extremas,Frontera EE.UU.-México,Desconocido,1
31.54398,-111.30734,2019,Norteamérica,United States of America,Condiciones ambientales extremas,Frontera EE.UU.-México,Guatemala,1
4.526179753,-75.635161398,2019,Sudamérica,Colombia,Accidente de transporte,Sin ruta registrada,Venezuela,1
1.108481235,-78.285248756,2019,Sudamérica,Ecuador,Enfermedad o falta de atención,Sin ruta registrada,Venezuela,1
31.751634696,-106.492510925,2019,Norteamérica,United States of America,Ahogamiento,Frontera EE.UU.-México,Desconocido,1
19.314037774,-98.190767327,2019,Centroamérica,Mexico,Accidente de transporte,Sin ruta registrada,Desconocido,1
28.719389777,-100.507124167,2019,Norteamérica,United States of America,Ahogamiento,Frontera EE.UU.-México,Mexico,1
32.665583629,-115.532443199,2019,Norteamérica,United States of America,Condiciones ambientales extremas,Frontera EE.UU.-México,Desconocido,1
26.095001306,-98.273011631,2019,Centroamérica,Mexico,Ahogamiento,Frontera EE.UU.-México,Desconocido,1
31.9518,-111.956967,2019,Norteamérica,United States of America,Mixta o desconocida,Frontera EE.UU.-México,Guatemala,1
29.4241219,-98.4936282,2019,Norteamérica,United States of America,Enfermedad o falta de atención,Frontera EE.UU.-México,Venezuela,1
32.326217,-113.11045,2019,Norteamérica,United States of America,Condiciones ambientales extremas,Frontera EE.UU.-México,Mexico,1
31.346883,-110.13665,2019,Norteamérica,United States of America,Mixta o desconocida,Frontera EE.UU.-México,Desconocido,1
29.326039842,-100.91930746,2019,Norteamérica,United States of America,Ahogamiento,Frontera EE.UU.-México,Honduras,2
26.932000971,-98.226225376,2019,Norteamérica,United States of America,Mixta o desconocida,Frontera EE.UU.-México,Desconocido,1
26.975419021,-98.236322802,2019,Norteamérica,United States of America,Condiciones ambientales extremas,Frontera EE.UU.-México,Honduras,1
18.513426344,-67.150985613,2019,Caribe,Puerto Rico,Ahogamiento,Rep. Dominicana a Puerto Rico,Rep. Dominicana,3
28.727691608,-100.508059819,2019,Centroamérica,Mexico,Ahogamiento,Frontera EE.UU.-México,Mexico,2
26.962501413,-98.293211367,2019,Norteamérica,United States of America,Mixta o desconocida,Frontera EE.UU.-México,Desconocido,1
32.66240434,-115.537249718,2019,Norteamérica,United States of America,Ahogamiento,Frontera EE.UU.-México,Desconocido,1
26.066558588,-98.076219015,2019,Centroamérica,Mexico,Ahogamiento,Frontera EE.UU.-México,Desconocido,1
31.954233,-112.040817,2019,Norteamérica,United States of America,Mixta o desconocida,Frontera EE.UU.-México,Desconocido,1
31.900456,-111.80837,2019,Norteamérica,United States of America,Mixta o desconocida,Frontera EE.UU.-México,Desconocido,1
31.9477,-112.113217,2019,Norteamérica,United States of America,Mixta o desconocida,Frontera EE.UU.-México,Desconocido,1
32.068495,-112.436776,2019,Norteamérica,United States of America,Mixta o desconocida,Frontera EE.UU.-México,Desconocido,1
18.509727048,-97.409583063,2019,Centroamérica,Mexico,Enfermedad o falta de atención,Sin ruta registrada,El Salvador,1
28.727462891,-100.507922295,2019,Centroamérica,Mexico,Ahogamiento,Frontera EE.UU.-México,Desconocido,1
31.753616299,-106.417258985,2019,Norteamérica,United States of America,Ahogamiento,Frontera EE.UU.-México,China,1
26.244371396,-98.557419015,2019,Centroamérica,Mexico,Ahogamiento,Frontera EE.UU.-México,Mexico,1
28.707751108,-100.511400588,2019,Norteamérica,United States of America,Ahogamiento,Frontera EE.UU.-México,Desconocido,1
26.394748604,-98.955283124,2019,Centroamérica,Mexico,Ahogamiento,Frontera EE.UU.-México,Mexico,1
28.482962437,-99.919967483,2019,Norteamérica,United States of America,Condiciones ambientales extremas,Frontera EE.UU.-México,Mexico,2
31.752577,-112.076083,2019,Norteamérica,United States of America,Condiciones ambientales extremas,Frontera EE.UU.-México,Guatemala,1
31.737639,-111.939583,2019,Norteamérica,United States of America,Mixta o desconocida,Frontera EE.UU.-México,Guatemala,1
25.875635517,-97.473025612,2019,Centroamérica,Mexico,Ahogamiento,Frontera EE.UU.-México,Desconocido,1
27.120335347,-98.090651851,2019,Norteamérica,United States of America,Mixta o desconocida,Frontera EE.UU.-México,Mexico,1
27.159316849,-98.202154892,2019,Norteamérica,United States of America,Mixta o desconocida,Frontera EE.UU.-México,Desconocido,1
31.350967,-109.509383,2019,Norteamérica,United States of America,Mixta o desconocida,Frontera EE.UU.-México,Desconocido,1
31.361417,-110.173233,2019,Norteamérica,United States of America,Mixta o desconocida,Frontera EE.UU.-México,Desconocido,1
32.424197,-113.184031,2019,Norteamérica,United States of America,Mixta o desconocida,Frontera EE.UU.-México,Desconocido,1
27.263884115,-99.455439944,2019,Centroamérica,Mexico,Ahogamiento,Frontera EE.UU.-México,Desconocido,1
-19.2761393,-68.6388049,2019,Sudamérica,Chile,Mixta o desconocida,Sin ruta registrada,Haiti,1
26.076436014,-98.232415824,2019,Centroamérica,Mexico,Ahogamiento,Frontera EE.UU.-México,Desconocido,1
28.738417959,-100.507007749,2019,Norteamérica,United States of America,Ahogamiento,Frontera EE.UU.-México,Desconocido,1
31.78558,-111.62408,2019,Norteamérica,United States of America,Mixta o desconocida,Frontera EE.UU.-México,Guatemala,1
27.137185177,-98.082678573,2019,Norteamérica,United States of America,Mixta o desconocida,Frontera EE.UU.-México,El Salvador,1
-13.5911247,-70.9769245,2019,Sudamérica,Brazil,Accidente de transporte,Sin ruta registrada,Venezuela,1
32.04319,-112.2587,2019,Norteamérica,United States of America,Mixta o desconocida,Frontera EE.UU.-México,Desconocido,1
31.8646,-112.6246,2019,Norteamérica,United States of America,Mixta o desconocida,Frontera EE.UU.-México,Desconocido,1
32.14744,-113.16973,2019,Norteamérica,United States of America,Mixta o desconocida,Frontera EE.UU.-México,Desconocido,1
32.15341,-113.18874,2019,Norteamérica,United States of America,Mixta o desconocida,Frontera EE.UU.-México,Desconocido,1
32.62113,-112.142933,2019,Norteamérica,United States of America,Condiciones ambientales extremas,Frontera EE.UU.-México,Desconocido,1
28.0251478,-99.5489187,2019,Norteamérica,United States of America,Condiciones ambientales extremas,Frontera EE.UU.-México,Mexico,1
26.417632,-108.6145938,2019,Centroamérica,Mexico,Accidente de transporte,Sin ruta registrada,Desconocido,1
17.8872074,-95.1386742,2019,Centroamérica,Mexico,Accidente de transporte,Sin ruta registrada,Desconocido,1
27.435807331,-99.495251714,2019,Centroamérica,Mexico,Ahogamiento,Frontera EE.UU.-México,Desconocido,1
26.396783686,-99.078156498,2019,Centroamérica,Mexico,Ahogamiento,Frontera EE.UU.-México,Desconocido,1
32.609483,-111.875,2019,Norteamérica,United States of America,Condiciones ambientales extremas,Frontera EE.UU.-México,Mexico,1
28.470756945,-99.924087356,2019,Norteamérica,United States of America,Condiciones ambientales extremas,Frontera EE.UU.-México,Mexico,1
32.24401,-113.1528,2019,Norteamérica,United States of America,Mixta o desconocida,Frontera EE.UU.-México,Desconocido,1
32.33532,-113.26588,2019,Norteamérica,United States of America,Mixta o desconocida,Frontera EE.UU.-México,Desconocido,1
32.2104,-113.26946,2019,Norteamérica,United States of America,Mixta o desconocida,Frontera EE.UU.-México,Desconocido,1
25.900890222,-97.525930965,2019,Centroamérica,Mexico,Ahogamiento,Frontera EE.UU.-México,Desconocido,1
26.10367223,-98.287409076,2019,Centroamérica,Mexico,Ahogamiento,Frontera EE.UU.-México,Desconocido,1
22.142526393,-100.962295714,2019,Centroamérica,Mexico,Accidente de transporte,Sin ruta registrada,Honduras,1
15.880321193,-93.833002002,2019,Centroamérica,Mexico,Ahogamiento,Sin ruta registrada,Cameroon,5
26.144549817,-98.332108083,2019,Centroamérica,Mexico,Ahogamiento,Frontera EE.UU.-México,Belize,1
26.084781401,-98.264173232,2019,Centroamérica,Mexico,Ahogamiento,Frontera EE.UU.-México,Desconocido,1
32.124444,-112.1375,2019,Norteamérica,United States of America,Mixta o desconocida,Frontera EE.UU.-México,Desconocido,1
32.121944,-112.218056,2019,Norteamérica,United States of America,Mixta o desconocida,Frontera EE.UU.-México,Desconocido,1
32.00822,-111.35238,2019,Norteamérica,United States of America,Mixta o desconocida,Frontera EE.UU.-México,Desconocido,1
26.391025958,-98.989493397,2019,Centroamérica,Mexico,Ahogamiento,Frontera EE.UU.-México,Desconocido,2
33.387601,-111.8762944,2019,Norteamérica,United States of America,Enfermedad o falta de atención,Frontera EE.UU.-México,Mexico,1
38.4067887,-96.2434722,2019,Norteamérica,United States of America,Accidente de transporte,Frontera EE.UU.-México,Honduras,1
19.6693833,-71.7408168,2019,Caribe,Dominican Republic,Ahogamiento,Haití a Rep. Dominicana,Haiti,3
28.340208128,-100.310439594,2019,Centroamérica,Mexico,Ahogamiento,Frontera EE.UU.-México,Mexico,1
29.2371924,-110.93013194,2019,Centroamérica,Mexico,Accidente de transporte,Sin ruta registrada,Cameroon,1
31.48776,-111.01434,2019,Norteamérica,United States of America,Condiciones ambientales extremas,Frontera EE.UU.-México,Mexico,1
31.840278,-112.066944,2019,Norteamérica,United States of America,Mixta o desconocida,Frontera EE.UU.-México,Desconocido,1
25.8672921,-97.4946834,2019,Centroamérica,Mexico,Ahogamiento,Frontera EE.UU.-México,Desconocido,1
26.408847191,-99.027867665,2019,Centroamérica,Mexico,Ahogamiento,Frontera EE.UU.-México,Desconocido,1
28.4130919,-100.7672561,2019,Centroamérica,Mexico,Accidente de transporte,Sin ruta registrada,Mexico,1
27.0387839,-98.2429794,2019,Norteamérica,United States of America,Mixta o desconocida,Frontera EE.UU.-México,Mexico,1
22.2246852,-98.0102662,2019,Centroamérica,Mexico,Accidente de transporte,Sin ruta registrada,Desconocido,1
28.7974674,-100.2151578,2019,Norteamérica,United States of America,Condiciones ambientales extremas,Frontera EE.UU.-México,Mexico,1
27.2267642,-98.1330806,2019,Norteamérica,United States of America,Mixta o desconocida,Frontera EE.UU.-México,Desconocido,1
17.464408,-91.4249549,2019,Centroamérica,Mexico,Violencia,Sin ruta registrada,Cuba,2
32.29266,-111.45592,2019,Norteamérica,United States of America,Mixta o desconocida,Frontera EE.UU.-México,Desconocido,1
31.9686,-112.69825,2019,Norteamérica,United States of America,Mixta o desconocida,Frontera EE.UU.-México,Desconocido,1
26.276297,-98.3396799,2019,Norteamérica,United States of America,Mixta o desconocida,Frontera EE.UU.-México,Desconocido,1
32.1748,-112.98709,2019,Norteamérica,United States of America,Mixta o desconocida,Frontera EE.UU.-México,Desconocido,1
32.19423,-112.99142,2019,Norteamérica,United States of America,Mixta o desconocida,Frontera EE.UU.-México,Desconocido,1
32.39445,-113.14618,2019,Norteamérica,United States of America,Mixta o desconocida,Frontera EE.UU.-México,Desconocido,1
32.670748604,-115.428030167,2019,Norteamérica,United States of America,Ahogamiento,Frontera EE.UU.-México,Desconocido,1
18.2013452,-67.1451549,2019,Caribe,Puerto Rico,Ahogamiento,Rep. Dominicana a Puerto Rico,Rep. Dominicana,3
20.6255181,-100.7629778,2019,Centroamérica,Mexico,Accidente de transporte,Sin ruta registrada,Desconocido,1
31.822433,-111.822433,2019,Norteamérica,United States of America,Mixta o desconocida,Frontera EE.UU.-México,Desconocido,1
30.6248745,-110.9717597,2019,Centroamérica,Mexico,Accidente de transporte,Sin ruta registrada,Venezuela,5
31.9675919,-99.9016414,2019,Norteamérica,United States of America,Mixta o desconocida,Frontera EE.UU.-México,Honduras,1
26.2364999,-98.6042454,2019,Centroamérica,Mexico,Ahogamiento,Sin ruta registrada,Mexico,1
24.4395105,-107.2115454,2019,Centroamérica,Mexico,Accidente de transporte,Sin ruta registrada,Desconocido,1
29.3232963,-100.9514187,2019,Centroamérica,Mexico,Violencia,Sin ruta registrada,Honduras,1
31.846367,-111.892367,2019,Norteamérica,United States of America,Mixta o desconocida,Frontera EE.UU.-México,Desconocido,1
27.145345722,-98.231694303,2019,Norteamérica,United States of America,Enfermedad o falta de atención,Frontera EE.UU.-México,Mexico,1
18.149568,-94.411692,2019,Centroamérica,Mexico,Enfermedad o falta de atención,Sin ruta registrada,India,1
26.0360515,-98.2885714,2019,Centroamérica,Mexico,Ahogamiento,Frontera EE.UU.-México,Desconocido,1
31.55379,-111.15306,2019,Norteamérica,United States of America,Condiciones ambientales extremas,Frontera EE.UU.-México,Desconocido,1
32.3953,-113.139717,2019,Norteamérica,United States of America,Mixta o desconocida,Frontera EE.UU.-México,Desconocido,1
32.3953,-113.139717,2019,Norteamérica,United States of America,Mixta o desconocida,Frontera EE.UU.-México,Desconocido,1
31.7061,-111.41795,2019,Norteamérica,United States of America,Mixta o desconocida,Frontera EE.UU.-México,Desconocido,1
29.0729832,-110.9559294,2019,Centroamérica,Mexico,Violencia,Sin ruta registrada,Desconocido,1
19.0501683,-96.425314,2019,Centroamérica,Mexico,Accidente de transporte,Sin ruta registrada,Desconocido,1
26.202726724,-98.444762482,2019,Centroamérica,Mexico,Ahogamiento,Sin ruta registrada,Mexico,1
31.7710272,-106.5001332,2019,Norteamérica,United States of America,Enfermedad o falta de atención,Frontera EE.UU.-México,Guatemala,1
17.9936804,-95.4016158,2019,Centroamérica,Mexico,Violencia,Sin ruta registrada,Guatemala,1
32.27454,-113.28033,2019,Norteamérica,United States of America,Mixta o desconocida,Frontera EE.UU.-México,Desconocido,1
32.25981,-113.27757,2019,Norteamérica,United States of America,Mixta o desconocida,Frontera EE.UU.-México,Desconocido,1
32.41635,-113.17062,2019,Norteamérica,United States of America,Mixta o desconocida,Frontera EE.UU.-México,Desconocido,1
32.41371,-113.20544,2019,Norteamérica,United States of America,Mixta o desconocida,Frontera EE.UU.-México,Desconocido,1
28.693108078,-106.091735282,2019,Centroamérica,Mexico,Accidente de transporte,Sin ruta registrada,Desconocido,1
32.029,-112.17123,2019,Norteamérica,United States of America,Mixta o desconocida,Frontera EE.UU.-México,Desconocido,1
32.351832,-111.517477,2019,Norteamérica,United States of America,Mixta o desconocida,Frontera EE.UU.-México,Desconocido,1
27.5313645,-99.4284852,2019,Norteamérica,United States of America,Mixta o desconocida,Frontera EE.UU.-México,Desconocido,84
27.53305,-99.47808,2019,Norteamérica,United States of America,Enfermedad o falta de atención,Frontera EE.UU.-México,Democratic Republic of the Congo,1
14.9219177,-88.2375991,2019,Centroamérica,Honduras,Violencia,Sin ruta registrada,Honduras,1
32.07991,-111.9679,2019,Norteamérica,United States of America,Mixta o desconocida,Frontera EE.UU.-México,Desconocido,1
20.009883384,-99.215657552,2019,Centroamérica,Mexico,Violencia,Sin ruta registrada,Desconocido,1
30.578414945,-104.38260596,2019,Norteamérica,United States of America,Mixta o desconocida,Frontera EE.UU.-México,Desconocido,1
29.6629938,-103.3587288,2019,Norteamérica,United States of America,Mixta o desconocida,Frontera EE.UU.-México,Desconocido,2
32.6926512,-114.6276916,2019,Norteamérica,United States of America,Mixta o desconocida,Frontera EE.UU.-México,Desconocido,10
31.605061,-106.292585,2019,Norteamérica,United States of America,Ahogamiento,Frontera EE.UU.-México,Mexico,1
31.5016461,-106.2159916,2019,Norteamérica,United States of America,Ahogamiento,Frontera EE.UU.-México,Mexico,1
31.826908,-106.62361,2019,Norteamérica,United States of America,Mixta o desconocida,Frontera EE.UU.-México,Desconocido,1
31.7840561,-106.80379,2019,Norteamérica,United States of America,Mixta o desconocida,Frontera EE.UU.-México,Mexico,1
32.3072074,-108.59991,2019,Norteamérica,United States of America,Mixta o desconocida,Frontera EE.UU.-México,Mexico,2
31.7211864,-108.43828,2019,Norteamérica,United States of America,Condiciones ambientales extremas,Frontera EE.UU.-México,Brazil,1
31.7839,-106.562,2019,Norteamérica,United States of America,Mixta o desconocida,Frontera EE.UU.-México,Mexico,1
32.1239,-108.235,2019,Norteamérica,United States of America,Condiciones ambientales extremas,Frontera EE.UU.-México,Mexico,1
32.576281,-117.134048,2019,Norteamérica,United States of America,Ahogamiento,Frontera EE.UU.-México,Mexico,1
32.567652,-117.011509,2019,Norteamérica,United States of America,Condiciones ambientales extremas,Frontera EE.UU.-México,Mexico,1
32.739583,-117.257251,2019,Norteamérica,United States of America,Mixta o desconocida,Frontera EE.UU.-México,Desconocido,1
32.541977,-117.05632,2019,Norteamérica,United States of America,Mixta o desconocida,Frontera EE.UU.-México,Desconocido,1
32.70168,-115.19436,2019,Norteamérica,United States of America,Mixta o desconocida,Frontera EE.UU.-México,Desconocido,1
32.72998,-114.62603,2019,Norteamérica,United States of America,Mixta o desconocida,Frontera EE.UU.-México,Desconocido,1
20.0522119,-99.3442487,2020,Centroamérica,Mexico,Enfermedad o falta de atención,Sin ruta registrada,Cuba,1
32.35061,-112.33691,2020,Norteamérica,United States of America,Mixta o desconocida,Frontera EE.UU.-México,Lesotho,1
32.44845,-113.11031,2020,Norteamérica,United States of America,Mixta o desconocida,Frontera EE.UU.-México,Desconocido,1
32.4147,-113.255983,2020,Norteamérica,United States of America,Mixta o desconocida,Frontera EE.UU.-México,Desconocido,1
31.969466,-110.4881,2020,Norteamérica,United States of America,Mixta o desconocida,Frontera EE.UU.-México,Desconocido,1
29.31140448,-100.90314371,2020,Centroamérica,Mexico,Ahogamiento,Frontera EE.UU.-México,Mexico,1
31.751483,-111.60035,2020,Norteamérica,United States of America,Condiciones ambientales extremas,Frontera EE.UU.-México,Desconocido,1
7.8730221,-72.3769882,2020,Sudamérica,Venezuela (Bolivarian Republic of),Accidente de transporte,Sin ruta registrada,Venezuela,1
32.047117,-112.08075,2020,Norteamérica,United States of America,Mixta o desconocida,Frontera EE.UU.-México,Desconocido,1
31.864,-112.747633,2020,Norteamérica,United States of America,Mixta o desconocida,Frontera EE.UU.-México,Desconocido,1
32.5357736,-117.0381917,2020,Centroamérica,Mexico,Enfermedad o falta de atención,Frontera EE.UU.-México,Haiti,1
26.066759,-98.20524346,2020,Centroamérica,Mexico,Violencia,Frontera EE.UU.-México,Mexico,1
-0.9764401,-80.6281912,2020,Sudamérica,Ecuador,Accidente de transporte,Sin ruta registrada,Venezuela,1
32.023833,-111.254167,2020,Norteamérica,United States of America,Mixta o desconocida,Frontera EE.UU.-México,Desconocido,1
32.4021,-113.11811,2020,Norteamérica,United States of America,Mixta o desconocida,Frontera EE.UU.-México,Desconocido,1
22.646233,-75.7029346,2020,Caribe,Bahamas,Ahogamiento,Sin ruta registrada,Haiti,39
32.5388762,-117.0455722,2020,Centroamérica,Mexico,Violencia,Frontera EE.UU.-México,Haiti,1
26.3003804,-98.75426466,2020,Centroamérica,Mexico,Ahogamiento,Frontera EE.UU.-México,Desconocido,1
31.912022,-111.881234,2020,Norteamérica,United States of America,Mixta o desconocida,Frontera EE.UU.-México,Desconocido,1
31.96866,-112.69848,2020,Norteamérica,United States of America,Mixta o desconocida,Frontera EE.UU.-México,Desconocido,1
15.06569058,-92.4422735,2020,Centroamérica,Mexico,Violencia,Sin ruta registrada,El Salvador,1
32.24304,-113.37216,2020,Norteamérica,United States of America,Mixta o desconocida,Frontera EE.UU.-México,Desconocido,1
28.94115795,-100.64948189,2020,Norteamérica,United States of America,Ahogamiento,Frontera EE.UU.-México,Desconocido,1
27.4965098,-99.5049573,2020,Centroamérica,Mexico,Enfermedad o falta de atención,Frontera EE.UU.-México,Honduras,1
32.0272,-112.1455,2020,Norteamérica,United States of America,Mixta o desconocida,Frontera EE.UU.-México,Desconocido,1
6.2733669,-75.5929989,2020,Sudamérica,Colombia,Violencia,Sin ruta registrada,Venezuela,1
31.9085,-112.4549,2020,Norteamérica,United States of America,Mixta o desconocida,Frontera EE.UU.-México,Desconocido,1
25.4772858,-100.9787858,2020,Centroamérica,Mexico,Enfermedad o falta de atención,Sin ruta registrada,Desconocido,1
32.27956,-111.36335,2020,Norteamérica,United States of America,Mixta o desconocida,Frontera EE.UU.-México,Desconocido,1
17.8872074,-95.1386742,2020,Centroamérica,Mexico,Accidente de transporte,Sin ruta registrada,Desconocido,1
26.36563268,-98.80256387,2020,Centroamérica,Mexico,Ahogamiento,Frontera EE.UU.-México,Mexico,1
17.5420646,-91.9893762,2020,Centroamérica,Mexico,Accidente de transporte,Sin ruta registrada,Desconocido,1
32.226253,-112.755616,2020,Norteamérica,United States of America,Violencia,Frontera EE.UU.-México,Colombia,1
17.8812332,-94.9607461,2020,Centroamérica,Mexico,Accidente de transporte,Sin ruta registrada,Honduras,1
-9.46816567,-78.31653176,2020,Sudamérica,Peru,Accidente de transporte,Sin ruta registrada,Venezuela,1
28.78876398,-100.5335432,2020,Centroamérica,Mexico,Ahogamiento,Frontera EE.UU.-México,Honduras,1
28.69733301,-100.51019685,2020,Norteamérica,United States of America,Ahogamiento,Frontera EE.UU.-México,Desconocido,1
28.87809017,-100.59952177,2020,Centroamérica,Mexico,Ahogamiento,Frontera EE.UU.-México,Guatemala,1
31.90225,-110.40713,2020,Norteamérica,United States of America,Mixta o desconocida,Frontera EE.UU.-México,Desconocido,1
31.636158,-111.444283,2020,Norteamérica,United States of America,Violencia,Frontera EE.UU.-México,Mexico,1
31.636158,-111.444297,2020,Norteamérica,United States of America,Violencia,Frontera EE.UU.-México,Mexico,1
32.0793,-112.13485,2020,Norteamérica,United States of America,Mixta o desconocida,Frontera EE.UU.-México,Desconocido,1
31.7618778,-106.4850217,2020,Norteamérica,United States of America,Accidente de transporte,Frontera EE.UU.-México,Ecuador,1
-0.93906129,-80.71196195,2020,Sudamérica,Ecuador,Ahogamiento,Sin ruta registrada,Venezuela,1
31.702367,-112.007,2020,Norteamérica,United States of America,Mixta o desconocida,Frontera EE.UU.-México,Desconocido,1
23.634501,-102.552784,2020,Centroamérica,Mexico,Accidente de transporte,Sin ruta registrada,Honduras,1
32.686417,-112.0101,2020,Norteamérica,United States of America,Mixta o desconocida,Frontera EE.UU.-México,Desconocido,1
26.23380955,-98.57901468,2020,Centroamérica,Mexico,Ahogamiento,Frontera EE.UU.-México,Mexico,1
32.60140276,-117.15277684,2020,Norteamérica,United States of America,Ahogamiento,Frontera EE.UU.-México,Mexico,2
32.40772,-113.14226,2020,Norteamérica,United States of America,Mixta o desconocida,Frontera EE.UU.-México,Desconocido,1
32.415803,-113.128656,2020,Norteamérica,United States of America,Mixta o desconocida,Frontera EE.UU.-México,Desconocido,1
32.40772,-113.14226,2020,Norteamérica,United States of America,Mixta o desconocida,Frontera EE.UU.-México,Desconocido,1
25.52598498,-108.16676431,2020,Centroamérica,Mexico,Accidente de transporte,Sin ruta registrada,Desconocido,1
18.44272559,-95.2429738,2020,Centroamérica,Mexico,Accidente de transporte,Sin ruta registrada,Desconocido,1
-37.4629159,-72.3612251,2020,Sudamérica,Chile,Enfermedad o falta de atención,Sin ruta registrada,Haiti,1
32.01272,-112.76071,2020,Norteamérica,United States of America,Mixta o desconocida,Frontera EE.UU.-México,Desconocido,1
31.93266,-112.77413,2020,Norteamérica,United States of America,Mixta o desconocida,Frontera EE.UU.-México,Desconocido,1
31.706783,-112.009333,2020,Norteamérica,United States of America,Mixta o desconocida,Frontera EE.UU.-México,Desconocido,1
17.8812332,-94.9607461,2020,Centroamérica,Mexico,Accidente de transporte,Sin ruta registrada,Desconocido,1
32.84037075,-116.41412131,2020,Norteamérica,United States of America,Condiciones ambientales extremas,Frontera EE.UU.-México,Mexico,3
28.94317266,-100.62177766,2020,Norteamérica,United States of America,Accidente de transporte,Frontera EE.UU.-México,Ecuador,1
18.43616167,-95.96031793,2020,Centroamérica,Mexico,Accidente de transporte,Sin ruta registrada,Desconocido,1
32.449056,-113.110167,2020,Norteamérica,United States of America,Mixta o desconocida,Frontera EE.UU.-México,Desconocido,1
32.327528,-113.254306,2020,Norteamérica,United States of America,Mixta o desconocida,Frontera EE.UU.-México,Desconocido,1
32.372167,-113.149583,2020,Norteamérica,United States of America,Mixta o desconocida,Frontera EE.UU.-México,Desconocido,1
32.362444,-113.098806,2020,Norteamérica,United States of America,Mixta o desconocida,Frontera EE.UU.-México,Desconocido,1
32.363083,-113.105778,2020,Norteamérica,United States of America,Mixta o desconocida,Frontera EE.UU.-México,Desconocido,1
32.449056,-113.110167,2020,Norteamérica,United States of America,Mixta o desconocida,Frontera EE.UU.-México,Desconocido,1
31.438168,-110.308167,2020,Norteamérica,United States of America,Mixta o desconocida,Frontera EE.UU.-México,Desconocido,1
31.97955,-112.4998,2020,Norteamérica,United States of America,Mixta o desconocida,Frontera EE.UU.-México,Desconocido,1
32.15145,-112.345533,2020,Norteamérica,United States of America,Mixta o desconocida,Frontera EE.UU.-México,Desconocido,1
27.5158689,-97.856109,2020,Norteamérica,United States of America,Mixta o desconocida,Frontera EE.UU.-México,Desconocido,1
7.37823,-72.6503369,2020,Sudamérica,Colombia,Enfermedad o falta de atención,Sin ruta registrada,Venezuela,1
27.22274177,-98.14100793,2020,Norteamérica,United States of America,Condiciones ambientales extremas,Frontera EE.UU.-México,Guatemala,1
27.39813897,-99.49410255,2020,Centroamérica,Mexico,Ahogamiento,Frontera EE.UU.-México,Desconocido,1
32.052417,-113.070889,2020,Norteamérica,United States of America,Mixta o desconocida,Frontera EE.UU.-México,Desconocido,1
27.49605793,-99.52588373,2020,Centroamérica,Mexico,Ahogamiento,Frontera EE.UU.-México,Ecuador,1
31.99733,-112.705382,2020,Norteamérica,United States of America,Mixta o desconocida,Frontera EE.UU.-México,Desconocido,1
32.19055,-112.7587,2020,Norteamérica,United States of America,Mixta o desconocida,Frontera EE.UU.-México,Desconocido,1
-12.2173993,-76.9857192,2020,Sudamérica,Peru,Violencia,Sin ruta registrada,Venezuela,1
32.9594891,-117.2653146,2020,Norteamérica,United States of America,Ahogamiento,Frontera EE.UU.-México,Desconocido,3
31.89729,-111.1419,2020,Norteamérica,United States of America,Violencia,Frontera EE.UU.-México,Mexico,1
26.16271482,-98.39471212,2020,Centroamérica,Mexico,Ahogamiento,Frontera EE.UU.-México,Desconocido,4
26.36524306,-98.81592909,2020,Centroamérica,Mexico,Ahogamiento,Frontera EE.UU.-México,Desconocido,1
27.2269872,-98.1441714,2020,Norteamérica,United States of America,Mixta o desconocida,Frontera EE.UU.-México,Desconocido,1
27.49605793,-99.52588373,2020,Centroamérica,Mexico,Ahogamiento,Frontera EE.UU.-México,Desconocido,1
28.6329957,-106.0691004,2020,Centroamérica,Mexico,Accidente de transporte,Sin ruta registrada,Desconocido,1
17.6480554,-99.8438888,2020,Centroamérica,Mexico,Violencia,Sin ruta registrada,Mexico,1
31.94393,-112.13957,2020,Norteamérica,United States of America,Mixta o desconocida,Frontera EE.UU.-México,Desconocido,1
31.983535,-112.11625,2020,Norteamérica,United States of America,Mixta o desconocida,Frontera EE.UU.-México,Desconocido,1
31.91249,-112.14168,2020,Norteamérica,United States of America,Mixta o desconocida,Frontera EE.UU.-México,Desconocido,1
32.701309,-114.730072,2020,Norteamérica,United States of America,Ahogamiento,Frontera EE.UU.-México,Desconocido,1
31.95953,-112.12443,2020,Norteamérica,United States of America,Mixta o desconocida,Frontera EE.UU.-México,Desconocido,1
31.94985,-112.12783,2020,Norteamérica,United States of America,Mixta o desconocida,Frontera EE.UU.-México,Desconocido,1
31.92176,-112.12998,2020,Norteamérica,United States of America,Mixta o desconocida,Frontera EE.UU.-México,Desconocido,1
31.93034,-112.1238,2020,Norteamérica,United States of America,Mixta o desconocida,Frontera EE.UU.-México,Desconocido,1
31.91245,-112.141605,2020,Norteamérica,United States of America,Mixta o desconocida,Frontera EE.UU.-México,Desconocido,1
31.7618778,-106.4850217,2020,Norteamérica,United States of America,Muerte accidental,Frontera EE.UU.-México,Guatemala,1
32.1333,-112.98088,2020,Norteamérica,United States of America,Mixta o desconocida,Frontera EE.UU.-México,Desconocido,1
32.265396,-112.73811,2020,Norteamérica,United States of America,Violencia,Frontera EE.UU.-México,Mexico,1
31.3011855,-110.9381047,2020,Centroamérica,Mexico,Accidente de transporte,Frontera EE.UU.-México,Cuba,1
27.45006251,-99.495328,2020,Centroamérica,Mexico,Ahogamiento,Frontera EE.UU.-México,Ecuador,5
28.70490641,-100.51236641,2020,Centroamérica,Mexico,Ahogamiento,Frontera EE.UU.-México,Desconocido,1
12.16901988,-69.92211014,2020,Caribe,Venezuela (Bolivarian Republic of),Ahogamiento,Venezuela al Caribe,Venezuela,16
27.50440181,-99.5288878,2020,Centroamérica,Mexico,Ahogamiento,Frontera EE.UU.-México,Guatemala,1
31.67159214,-106.33688751,2020,Norteamérica,United States of America,Ahogamiento,Frontera EE.UU.-México,Desconocido,1
27.5021486,-99.52863031,2020,Centroamérica,Mexico,Ahogamiento,Frontera EE.UU.-México,Mexico,1
32.2480009,-112.9161399,2020,Norteamérica,United States of America,Condiciones ambientales extremas,Frontera EE.UU.-México,Mexico,1
26.2587712,-98.5762224,2020,Norteamérica,United States of America,Mixta o desconocida,Frontera EE.UU.-México,Mexico,1
28.71072416,-100.50810447,2020,Norteamérica,United States of America,Ahogamiento,Frontera EE.UU.-México,Mexico,1
27.49747071,-99.42858767,2020,Norteamérica,United States of America,Condiciones ambientales extremas,Frontera EE.UU.-México,Mexico,1
18.7156563,-97.3077659,2020,Centroamérica,Mexico,Accidente de transporte,Sin ruta registrada,Desconocido,1
31.4536,-110.3218,2020,Norteamérica,United States of America,Mixta o desconocida,Frontera EE.UU.-México,Desconocido,1
26.21627455,-98.45553289,2020,Centroamérica,Mexico,Ahogamiento,Frontera EE.UU.-México,Desconocido,1
32.057043,-111.49897,2020,Norteamérica,United States of America,Mixta o desconocida,Frontera EE.UU.-México,Desconocido,1
31.338056,-110.9375,2020,Norteamérica,United States of America,Violencia,Frontera EE.UU.-México,Mexico,1
28.697183,-100.3980824,2020,Norteamérica,United States of America,Mixta o desconocida,Frontera EE.UU.-México,Desconocido,1
31.6422683,-106.30185996,2020,Norteamérica,United States of America,Ahogamiento,Frontera EE.UU.-México,Desconocido,1
0.4985097,-76.4977428,2020,Sudamérica,Colombia,Violencia,Sin ruta registrada,Venezuela,3
32.2226066,-110.9747108,2020,Norteamérica,United States of America,Accidente de transporte,Frontera EE.UU.-México,Mexico,1
25.88079111,-97.49259347,2020,Centroamérica,Mexico,Ahogamiento,Frontera EE.UU.-México,Desconocido,1
31.9845,-112.1398,2020,Norteamérica,United States of America,Mixta o desconocida,Frontera EE.UU.-México,Desconocido,1
32.17729,-113.01702,2020,Norteamérica,United States of America,Mixta o desconocida,Frontera EE.UU.-México,Desconocido,1
14.7924897,-89.5450458,2020,Centroamérica,Guatemala,Enfermedad o falta de atención,Sin ruta registrada,Democratic Republic of the Congo,1
11.4326663,-85.8230251,2020,Centroamérica,Nicaragua,Enfermedad o falta de atención,Sin ruta registrada,Haiti,1
28.7094609,-100.51073563,2020,Centroamérica,Mexico,Ahogamiento,Frontera EE.UU.-México,Desconocido,1
16.5611267,-95.0963141,2020,Centroamérica,Mexico,Accidente de transporte,Sin ruta registrada,Honduras,1
28.71177805,-100.50771823,2020,Norteamérica,United States of America,Ahogamiento,Frontera EE.UU.-México,Desconocido,1
19.6044444,-98.3119444,2020,Centroamérica,Mexico,Accidente de transporte,Sin ruta registrada,Desconocido,1
32.14407,-113.1964,2020,Norteamérica,United States of America,Mixta o desconocida,Frontera EE.UU.-México,Desconocido,1
27.49956011,-99.5291453,2020,Centroamérica,Mexico,Ahogamiento,Frontera EE.UU.-México,Honduras,1
31.9694,-112.97143,2020,Norteamérica,United States of America,Mixta o desconocida,Frontera EE.UU.-México,Desconocido,1
19.7122732,-98.9683073,2020,Centroamérica,Mexico,Accidente de transporte,Sin ruta registrada,Desconocido,1
31.87595,-111.838583,2020,Norteamérica,United States of America,Mixta o desconocida,Frontera EE.UU.-México,Desconocido,1
32.03033,-113.29698,2020,Norteamérica,United States of America,Mixta o desconocida,Frontera EE.UU.-México,Desconocido,1
26.21677905,-98.45488916,2020,Centroamérica,Mexico,Ahogamiento,Frontera EE.UU.-México,Guatemala,1
27.47893958,-99.47915162,2020,Centroamérica,Mexico,Ahogamiento,Frontera EE.UU.-México,Mexico,1
7.91678281,-72.4628793,2020,Sudamérica,Venezuela (Bolivarian Republic of),Violencia,Sin ruta registrada,Venezuela,1
32.424167,-113.121167,2020,Norteamérica,United States of America,Mixta o desconocida,Frontera EE.UU.-México,Desconocido,1
32.3,-113.103833,2020,Norteamérica,United States of America,Mixta o desconocida,Frontera EE.UU.-México,Desconocido,1
32.300167,-113.1025,2020,Norteamérica,United States of America,Mixta o desconocida,Frontera EE.UU.-México,Desconocido,1
19.3615439,-99.2244584,2020,Centroamérica,Mexico,Enfermedad o falta de atención,Sin ruta registrada,El Salvador,1
32.074583,-112.53535,2020,Norteamérica,United States of America,Mixta o desconocida,Frontera EE.UU.-México,Desconocido,1
28.70982081,-100.50861945,2020,Norteamérica,United States of America,Ahogamiento,Frontera EE.UU.-México,Desconocido,1
26.23385392,-98.58000649,2020,Centroamérica,Mexico,Ahogamiento,Frontera EE.UU.-México,Desconocido,1
31.35428,-109.57788,2020,Norteamérica,United States of America,Mixta o desconocida,Frontera EE.UU.-México,Desconocido,1
27.8647835,-101.1334267,2020,Centroamérica,Mexico,Accidente de transporte,Frontera EE.UU.-México,Desconocido,1
31.7454878,-106.4766625,2020,Centroamérica,Mexico,Muerte accidental,Frontera EE.UU.-México,Cuba,1
31.49509,-110.76714,2020,Norteamérica,United States of America,Mixta o desconocida,Frontera EE.UU.-México,Desconocido,1
-20.2518461,-70.107727,2020,Sudamérica,Chile,Mixta o desconocida,Sin ruta registrada,Colombia,1
3.684084,-76.312996,2020,Sudamérica,Colombia,Accidente de transporte,Sin ruta registrada,Venezuela,1
32.709256,-115.1096461,2020,Norteamérica,United States of America,Ahogamiento,Frontera EE.UU.-México,Desconocido,1
31.99278,-113.04771,2020,Norteamérica,United States of America,Mixta o desconocida,Frontera EE.UU.-México,Desconocido,1
-10.66779516,-77.79700043,2020,Sudamérica,Peru,Accidente de transporte,Sin ruta registrada,Venezuela,3
32.12533,-112.50055,2020,Norteamérica,United States of America,Mixta o desconocida,Frontera EE.UU.-México,Desconocido,1
31.67128,-111.90345,2020,Norteamérica,United States of America,Mixta o desconocida,Frontera EE.UU.-México,Desconocido,1
32.6757178,-115.3813444,2020,Norteamérica,United States of America,Ahogamiento,Frontera EE.UU.-México,Desconocido,1
6.82333293,-73.00407685,2020,Sudamérica,Colombia,Muerte accidental,Sin ruta registrada,Venezuela,1
29.32943244,-100.93356592,2020,Centroamérica,Mexico,Ahogamiento,Frontera EE.UU.-México,Honduras,1
31.71351,-111.94921,2020,Norteamérica,United States of America,Mixta o desconocida,Frontera EE.UU.-México,Desconocido,1
26.0713913,-108.7840381,2020,Centroamérica,Mexico,Accidente de transporte,Sin ruta registrada,Desconocido,1
32.3548,-113.11008,2020,Norteamérica,United States of America,Mixta o desconocida,Frontera EE.UU.-México,Desconocido,1
17.91866088,-69.24647491,2020,Caribe,Puerto Rico,Ahogamiento,Rep. Dominicana a Puerto Rico,Rep. Dominicana,4
32.7209622,-114.71695552,2020,Norteamérica,United States of America,Ahogamiento,Frontera EE.UU.-México,Honduras,1
-32.7167341,-70.7257933,2020,Sudamérica,Chile,Enfermedad o falta de atención,Sin ruta registrada,Haiti,1
26.21635675,-98.45480333,2020,Centroamérica,Mexico,Ahogamiento,Frontera EE.UU.-México,Guatemala,1
28.33664703,-100.30868482,2020,Centroamérica,Mexico,Ahogamiento,Frontera EE.UU.-México,Mexico,1
28.33499917,-100.30937147,2020,Centroamérica,Mexico,Ahogamiento,Frontera EE.UU.-México,Mexico,1
32.23443,-113.12708,2020,Norteamérica,United States of America,Mixta o desconocida,Frontera EE.UU.-México,Desconocido,1
32.31363,-113.10949,2020,Norteamérica,United States of America,Mixta o desconocida,Frontera EE.UU.-México,Desconocido,1
32.30002,-113.104,2020,Norteamérica,United States of America,Mixta o desconocida,Frontera EE.UU.-México,Desconocido,1
32.31554,-113.11809,2020,Norteamérica,United States of America,Mixta o desconocida,Frontera EE.UU.-México,Desconocido,1
28.77868781,-100.52492728,2020,Norteamérica,United States of America,Mixta o desconocida,Frontera EE.UU.-México,Desconocido,1
5.92995605,-73.60887692,2020,Sudamérica,Colombia,Ahogamiento,Sin ruta registrada,Venezuela,1
31.418333,-110.956833,2020,Norteamérica,United States of America,Mixta o desconocida,Frontera EE.UU.-México,Mexico,1
28.71043953,-100.51013481,2020,Centroamérica,Mexico,Ahogamiento,Frontera EE.UU.-México,Mexico,1
31.95737,-111.7114,2020,Norteamérica,United States of America,Condiciones ambientales extremas,Frontera EE.UU.-México,Guatemala,1
31.91318,-111.38731,2020,Norteamérica,United States of America,Mixta o desconocida,Frontera EE.UU.-México,Desconocido,1
32.6823297,-115.9801536,2020,Norteamérica,United States of America,Condiciones ambientales extremas,Frontera EE.UU.-México,Desconocido,1
-33.446506,-70.63096,2020,Sudamérica,Chile,Enfermedad o falta de atención,Sin ruta registrada,Venezuela,1
31.623,-109.21,2020,Norteamérica,United States of America,Violencia,Frontera EE.UU.-México,Mexico,1
31.4430017,-109.8274255,2020,Norteamérica,United States of America,Accidente de transporte,Frontera EE.UU.-México,Mexico,1
31.5628152,-106.279259,2020,Norteamérica,United States of America,Ahogamiento,Frontera EE.UU.-México,Ecuador,1
26.3797874,-98.8203046,2020,Norteamérica,United States of America,Condiciones ambientales extremas,Frontera EE.UU.-México,Desconocido,1
26.4070058,-99.0839196,2020,Norteamérica,United States of America,Condiciones ambientales extremas,Frontera EE.UU.-México,Cuba,1
22.8317744,-105.7791327,2020,Centroamérica,Mexico,Accidente de transporte,Sin ruta registrada,Desconocido,1
32.6566341,-115.6207551,2020,Norteamérica,United States of America,Ahogamiento,Frontera EE.UU.-México,Desconocido,1
27.3067057,-98.6783516,2020,Norteamérica,United States of America,Condiciones ambientales extremas,Frontera EE.UU.-México,Honduras,1
32.644379,-115.9993459,2020,Norteamérica,United States of America,Condiciones ambientales extremas,Frontera EE.UU.-México,Desconocido,1
31.73,-111.974333,2020,Norteamérica,United States of America,Mixta o desconocida,Frontera EE.UU.-México,Desconocido,1
31.79445,-112.164167,2020,Norteamérica,United States of America,Mixta o desconocida,Frontera EE.UU.-México,Desconocido,1
31.9038,-111.7757,2020,Norteamérica,United States of America,Mixta o desconocida,Frontera EE.UU.-México,Desconocido,1
32.6697377,-115.4284813,2020,Norteamérica,United States of America,Ahogamiento,Frontera EE.UU.-México,Desconocido,1
32.231692,-113.09191,2020,Norteamérica,United States of America,Mixta o desconocida,Frontera EE.UU.-México,Desconocido,1
32.231692,-113.09191,2020,Norteamérica,United States of America,Mixta o desconocida,Frontera EE.UU.-México,Desconocido,1
28.7052321,-100.51180851,2020,Centroamérica,Mexico,Ahogamiento,Frontera EE.UU.-México,Honduras,1
27.69953439,-99.74654354,2020,Centroamérica,Mexico,Ahogamiento,Frontera EE.UU.-México,Honduras,1
31.90199,-111.78005,2020,Norteamérica,United States of America,Mixta o desconocida,Frontera EE.UU.-México,Desconocido,1
25.42131268,-101.01577273,2020,Centroamérica,Mexico,Accidente de transporte,Sin ruta registrada,Desconocido,1
23.634501,-102.552784,2020,Centroamérica,Mexico,Muerte accidental,Sin ruta registrada,Nicaragua,1
31.68722,-112.05361,2020,Norteamérica,United States of America,Mixta o desconocida,Frontera EE.UU.-México,Desconocido,1
32.845283,-112.73805,2020,Norteamérica,United States of America,Mixta o desconocida,Frontera EE.UU.-México,Mexico,1
27.45321878,-99.4944455,2020,Centroamérica,Mexico,Ahogamiento,Frontera EE.UU.-México,Desconocido,1
31.70055,-112.18583,2020,Norteamérica,United States of America,Mixta o desconocida,Frontera EE.UU.-México,Desconocido,1
7.8890971,-72.4966896,2020,Sudamérica,Colombia,Mixta o desconocida,Sin ruta registrada,Venezuela,1
29.55555634,-104.39460081,2020,Centroamérica,Mexico,Ahogamiento,Frontera EE.UU.-México,Cuba,1
28.7410473,-100.3497895,2020,Norteamérica,United States of America,Condiciones ambientales extremas,Frontera EE.UU.-México,Desconocido,1
7.8943852,-72.4635379,2020,Sudamérica,Colombia,Violencia,Sin ruta registrada,Venezuela,1
27.38679511,-99.45213562,2020,Norteamérica,United States of America,Condiciones ambientales extremas,Frontera EE.UU.-México,Mexico,1
31.774333,-111.892067,2020,Norteamérica,United States of America,Condiciones ambientales extremas,Frontera EE.UU.-México,Mexico,1
32.0694,-112.1516,2020,Norteamérica,United States of America,Mixta o desconocida,Frontera EE.UU.-México,Desconocido,1
32.78023684,-115.56863879,2020,Norteamérica,United States of America,Condiciones ambientales extremas,Frontera EE.UU.-México,Desconocido,1
26.6215167,-98.7481167,2020,Norteamérica,United States of America,Mixta o desconocida,Frontera EE.UU.-México,Desconocido,1
28.31807527,-100.33477735,2020,Centroamérica,Mexico,Ahogamiento,Frontera EE.UU.-México,Mexico,2
28.70949314,-100.5184723,2020,Centroamérica,Mexico,Ahogamiento,Frontera EE.UU.-México,Desconocido,1
26.08318902,-98.26236119,2020,Centroamérica,Mexico,Ahogamiento,Frontera EE.UU.-México,Cuba,1
31.76131223,-106.45412265,2020,Norteamérica,United States of America,Accidente de transporte,Frontera EE.UU.-México,Guatemala,3
8.6400373,-82.213501,2020,Centroamérica,Panama,Enfermedad o falta de atención,Sin ruta registrada,Brazil,1
32.75287789,-114.69925958,2020,Norteamérica,United States of America,Ahogamiento,Frontera EE.UU.-México,Desconocido,1
31.77615,-111.947733,2020,Norteamérica,United States of America,Condiciones ambientales extremas,Frontera EE.UU.-México,Desconocido,1
32.4208,-113.3313,2020,Norteamérica,United States of America,Mixta o desconocida,Frontera EE.UU.-México,Desconocido,1
32.34016,-114.4686826,2020,Norteamérica,United States of America,Ahogamiento,Frontera EE.UU.-México,Honduras,1
-33.2063437,-70.8300567,2020,Sudamérica,Chile,Enfermedad o falta de atención,Sin ruta registrada,Haiti,1
26.4088523,-99.0156554,2020,Norteamérica,United States of America,Enfermedad o falta de atención,Frontera EE.UU.-México,Mexico,1
32.6728256,-114.1468821,2020,Norteamérica,United States of America,Condiciones ambientales extremas,Frontera EE.UU.-México,Desconocido,2
32.27037,-114.00981,2020,Norteamérica,United States of America,Condiciones ambientales extremas,Frontera EE.UU.-México,Mexico,1
32.472066,-114.05183,2020,Norteamérica,United States of America,Condiciones ambientales extremas,Frontera EE.UU.-México,Mexico,1
27.5282358,-99.4456705,2020,Norteamérica,United States of America,Condiciones ambientales extremas,Frontera EE.UU.-México,Desconocido,1
0.81313358,-77.66394352,2020,Sudamérica,Colombia,Ahogamiento,Sin ruta registrada,Venezuela,1
31.3815,-109.716,2020,Norteamérica,United States of America,Condiciones ambientales extremas,Frontera EE.UU.-México,Mexico,1
-33.5695362,-70.8156717,2020,Sudamérica,Chile,Violencia,Sin ruta registrada,Haiti,1
32.36791,-111.37283,2020,Norteamérica,United States of America,Mixta o desconocida,Frontera EE.UU.-México,Desconocido,1
32.41009,-113.41009,2020,Norteamérica,United States of America,Mixta o desconocida,Frontera EE.UU.-México,Desconocido,1
31.78620953,-106.56634202,2020,Norteamérica,United States of America,Muerte accidental,Frontera EE.UU.-México,Mexico,1
32.66519192,-115.496521,2020,Norteamérica,United States of America,Violencia,Frontera EE.UU.-México,Mexico,1
26.2695148,-98.6472456,2020,Norteamérica,United States of America,Enfermedad o falta de atención,Frontera EE.UU.-México,Desconocido,1
31.362569,-110.97229,2020,Norteamérica,United States of America,Condiciones ambientales extremas,Frontera EE.UU.-México,Desconocido,1
31.36113,-110.81322,2020,Norteamérica,United States of America,Condiciones ambientales extremas,Frontera EE.UU.-México,Mexico,1
31.38197,-110.99484,2020,Norteamérica,United States of America,Mixta o desconocida,Frontera EE.UU.-México,Desconocido,1
32.075822,-110.949593,2020,Norteamérica,United States of America,Mixta o desconocida,Frontera EE.UU.-México,Desconocido,1
29.2223979,-98.5742691,2020,Norteamérica,United States of America,Condiciones ambientales extremas,Frontera EE.UU.-México,Honduras,1
31.3656,-109.7131,2020,Norteamérica,United States of America,Condiciones ambientales extremas,Frontera EE.UU.-México,Desconocido,1
31.95916,-112.15888,2020,Norteamérica,United States of America,Mixta o desconocida,Frontera EE.UU.-México,Desconocido,1
32.05787,-111.93245,2020,Norteamérica,United States of America,Mixta o desconocida,Frontera EE.UU.-México,Desconocido,1
25.2391575,-101.1746655,2020,Centroamérica,Mexico,Mixta o desconocida,Frontera EE.UU.-México,Desconocido,1
32.04505,-112.70515,2020,Norteamérica,United States of America,Mixta o desconocida,Frontera EE.UU.-México,Desconocido,1
31.851617,-112.45735,2020,Norteamérica,United States of America,Mixta o desconocida,Frontera EE.UU.-México,Desconocido,1
31.398367,-110.07505,2020,Norteamérica,United States of America,Condiciones ambientales extremas,Frontera EE.UU.-México,Desconocido,1
27.53345327,-99.33360172,2020,Norteamérica,United States of America,Condiciones ambientales extremas,Frontera EE.UU.-México,Desconocido,1
26.07527782,-98.21852865,2020,Centroamérica,Mexico,Ahogamiento,Frontera EE.UU.-México,Desconocido,1
31.77748508,-106.52452457,2020,Norteamérica,United States of America,Ahogamiento,Frontera EE.UU.-México,Desconocido,1
7.8178141,-72.4425819,2020,Sudamérica,Venezuela (Bolivarian Republic of),Enfermedad o falta de atención,Sin ruta registrada,Venezuela,1
7.8178141,-72.4425819,2020,Sudamérica,Venezuela (Bolivarian Republic of),Enfermedad o falta de atención,Sin ruta registrada,Venezuela,1
26.40769168,-99.02469193,2020,Centroamérica,Mexico,Ahogamiento,Frontera EE.UU.-México,Mexico,1
32.22518,-113.18875,2020,Norteamérica,United States of America,Condiciones ambientales extremas,Frontera EE.UU.-México,Mexico,2
32.493171,-114.622583,2020,Norteamérica,United States of America,Condiciones ambientales extremas,Frontera EE.UU.-México,Mexico,1
31.7632855,-106.45763774,2020,Norteamérica,United States of America,Ahogamiento,Frontera EE.UU.-México,Desconocido,1
32.0501,-113.142,2020,Norteamérica,United States of America,Mixta o desconocida,Frontera EE.UU.-México,Desconocido,1
32.0503,-113.142,2020,Norteamérica,United States of America,Mixta o desconocida,Frontera EE.UU.-México,Desconocido,1
31.695593,-111.994608,2020,Norteamérica,United States of America,Mixta o desconocida,Frontera EE.UU.-México,Desconocido,1
32.549492,-111.934564,2020,Norteamérica,United States of America,Condiciones ambientales extremas,Frontera EE.UU.-México,Desconocido,1
32.376944,-111.490555,2020,Norteamérica,United States of America,Mixta o desconocida,Frontera EE.UU.-México,Desconocido,1
31.908717,-111.723683,2020,Norteamérica,United States of America,Mixta o desconocida,Frontera EE.UU.-México,Desconocido,1
31.991083,-111.987833,2020,Norteamérica,United States of America,Condiciones ambientales extremas,Frontera EE.UU.-México,Desconocido,1
31.887571,-111.542623,2020,Norteamérica,United States of America,Condiciones ambientales extremas,Frontera EE.UU.-México,Desconocido,1
27.5035613,-99.5075519,2020,Norteamérica,United States of America,Mixta o desconocida,Frontera EE.UU.-México,Mexico,5
18.34380274,-67.85978822,2020,Caribe,Puerto Rico,Ahogamiento,Rep. Dominicana a Puerto Rico,Rep. Dominicana,12
32.71808946,-114.73750026,2020,Norteamérica,United States of America,Ahogamiento,Frontera EE.UU.-México,Desconocido,1
28.60811401,-100.44355531,2020,Norteamérica,United States of America,Ahogamiento,Frontera EE.UU.-México,Desconocido,1
32.317421,-113.249109,2020,Norteamérica,United States of America,Condiciones ambientales extremas,Frontera EE.UU.-México,Desconocido,1
32.44253543,-114.63339247,2020,Norteamérica,United States of America,Muerte accidental,Frontera EE.UU.-México,Mexico,1
29.3277564,-100.4087977,2020,Norteamérica,United States of America,Accidente de transporte,Frontera EE.UU.-México,Mexico,2
4.5670243,-74.1442743,2020,Sudamérica,Colombia,Violencia,Sin ruta registrada,Venezuela,1
29.3047458,-100.9024962,2020,Centroamérica,Mexico,Mixta o desconocida,Frontera EE.UU.-México,Mexico,1
31.70964258,-106.37373603,2020,Centroamérica,Mexico,Ahogamiento,Frontera EE.UU.-México,Mexico,1
27.522572,-99.526441,2020,Centroamérica,Mexico,Ahogamiento,Frontera EE.UU.-México,Mexico,1
31.46315,-111.24279,2020,Norteamérica,United States of America,Condiciones ambientales extremas,Frontera EE.UU.-México,Desconocido,1
31.80255,-111.82095,2020,Norteamérica,United States of America,Condiciones ambientales extremas,Frontera EE.UU.-México,Desconocido,1
32.49269316,-114.80818646,2020,Norteamérica,United States of America,Muerte accidental,Frontera EE.UU.-México,Mexico,1
27.2269872,-98.1441714,2020,Norteamérica,United States of America,Condiciones ambientales extremas,Frontera EE.UU.-México,Mexico,1
32.5211857,-116.0656344,2020,Centroamérica,Mexico,Condiciones ambientales extremas,Frontera EE.UU.-México,Desconocido,1
32.7494988,-117.2470353,2020,Norteamérica,United States of America,Ahogamiento,Frontera EE.UU.-México,Mexico,2
31.620381,-111.75064,2020,Norteamérica,United States of America,Mixta o desconocida,Frontera EE.UU.-México,Desconocido,1
31.963667,-112.57685,2020,Norteamérica,United States of America,Condiciones ambientales extremas,Frontera EE.UU.-México,Mexico,1
32.19238,-111.76245,2020,Norteamérica,United States of America,Condiciones ambientales extremas,Frontera EE.UU.-México,Honduras,1
31.704967,-111.84205,2020,Norteamérica,United States of America,Mixta o desconocida,Frontera EE.UU.-México,Desconocido,1
31.89555,-111.89444,2020,Norteamérica,United States of America,Condiciones ambientales extremas,Frontera EE.UU.-México,Guatemala,1
32.7155792,-115.4137376,2020,Norteamérica,United States of America,Ahogamiento,Frontera EE.UU.-México,Desconocido,1
19.07040694,-69.03937254,2020,Caribe,Dominican Republic,Ahogamiento,Sin ruta registrada,Rep. Dominicana,5
-36.2362668,-72.0626077,2020,Sudamérica,Chile,Accidente de transporte,Sin ruta registrada,Haiti,2
26.5540654,-99.181793,2020,Centroamérica,Mexico,Condiciones ambientales extremas,Frontera EE.UU.-México,Desconocido,1
29.31828295,-100.91631889,2020,Centroamérica,Mexico,Ahogamiento,Frontera EE.UU.-México,Desconocido,1
31.84451,-111.50681,2020,Norteamérica,United States of America,Condiciones ambientales extremas,Frontera EE.UU.-México,Guatemala,1
31.59327,-111.62151,2020,Norteamérica,United States of America,Mixta o desconocida,Frontera EE.UU.-México,Mexico,1
10.1271529,-61.543683,2020,Caribe,Trinidad and Tobago,Violencia,Sin ruta registrada,Venezuela,1
8.9699661,-79.5342573,2020,Centroamérica,Panama,Enfermedad o falta de atención,Tapón del Darién,Haiti,1
29.3232963,-100.9514187,2020,Centroamérica,Mexico,Condiciones ambientales extremas,Frontera EE.UU.-México,Mexico,1
32.44195,-111.673817,2020,Norteamérica,United States of America,Condiciones ambientales extremas,Frontera EE.UU.-México,Mexico,1
32.132167,-112.606917,2020,Norteamérica,United States of America,Condiciones ambientales extremas,Frontera EE.UU.-México,Mexico,1
31.447517,-111.239067,2020,Norteamérica,United States of America,Condiciones ambientales extremas,Frontera EE.UU.-México,Mexico,1
32.14783,-113.41962,2020,Norteamérica,United States of America,Condiciones ambientales extremas,Frontera EE.UU.-México,Mexico,2
28.70869162,-100.51003566,2020,Norteamérica,United States of America,Ahogamiento,Frontera EE.UU.-México,Desconocido,1
32.1232535,-107.7978734,2020,Norteamérica,United States of America,Condiciones ambientales extremas,Frontera EE.UU.-México,Ecuador,1
31.7092,-111.680783,2020,Norteamérica,United States of America,Mixta o desconocida,Frontera EE.UU.-México,Mexico,1
11.227466,-74.174858,2020,Sudamérica,Colombia,Violencia,Sin ruta registrada,Venezuela,1
25.88051143,-97.49764826,2020,Centroamérica,Mexico,Ahogamiento,Frontera EE.UU.-México,Guatemala,1
20.7352385,-101.3697855,2020,Centroamérica,Mexico,Accidente de transporte,Sin ruta registrada,Desconocido,1
31.7632855,-106.45755191,2020,Norteamérica,United States of America,Ahogamiento,Frontera EE.UU.-México,Desconocido,1
7.8890971,-72.4966896,2020,Sudamérica,Colombia,Violencia,Sin ruta registrada,Venezuela,1
32.2480009,-112.9161399,2020,Norteamérica,United States of America,Condiciones ambientales extremas,Frontera EE.UU.-México,Mexico,1
31.920578,-112.073668,2020,Norteamérica,United States of America,Mixta o desconocida,Frontera EE.UU.-México,Desconocido,1
31.539538,-110.756196,2020,Norteamérica,United States of America,Condiciones ambientales extremas,Frontera EE.UU.-México,Mexico,1
31.80283,-111.821,2020,Norteamérica,United States of America,Condiciones ambientales extremas,Frontera EE.UU.-México,Mexico,1
28.7037675,-100.5122109,2020,Centroamérica,Mexico,Ahogamiento,Frontera EE.UU.-México,Desconocido,1
32.644379,-115.9993459,2020,Norteamérica,United States of America,Condiciones ambientales extremas,Frontera EE.UU.-México,Desconocido,1
32.644379,-115.9993459,2020,Norteamérica,United States of America,Condiciones ambientales extremas,Frontera EE.UU.-México,Desconocido,1
6.547306,-71.0022311,2020,Sudamérica,Colombia,Violencia,Sin ruta registrada,Venezuela,3
26.9080378,-101.4215236,2020,Centroamérica,Mexico,Condiciones ambientales extremas,Sin ruta registrada,Mexico,1
31.34813,-110.13821,2020,Norteamérica,United States of America,Condiciones ambientales extremas,Frontera EE.UU.-México,Mexico,1
26.3797874,-98.8203046,2020,Norteamérica,United States of America,Enfermedad o falta de atención,Frontera EE.UU.-México,Mexico,1
28.5377132,-99.8518583,2020,Norteamérica,United States of America,Condiciones ambientales extremas,Frontera EE.UU.-México,Mexico,1
26.3451481,-98.7742858,2020,Norteamérica,United States of America,Muerte accidental,Frontera EE.UU.-México,Desconocido,1
25.88723685,-97.51198813,2020,Centroamérica,Mexico,Ahogamiento,Frontera EE.UU.-México,Desconocido,1
8.0762129,-73.222102,2020,Sudamérica,Colombia,Violencia,Sin ruta registrada,Venezuela,1
31.959,-112.091467,2020,Norteamérica,United States of America,Mixta o desconocida,Frontera EE.UU.-México,Desconocido,1
32.270367,-111.5744,2020,Norteamérica,United States of America,Condiciones ambientales extremas,Frontera EE.UU.-México,Mexico,1
31.351389,-110.230556,2020,Norteamérica,United States of America,Mixta o desconocida,Frontera EE.UU.-México,Mexico,1
32.48429,-111.65183,2020,Norteamérica,United States of America,Mixta o desconocida,Frontera EE.UU.-México,Guatemala,1
27.47945357,-99.47917129,2020,Centroamérica,Mexico,Ahogamiento,Frontera EE.UU.-México,Desconocido,1
32.371725,-112.86071,2020,Norteamérica,United States of America,Condiciones ambientales extremas,Frontera EE.UU.-México,Mexico,1
32.46711,-111.65695,2020,Norteamérica,United States of America,Condiciones ambientales extremas,Frontera EE.UU.-México,Mexico,1
31.46676,-109.35206,2020,Norteamérica,United States of America,Condiciones ambientales extremas,Frontera EE.UU.-México,Mexico,1
32.334183,-113.131,2020,Norteamérica,United States of America,Condiciones ambientales extremas,Frontera EE.UU.-México,Mexico,1
29.34612539,-106.00179396,2020,Centroamérica,Mexico,Condiciones ambientales extremas,Frontera EE.UU.-México,Guatemala,2
0.84099938,-77.70440454,2020,Sudamérica,Ecuador,Enfermedad o falta de atención,Sin ruta registrada,Venezuela,1
32.83975333,-114.8005594,2020,Norteamérica,United States of America,Condiciones ambientales extremas,Frontera EE.UU.-México,Desconocido,1
32.41185,-113.1392,2020,Norteamérica,United States of America,Mixta o desconocida,Frontera EE.UU.-México,Desconocido,1
32.0676,-111.3765,2020,Norteamérica,United States of America,Mixta o desconocida,Frontera EE.UU.-México,Desconocido,1
29.054559,-100.088037,2020,Norteamérica,United States of America,Mixta o desconocida,Frontera EE.UU.-México,Desconocido,1
29.88794966,-106.39848229,2020,Centroamérica,Mexico,Condiciones ambientales extremas,Frontera EE.UU.-México,Guatemala,1
32.67700743,-115.45675484,2020,Norteamérica,United States of America,Condiciones ambientales extremas,Frontera EE.UU.-México,Mexico,1
25.8337867,-97.4055026,2020,Centroamérica,Mexico,Ahogamiento,Frontera EE.UU.-México,Desconocido,1
25.8966735,-97.4982812,2020,Centroamérica,Mexico,Ahogamiento,Frontera EE.UU.-México,Desconocido,1
26.23716444,-98.58146561,2020,Centroamérica,Mexico,Ahogamiento,Frontera EE.UU.-México,Mexico,1
25.87961371,-97.49697406,2020,Centroamérica,Mexico,Ahogamiento,Frontera EE.UU.-México,Desconocido,1
31.93338,-111.7779,2020,Norteamérica,United States of America,Condiciones ambientales extremas,Frontera EE.UU.-México,Guatemala,1
25.89866796,-97.49782004,2020,Centroamérica,Mexico,Ahogamiento,Sin ruta registrada,Mexico,1
19.0942705,-96.3334885,2020,Centroamérica,Mexico,Accidente de transporte,Sin ruta registrada,Desconocido,1
10.3015828,-61.4490453,2020,Caribe,Trinidad and Tobago,Violencia,Sin ruta registrada,Venezuela,1
31.880269,-111.198859,2020,Norteamérica,United States of America,Condiciones ambientales extremas,Frontera EE.UU.-México,Mexico,1
32.361,-113.124,2020,Norteamérica,United States of America,Mixta o desconocida,Frontera EE.UU.-México,Desconocido,1
31.3986,-109.51202,2020,Norteamérica,United States of America,Condiciones ambientales extremas,Frontera EE.UU.-México,Desconocido,1
32.45706,-112.47558,2020,Norteamérica,United States of America,Condiciones ambientales extremas,Frontera EE.UU.-México,Mexico,1
31.385617,-109.534133,2020,Norteamérica,United States of America,Condiciones ambientales extremas,Frontera EE.UU.-México,Mexico,1
31.912022,-111.881234,2020,Norteamérica,United States of America,Mixta o desconocida,Frontera EE.UU.-México,Desconocido,1
30.8940431,-102.8793222,2020,Norteamérica,United States of America,Accidente de transporte,Frontera EE.UU.-México,Mexico,1
31.8034,-111.8122,2020,Norteamérica,United States of America,Mixta o desconocida,Frontera EE.UU.-México,Desconocido,1
32.61819,-114.37219,2020,Norteamérica,United States of America,Condiciones ambientales extremas,Frontera EE.UU.-México,Mexico,1
0.8140384,-77.6640373,2020,Sudamérica,Ecuador,Ahogamiento,Sin ruta registrada,Venezuela,1
32.7119875,-114.9430346,2020,Norteamérica,United States of America,Ahogamiento,Frontera EE.UU.-México,Desconocido,1
25.6250042,-77.8252203,2020,Caribe,Bahamas,Ahogamiento,Sin ruta registrada,Desconocido,5
27.4997092,-99.5074915,2020,Centroamérica,Mexico,Ahogamiento,Frontera EE.UU.-México,Mexico,2
32.05906,-111.35365,2020,Norteamérica,United States of America,Mixta o desconocida,Frontera EE.UU.-México,Mexico,1
32.5505698,-116.9385833,2020,Centroamérica,Mexico,Muerte accidental,Frontera EE.UU.-México,Mexico,1
7.91657026,-72.46359707,2020,Sudamérica,Venezuela (Bolivarian Republic of),Mixta o desconocida,Sin ruta registrada,Venezuela,1
29.33160245,-100.94008905,2020,Centroamérica,Mexico,Ahogamiento,Frontera EE.UU.-México,Mexico,1
19.18552602,-96.13219086,2020,Centroamérica,Mexico,Enfermedad o falta de atención,Sin ruta registrada,El Salvador,1
27.49565852,-99.52276421,2020,Centroamérica,Mexico,Ahogamiento,Frontera EE.UU.-México,Desconocido,1
27.0250973,-98.1383995,2020,Norteamérica,United States of America,Condiciones ambientales extremas,Frontera EE.UU.-México,Mexico,1
27.4790538,-99.4814315,2020,Centroamérica,Mexico,Ahogamiento,Frontera EE.UU.-México,Desconocido,1
31.80622,-111.81945,2020,Norteamérica,United States of America,Mixta o desconocida,Frontera EE.UU.-México,Desconocido,1
31.9267,-112.471497,2020,Norteamérica,United States of America,Mixta o desconocida,Frontera EE.UU.-México,Desconocido,1
32.03228,-112.3249,2020,Norteamérica,United States of America,Mixta o desconocida,Frontera EE.UU.-México,Desconocido,1
31.783138,-111.628262,2020,Norteamérica,United States of America,Mixta o desconocida,Frontera EE.UU.-México,Desconocido,1
31.816,-111.4629,2020,Norteamérica,United States of America,Mixta o desconocida,Frontera EE.UU.-México,Desconocido,1
31.5773351,-111.3314522,2020,Norteamérica,United States of America,Mixta o desconocida,Frontera EE.UU.-México,Guatemala,1
33.4483771,-112.0740373,2020,Norteamérica,United States of America,Condiciones ambientales extremas,Frontera EE.UU.-México,Mexico,1
32.137243,-113.18921,2020,Norteamérica,United States of America,Mixta o desconocida,Frontera EE.UU.-México,Desconocido,1
31.8913,-112.78981,2020,Norteamérica,United States of America,Mixta o desconocida,Frontera EE.UU.-México,Desconocido,1
31.88474,-112.79484,2020,Norteamérica,United States of America,Mixta o desconocida,Frontera EE.UU.-México,Desconocido,1
32.401767,-113.130192,2020,Norteamérica,United States of America,Mixta o desconocida,Frontera EE.UU.-México,Desconocido,1
31.957582,-110.955646,2020,Norteamérica,United States of America,Condiciones ambientales extremas,Frontera EE.UU.-México,Mexico,1
31.687166,-111.184519,2020,Norteamérica,United States of America,Mixta o desconocida,Frontera EE.UU.-México,Desconocido,1
32.139,-111.427667,2020,Norteamérica,United States of America,Mixta o desconocida,Frontera EE.UU.-México,Desconocido,1
31.772121,-111.646555,2020,Norteamérica,United States of America,Mixta o desconocida,Frontera EE.UU.-México,Desconocido,1
31.355835,-110.780728,2020,Norteamérica,United States of America,Violencia,Frontera EE.UU.-México,Mexico,1
32.2226066,-110.9747108,2020,Norteamérica,United States of America,Condiciones ambientales extremas,Frontera EE.UU.-México,Mexico,1
31.3403775,-110.9342532,2020,Norteamérica,United States of America,Violencia,Frontera EE.UU.-México,Desconocido,1
27.0273057,-98.2212979,2020,Norteamérica,United States of America,Mixta o desconocida,Frontera EE.UU.-México,Desconocido,1
32.384167,-112.521533,2020,Norteamérica,United States of America,Mixta o desconocida,Frontera EE.UU.-México,Desconocido,1
31.6801,-111.87105,2020,Norteamérica,United States of America,Mixta o desconocida,Frontera EE.UU.-México,Desconocido,1
31.721533,-112.10435,2020,Norteamérica,United States of America,Mixta o desconocida,Frontera EE.UU.-México,Desconocido,1
33.4470248,-111.9591399,2020,Norteamérica,United States of America,Condiciones ambientales extremas,Frontera EE.UU.-México,Mexico,1
32.402672,-113.133313,2020,Norteamérica,United States of America,Mixta o desconocida,Frontera EE.UU.-México,Desconocido,1
32.10137,-111.36908,2020,Norteamérica,United States of America,Mixta o desconocida,Frontera EE.UU.-México,Desconocido,1
10.9215472,-74.7688173,2020,Sudamérica,Colombia,Violencia,Sin ruta registrada,Venezuela,1
-36.8249434,-73.0379451,2020,Sudamérica,Chile,Enfermedad o falta de atención,Sin ruta registrada,Haiti,1
28.4406642,-100.7556759,2020,Centroamérica,Mexico,Accidente de transporte,Frontera EE.UU.-México,Desconocido,1
31.96735,-112.126533,2020,Norteamérica,United States of America,Mixta o desconocida,Frontera EE.UU.-México,Desconocido,1
31.961367,-112.130917,2020,Norteamérica,United States of America,Mixta o desconocida,Frontera EE.UU.-México,Desconocido,1
32.07133,-111.37374,2020,Norteamérica,United States of America,Mixta o desconocida,Frontera EE.UU.-México,Desconocido,1
31.558538,-110.261697,2020,Norteamérica,United States of America,Condiciones ambientales extremas,Frontera EE.UU.-México,Mexico,1
31.52351,-111.63275,2020,Norteamérica,United States of America,Condiciones ambientales extremas,Frontera EE.UU.-México,Honduras,1
26.2347008,-98.58034981,2020,Centroamérica,Mexico,Ahogamiento,Frontera EE.UU.-México,Desconocido,1
15.6348341,-88.5214795,2020,Centroamérica,Guatemala,Accidente de transporte,Sin ruta registrada,Honduras,1
26.9361628,-98.1352829,2020,Norteamérica,United States of America,Condiciones ambientales extremas,Frontera EE.UU.-México,Mexico,1
7.8681713,-77.8367282,2020,Centroamérica,Panama,Enfermedad o falta de atención,Tapón del Darién,Mauritania,1
31.39042,-111.078454,2020,Norteamérica,United States of America,Mixta o desconocida,Frontera EE.UU.-México,Desconocido,1
8.301866,-78.054047,2020,Centroamérica,Panama,Mixta o desconocida,Tapón del Darién,Haiti,1
31.75052919,-106.49124442,2020,Norteamérica,United States of America,Ahogamiento,Frontera EE.UU.-México,Desconocido,1
27.4790481,-99.4814057,2020,Centroamérica,Mexico,Ahogamiento,Frontera EE.UU.-México,Desconocido,1
31.946056,-111.944167,2020,Norteamérica,United States of America,Mixta o desconocida,Frontera EE.UU.-México,Desconocido,1
32.08854,-111.35353,2020,Norteamérica,United States of America,Condiciones ambientales extremas,Frontera EE.UU.-México,Guatemala,1
31.76905,-111.96563,2020,Norteamérica,United States of America,Condiciones ambientales extremas,Frontera EE.UU.-México,Mexico,1
31.86751,-112.48385,2020,Norteamérica,United States of America,Violencia,Frontera EE.UU.-México,Desconocido,1
29.2972247,-110.3308814,2020,Centroamérica,Mexico,Condiciones ambientales extremas,Frontera EE.UU.-México,Honduras,1
7.8890971,-72.4966896,2020,Sudamérica,Colombia,Enfermedad o falta de atención,Sin ruta registrada,Venezuela,1
15.5854053,-88.3700662,2020,Centroamérica,Honduras,Mixta o desconocida,Sin ruta registrada,Honduras,1
32.16811,-113.01956,2020,Norteamérica,United States of America,Mixta o desconocida,Frontera EE.UU.-México,Desconocido,1
15.595996,-88.3722948,2020,Centroamérica,Honduras,Mixta o desconocida,Sin ruta registrada,Honduras,1
32.6924386,-116.0226653,2020,Norteamérica,United States of America,Condiciones ambientales extremas,Frontera EE.UU.-México,Desconocido,1
14.9055599,-92.2634206,2020,Centroamérica,Mexico,Violencia,Sin ruta registrada,Honduras,1
31.36597,-111.006893,2020,Norteamérica,United States of America,Mixta o desconocida,Frontera EE.UU.-México,Desconocido,1
11.00235156,-74.24556334,2020,Sudamérica,Colombia,Mixta o desconocida,Sin ruta registrada,Venezuela,4
31.86015,-112.461817,2020,Norteamérica,United States of America,Mixta o desconocida,Frontera EE.UU.-México,Desconocido,1
31.845883,-112.449633,2020,Norteamérica,United States of America,Mixta o desconocida,Frontera EE.UU.-México,Desconocido,1
31.334084,-109.689858,2020,Norteamérica,United States of America,Violencia,Frontera EE.UU.-México,Mexico,1
29.32599026,-100.92309457,2020,Centroamérica,Mexico,Ahogamiento,Frontera EE.UU.-México,Mexico,1
32.05895,-112.55555,2020,Norteamérica,United States of America,Mixta o desconocida,Frontera EE.UU.-México,Desconocido,1
27.5035613,-99.5075519,2020,Norteamérica,United States of America,Condiciones ambientales extremas,Frontera EE.UU.-México,Mexico,1
30.01828588,-100.20148674,2020,Norteamérica,United States of America,Mixta o desconocida,Frontera EE.UU.-México,Desconocido,1
31.78119,-111.82393,2020,Norteamérica,United States of America,Mixta o desconocida,Frontera EE.UU.-México,Desconocido,1
31.65847,-112.01419,2020,Norteamérica,United States of America,Mixta o desconocida,Frontera EE.UU.-México,Desconocido,1
19.2241665,-97.7999999,2020,Centroamérica,Mexico,Accidente de transporte,Sin ruta registrada,Honduras,1
31.333383,-110.953217,2020,Norteamérica,United States of America,Condiciones ambientales extremas,Frontera EE.UU.-México,Desconocido,1
25.87963517,-97.49758776,2020,Centroamérica,Mexico,Ahogamiento,Frontera EE.UU.-México,Desconocido,1
-25.3720445,-57.64484359,2020,Sudamérica,Paraguay,Mixta o desconocida,Sin ruta registrada,Algeria,7
32.5434838,-117.0302795,2020,Norteamérica,United States of America,Violencia,Frontera EE.UU.-México,Mexico,1
8.2330314,-70.8227697,2020,Sudamérica,Venezuela (Bolivarian Republic of),Enfermedad o falta de atención,Sin ruta registrada,Venezuela,1
31.680733,-112.112467,2020,Norteamérica,United States of America,Condiciones ambientales extremas,Frontera EE.UU.-México,Desconocido,1
31.334119,-111.0418,2020,Norteamérica,United States of America,Condiciones ambientales extremas,Frontera EE.UU.-México,Desconocido,1
8.361323,-72.408389,2020,Sudamérica,Colombia,Violencia,Sin ruta registrada,Venezuela,2
7.8437879,-72.4696897,2020,Sudamérica,Colombia,Mixta o desconocida,Sin ruta registrada,Desconocido,1
18.7841665,-97.4063888,2020,Centroamérica,Mexico,Accidente de transporte,Sin ruta registrada,Desconocido,1
4.5374739,-74.100409,2020,Sudamérica,Colombia,Violencia,Sin ruta registrada,Venezuela,1
32.784083,-113.486083,2020,Norteamérica,United States of America,Condiciones ambientales extremas,Frontera EE.UU.-México,Mexico,1
-19.2761393,-68.6388049,2020,Sudamérica,Chile,Condiciones ambientales extremas,Sin ruta registrada,Venezuela,1
26.23567237,-98.58075238,2020,Centroamérica,Mexico,Ahogamiento,Frontera EE.UU.-México,Desconocido,1
26.23372045,-98.57957758,2020,Centroamérica,Mexico,Ahogamiento,Frontera EE.UU.-México,Desconocido,1
31.788983,-112.394633,2020,Norteamérica,United States of America,Mixta o desconocida,Frontera EE.UU.-México,Colombia,1
32.076389,-109.2295,2020,Norteamérica,United States of America,Condiciones ambientales extremas,Frontera EE.UU.-México,Desconocido,1
32.399406,-112.522818,2020,Norteamérica,United States of America,Mixta o desconocida,Frontera EE.UU.-México,Desconocido,1
33.8302961,-116.5452921,2020,Norteamérica,United States of America,Accidente de transporte,Frontera EE.UU.-México,Desconocido,1
22.1564699,-100.9855409,2020,Centroamérica,Mexico,Muerte accidental,Sin ruta registrada,Desconocido,1
23.8376062,-80.97404991,2020,Caribe,Cuba,Ahogamiento,Caribe hacia EE.UU.,Cuba,18
32.2112,-111.48558,2020,Norteamérica,United States of America,Mixta o desconocida,Frontera EE.UU.-México,Desconocido,1
32.470967,-113.117033,2020,Norteamérica,United States of America,Mixta o desconocida,Frontera EE.UU.-México,Desconocido,1
20.209429,-101.1262894,2020,Centroamérica,Mexico,Violencia,Sin ruta registrada,Mexico,1
16.1027135,-92.0530406,2020,Centroamérica,Mexico,Violencia,Sin ruta registrada,El Salvador,1
33.094364,-115.7803237,2020,Norteamérica,United States of America,Ahogamiento,Frontera EE.UU.-México,Desconocido,1
25.87886294,-97.49621447,2020,Centroamérica,Mexico,Ahogamiento,Frontera EE.UU.-México,Desconocido,1
31.483133,-109.282767,2020,Norteamérica,United States of America,Mixta o desconocida,Frontera EE.UU.-México,Desconocido,1
17.4373728,-95.0318022,2020,Centroamérica,Mexico,Accidente de transporte,Sin ruta registrada,Desconocido,1
32.247309,-113.054995,2020,Norteamérica,United States of America,Mixta o desconocida,Frontera EE.UU.-México,Desconocido,1
32.259404,-113.062101,2020,Norteamérica,United States of America,Mixta o desconocida,Frontera EE.UU.-México,Desconocido,1
32.279368,-113.078464,2020,Norteamérica,United States of America,Mixta o desconocida,Frontera EE.UU.-México,Desconocido,1
32.301813,-113.092922,2020,Norteamérica,United States of America,Mixta o desconocida,Frontera EE.UU.-México,Desconocido,1
31.82272,-111.56269,2020,Norteamérica,United States of America,Mixta o desconocida,Frontera EE.UU.-México,Desconocido,1
32.327874,-112.915126,2020,Norteamérica,United States of America,Mixta o desconocida,Frontera EE.UU.-México,Desconocido,1
28.35089438,-100.32173109,2020,Centroamérica,Mexico,Ahogamiento,Frontera EE.UU.-México,Honduras,1
32.061618,-112.553166,2020,Norteamérica,United States of America,Mixta o desconocida,Frontera EE.UU.-México,Desconocido,1
7.8890971,-72.4966896,2020,Sudamérica,Colombia,Muerte accidental,Sin ruta registrada,Venezuela,3
7.8437879,-72.4696897,2020,Sudamérica,Colombia,Violencia,Sin ruta registrada,Venezuela,1
19.09562625,-69.5911683,2020,Caribe,Dominican Republic,Ahogamiento,Rep. Dominicana a Puerto Rico,Rep. Dominicana,15
7.9462831,-72.8988069,2020,Sudamérica,Colombia,Violencia,Sin ruta registrada,Venezuela,1
31.483549,-109.200018,2020,Norteamérica,United States of America,Mixta o desconocida,Frontera EE.UU.-México,Desconocido,1
18.40842112,-67.56155124,2020,Caribe,Puerto Rico,Ahogamiento,Rep. Dominicana a Puerto Rico,Rep. Dominicana,6
29.45045791,-101.06042609,2020,Centroamérica,Mexico,Ahogamiento,Frontera EE.UU.-México,Cuba,1
31.71484,-111.9511,2020,Norteamérica,United States of America,Mixta o desconocida,Frontera EE.UU.-México,Desconocido,1
32.071,-113.20477,2020,Norteamérica,United States of America,Mixta o desconocida,Frontera EE.UU.-México,Desconocido,1
32.36347,-113.10745,2020,Norteamérica,United States of America,Mixta o desconocida,Frontera EE.UU.-México,Desconocido,1
31.739217,-111.988433,2020,Norteamérica,United States of America,Mixta o desconocida,Frontera EE.UU.-México,Desconocido,1
29.333108,-100.941272,2020,Centroamérica,Mexico,Ahogamiento,Frontera EE.UU.-México,Cuba,2
32.47195,-113.11916,2020,Norteamérica,United States of America,Mixta o desconocida,Frontera EE.UU.-México,Desconocido,1
6.58782771,-73.09501943,2020,Sudamérica,Colombia,Accidente de transporte,Sin ruta registrada,Venezuela,1
32.3185288,-114.0667576,2020,Norteamérica,United States of America,Mixta o desconocida,Frontera EE.UU.-México,Desconocido,1
31.983749,-110.54541,2020,Norteamérica,United States of America,Violencia,Frontera EE.UU.-México,Mexico,1
31.735233,-111.3046,2020,Norteamérica,United States of America,Mixta o desconocida,Frontera EE.UU.-México,Desconocido,1
18.88588497,-68.59444874,2020,Caribe,Dominican Republic,Ahogamiento,Rep. Dominicana a Puerto Rico,Rep. Dominicana,21
26.2034071,-98.2300124,2020,Norteamérica,United States of America,Enfermedad o falta de atención,Frontera EE.UU.-México,Honduras,1
14.7079924,-92.4003391,2020,Centroamérica,Mexico,Violencia,Sin ruta registrada,El Salvador,1
32.510819,-114.253354,2020,Norteamérica,United States of America,Mixta o desconocida,Frontera EE.UU.-México,Mexico,1
27.49929955,-99.50900893,2020,Norteamérica,United States of America,Ahogamiento,Frontera EE.UU.-México,Desconocido,2
10.52125804,-62.1480779,2020,Sudamérica,Venezuela (Bolivarian Republic of),Ahogamiento,Venezuela al Caribe,Venezuela,33
10.08700488,-61.73443154,2020,Caribe,Trinidad and Tobago,Ahogamiento,Venezuela al Caribe,Venezuela,20
31.738733,-111.954917,2020,Norteamérica,United States of America,Mixta o desconocida,Frontera EE.UU.-México,Desconocido,1
32.097791,-112.91189,2020,Norteamérica,United States of America,Mixta o desconocida,Frontera EE.UU.-México,Desconocido,1
32.2637,-113.155967,2020,Norteamérica,United States of America,Mixta o desconocida,Frontera EE.UU.-México,Desconocido,1
8.6667473,-77.4199837,2020,Centroamérica,Panama,Ahogamiento,Tapón del Darién,Desconocido,2
32.5434838,-117.0302795,2020,Norteamérica,United States of America,Accidente de transporte,Frontera EE.UU.-México,Desconocido,1
27.5063468,-99.5035198,2020,Norteamérica,United States of America,Accidente de transporte,Frontera EE.UU.-México,Guatemala,1
31.597042,-111.753172,2020,Norteamérica,United States of America,Mixta o desconocida,Frontera EE.UU.-México,Desconocido,1
31.682493,-112.084017,2020,Norteamérica,United States of America,Mixta o desconocida,Frontera EE.UU.-México,Desconocido,1
31.3711,-109.47751,2020,Norteamérica,United States of America,Mixta o desconocida,Frontera EE.UU.-México,Desconocido,1
26.2159066,-98.3252932,2020,Norteamérica,United States of America,Ahogamiento,Frontera EE.UU.-México,Mexico,1
26.2434051,-98.5616885,2020,Norteamérica,United States of America,Enfermedad o falta de atención,Frontera EE.UU.-México,Mexico,1
26.0857116,-98.1710338,2020,Norteamérica,United States of America,Ahogamiento,Frontera EE.UU.-México,Mexico,1
26.1854863,-98.3802991,2020,Norteamérica,United States of America,Ahogamiento,Frontera EE.UU.-México,Guatemala,1
26.2094824,-98.4194623,2020,Norteamérica,United States of America,Mixta o desconocida,Frontera EE.UU.-México,Mexico,1
26.5751635,-98.1601166,2020,Norteamérica,United States of America,Mixta o desconocida,Frontera EE.UU.-México,Guatemala,1
26.113872,-98.2705329,2020,Norteamérica,United States of America,Ahogamiento,Frontera EE.UU.-México,Desconocido,1
26.2029614,-98.3632093,2020,Norteamérica,United States of America,Ahogamiento,Frontera EE.UU.-México,Honduras,1
26.1820236,-98.3566571,2020,Norteamérica,United States of America,Mixta o desconocida,Frontera EE.UU.-México,Mexico,1
26.0926784,-98.1874008,2020,Norteamérica,United States of America,Ahogamiento,Frontera EE.UU.-México,Desconocido,1
26.113363,-97.959136,2020,Norteamérica,United States of America,Ahogamiento,Frontera EE.UU.-México,Mexico,1
26.2792764,-98.0551477,2020,Norteamérica,United States of America,Ahogamiento,Frontera EE.UU.-México,Guatemala,1
26.2159066,-98.3252932,2020,Norteamérica,United States of America,Ahogamiento,Frontera EE.UU.-México,El Salvador,1
26.18372088,-98.3796686,2020,Norteamérica,United States of America,Ahogamiento,Frontera EE.UU.-México,Mexico,1
26.18372088,-98.3796686,2020,Norteamérica,United States of America,Ahogamiento,Frontera EE.UU.-México,El Salvador,1
16.7569318,-93.1292353,2020,Centroamérica,Mexico,Mixta o desconocida,Sin ruta registrada,El Salvador,1
27.8433002,-101.1197134,2020,Centroamérica,Mexico,Mixta o desconocida,Frontera EE.UU.-México,Honduras,1
28.20311994,-100.24355373,2020,Centroamérica,Mexico,Ahogamiento,Frontera EE.UU.-México,Desconocido,1
16.7569318,-93.1292353,2020,Centroamérica,Mexico,Mixta o desconocida,Sin ruta registrada,Mexico,1
16.7569318,-93.1292353,2020,Centroamérica,Mexico,Mixta o desconocida,Sin ruta registrada,Mexico,1
17.2666669,-91.0000001,2020,Centroamérica,Mexico,Mixta o desconocida,Sin ruta registrada,Honduras,1
26.03243967,-98.07263018,2020,Centroamérica,Mexico,Ahogamiento,Frontera EE.UU.-México,Desconocido,2
28.44423317,-100.35210397,2020,Centroamérica,Mexico,Ahogamiento,Frontera EE.UU.-México,Desconocido,1
17.2666669,-91.0000001,2020,Centroamérica,Mexico,Mixta o desconocida,Sin ruta registrada,Honduras,1
29.08635204,-104.49055927,2020,Centroamérica,Mexico,Condiciones ambientales extremas,Frontera EE.UU.-México,Desconocido,1
16.7569318,-93.1292353,2020,Centroamérica,Mexico,Mixta o desconocida,Sin ruta registrada,Guatemala,1
26.0393516,-98.04688097,2020,Centroamérica,Mexico,Ahogamiento,Frontera EE.UU.-México,Desconocido,1
16.7569318,-93.1292353,2020,Centroamérica,Mexico,Mixta o desconocida,Sin ruta registrada,Desconocido,1
26.13354224,-98.3564688,2020,Centroamérica,Mexico,Ahogamiento,Frontera EE.UU.-México,Desconocido,1
28.32824886,-100.32326485,2020,Centroamérica,Mexico,Ahogamiento,Frontera EE.UU.-México,Desconocido,1
28.65486506,-100.51621224,2020,Centroamérica,Mexico,Ahogamiento,Frontera EE.UU.-México,Desconocido,1
32.5052082,-115.9207522,2020,Centroamérica,Mexico,Condiciones ambientales extremas,Frontera EE.UU.-México,Desconocido,1
32.51215686,-115.93997827,2020,Centroamérica,Mexico,Condiciones ambientales extremas,Frontera EE.UU.-México,Mexico,1
16.7569318,-93.1292353,2020,Centroamérica,Mexico,Mixta o desconocida,Sin ruta registrada,El Salvador,1
16.7569318,-93.1292353,2020,Centroamérica,Mexico,Mixta o desconocida,Sin ruta registrada,El Salvador,1
26.05415737,-98.17322374,2020,Centroamérica,Mexico,Ahogamiento,Frontera EE.UU.-México,Mexico,1
16.7569318,-93.1292353,2020,Centroamérica,Mexico,Mixta o desconocida,Sin ruta registrada,Haiti,1
17.2666669,-91.0000001,2020,Centroamérica,Mexico,Mixta o desconocida,Sin ruta registrada,Desconocido,3
16.7569318,-93.1292353,2020,Centroamérica,Mexico,Mixta o desconocida,Sin ruta registrada,Haiti,1
26.06896127,-98.25150133,2020,Centroamérica,Mexico,Ahogamiento,Frontera EE.UU.-México,Desconocido,1
29.5498507,-104.5920349,2020,Centroamérica,Mexico,Ahogamiento,Frontera EE.UU.-México,Desconocido,1
28.58903488,-100.44274117,2020,Centroamérica,Mexico,Ahogamiento,Frontera EE.UU.-México,Desconocido,1
32.8674653,-116.4187931,2020,Norteamérica,United States of America,Mixta o desconocida,Frontera EE.UU.-México,Desconocido,1
32.61768,-116.1874241,2020,Norteamérica,United States of America,Condiciones ambientales extremas,Frontera EE.UU.-México,Desconocido,1
32.6442247,-116.7814093,2020,Norteamérica,United States of America,Mixta o desconocida,Frontera EE.UU.-México,Desconocido,1
32.6442247,-116.7814093,2020,Norteamérica,United States of America,Condiciones ambientales extremas,Frontera EE.UU.-México,Mexico,1
32.6509861,-116.9610962,2020,Norteamérica,United States of America,Muerte accidental,Frontera EE.UU.-México,Mexico,1
27.4877716,-99.4714896,2020,Norteamérica,United States of America,Accidente de transporte,Frontera EE.UU.-México,Desconocido,1
32.535333,-113.124167,2020,Norteamérica,United States of America,Mixta o desconocida,Frontera EE.UU.-México,Desconocido,1
32.838333,-113.143166,2020,Norteamérica,United States of America,Mixta o desconocida,Frontera EE.UU.-México,Mexico,1
32.758667,-112.3905,2020,Norteamérica,United States of America,Mixta o desconocida,Frontera EE.UU.-México,Desconocido,1
31.622,-109.211,2020,Norteamérica,United States of America,Violencia,Frontera EE.UU.-México,Desconocido,1
32.08169,-112.34344,2020,Norteamérica,United States of America,Mixta o desconocida,Frontera EE.UU.-México,Desconocido,1
32.85305,-112.614167,2020,Norteamérica,United States of America,Mixta o desconocida,Frontera EE.UU.-México,Desconocido,1
32.840267,-112.59805,2020,Norteamérica,United States of America,Mixta o desconocida,Frontera EE.UU.-México,Desconocido,1
32.832783,-112.262633,2020,Norteamérica,United States of America,Mixta o desconocida,Frontera EE.UU.-México,Desconocido,1
31.1745732,-105.3571764,2020,Norteamérica,United States of America,Condiciones ambientales extremas,Frontera EE.UU.-México,Ecuador,1
31.75235189,-106.49356235,2020,Norteamérica,United States of America,Ahogamiento,Frontera EE.UU.-México,Ecuador,1
31.00839265,-105.54009917,2020,Norteamérica,United States of America,Ahogamiento,Frontera EE.UU.-México,Ecuador,1
31.585495,-106.215117,2020,Norteamérica,United States of America,Ahogamiento,Frontera EE.UU.-México,Mexico,1
31.606596,-106.2939,2020,Norteamérica,United States of America,Ahogamiento,Frontera EE.UU.-México,Mexico,1
31.587356,-106.267643,2020,Norteamérica,United States of America,Ahogamiento,Frontera EE.UU.-México,Guatemala,1
31.564882,-106.274327,2020,Norteamérica,United States of America,Ahogamiento,Frontera EE.UU.-México,Mexico,1
31.597643,-106.28529,2020,Norteamérica,United States of America,Ahogamiento,Frontera EE.UU.-México,Mexico,1
31.545392,-106.2126279,2020,Norteamérica,United States of America,Violencia,Frontera EE.UU.-México,Ecuador,1
31.5303045,-106.2541603,2020,Norteamérica,United States of America,Muerte accidental,Frontera EE.UU.-México,Brazil,1
31.680647,-111.305841,2020,Norteamérica,United States of America,Mixta o desconocida,Frontera EE.UU.-México,Desconocido,1
32.535333,-113.124167,2020,Norteamérica,United States of America,Mixta o desconocida,Frontera EE.UU.-México,Desconocido,1
32.280197,-111.363128,2020,Norteamérica,United States of America,Mixta o desconocida,Frontera EE.UU.-México,Desconocido,1
32.838333,-113.143166,2020,Norteamérica,United States of America,Mixta o desconocida,Frontera EE.UU.-México,Desconocido,1
32.758667,-112.3905,2020,Norteamérica,United States of America,Mixta o desconocida,Frontera EE.UU.-México,Desconocido,1
31.622,-109.211,2020,Norteamérica,United States of America,Violencia,Frontera EE.UU.-México,Desconocido,1
32.85305,-112.614167,2020,Norteamérica,United States of America,Mixta o desconocida,Frontera EE.UU.-México,Desconocido,1
32.840267,-112.59805,2020,Norteamérica,United States of America,Mixta o desconocida,Frontera EE.UU.-México,Desconocido,1
32.832783,-112.262633,2020,Norteamérica,United States of America,Mixta o desconocida,Frontera EE.UU.-México,Desconocido,1
31.5006,-108.743,2020,Norteamérica,United States of America,Mixta o desconocida,Frontera EE.UU.-México,Mexico,1
31.5894,-108.229,2020,Norteamérica,United States of America,Mixta o desconocida,Frontera EE.UU.-México,Mexico,1
31.5894,-108.229,2020,Norteamérica,United States of America,Condiciones ambientales extremas,Frontera EE.UU.-México,Mexico,1
31.9937,-107.927,2020,Norteamérica,United States of America,Mixta o desconocida,Frontera EE.UU.-México,Mexico,1
31.854722,-108.14528,2020,Norteamérica,United States of America,Mixta o desconocida,Frontera EE.UU.-México,Mexico,1
31.7928,-106.773,2020,Norteamérica,United States of America,Condiciones ambientales extremas,Frontera EE.UU.-México,Ecuador,1
31.8468798,-106.68392,2020,Norteamérica,United States of America,Mixta o desconocida,Frontera EE.UU.-México,Mexico,1
32.2034,-108.25,2020,Norteamérica,United States of America,Mixta o desconocida,Frontera EE.UU.-México,Guatemala,1
32.694585,-116.869324,2020,Norteamérica,United States of America,Mixta o desconocida,Frontera EE.UU.-México,Desconocido,1
32.644152,-116.860444,2020,Norteamérica,United States of America,Condiciones ambientales extremas,Frontera EE.UU.-México,Mexico,1
32.610429,-116.510853,2020,Norteamérica,United States of America,Mixta o desconocida,Frontera EE.UU.-México,Mexico,1
32.567541,-116.765125,2020,Norteamérica,United States of America,Mixta o desconocida,Frontera EE.UU.-México,Desconocido,1
32.660215,-116.274197,2020,Norteamérica,United States of America,Mixta o desconocida,Frontera EE.UU.-México,Mexico,1
32.68683,-115.99136,2020,Norteamérica,United States of America,Condiciones ambientales extremas,Frontera EE.UU.-México,Desconocido,1
29.36820243,-103.7272989,2021,Norteamérica,United States of America,Condiciones ambientales extremas,Frontera EE.UU.-México,Desconocido,2
31.1745732,-105.3571764,2021,Norteamérica,United States of America,Accidente de transporte,Frontera EE.UU.-México,Ecuador,1
29.32804465,-100.9316879,2021,Centroamérica,Mexico,Ahogamiento,Frontera EE.UU.-México,Haiti,1
8.629444874,-77.33744874,2021,Sudamérica,Colombia,Ahogamiento,Tapón del Darién,Haiti,7
10.4302113,-75.5445593,2021,Sudamérica,Colombia,Enfermedad o falta de atención,Sin ruta registrada,Venezuela,1
0.8150687,-77.7165925,2021,Sudamérica,Ecuador,Mixta o desconocida,Sin ruta registrada,Desconocido,1
28.713166,-100.5093583,2021,Centroamérica,Mexico,Ahogamiento,Frontera EE.UU.-México,Mexico,1
29.33161137,-100.9372101,2021,Norteamérica,United States of America,Ahogamiento,Frontera EE.UU.-México,Haiti,1
28.697183,-100.3980824,2021,Norteamérica,United States of America,Condiciones ambientales extremas,Frontera EE.UU.-México,Desconocido,1
28.7117767,-100.5134411,2021,Centroamérica,Mexico,Ahogamiento,Frontera EE.UU.-México,Desconocido,1
-17.8792941,-67.1556008,2021,Sudamérica,Bolivia (Plurinational State of),Accidente de transporte,Sin ruta registrada,Venezuela,4
27.2269872,-98.1441714,2021,Norteamérica,United States of America,Condiciones ambientales extremas,Frontera EE.UU.-México,Honduras,1
26.06148611,-98.79338179,2021,Centroamérica,Mexico,Violencia,Frontera EE.UU.-México,Guatemala,19
10.9731583,-74.7804278,2021,Sudamérica,Colombia,Violencia,Sin ruta registrada,Venezuela,1
20.4602715,-100.6224706,2021,Centroamérica,Mexico,Mixta o desconocida,Sin ruta registrada,El Salvador,1
9.635836971,-73.78683013,2021,Sudamérica,Colombia,Violencia,Sin ruta registrada,Venezuela,1
28.4242507,-100.7646846,2021,Centroamérica,Mexico,Accidente de transporte,Frontera EE.UU.-México,Mexico,1
6.174750949,-67.07825961,2021,Sudamérica,Venezuela (Bolivarian Republic of),Accidente de transporte,Sin ruta registrada,Venezuela,10
26.1087466,-98.2652505,2021,Norteamérica,United States of America,Violencia,Frontera EE.UU.-México,Cuba,1
32.54143422,-117.0448118,2021,Norteamérica,United States of America,Ahogamiento,Frontera EE.UU.-México,Mexico,1
20.5087233,-100.8300976,2021,Centroamérica,Mexico,Violencia,Sin ruta registrada,Desconocido,1
4.5971147,-74.0864237,2021,Sudamérica,Colombia,Violencia,Sin ruta registrada,Venezuela,1
25.84591716,-97.37103277,2021,Centroamérica,Mexico,Ahogamiento,Frontera EE.UU.-México,Desconocido,2
-19.2761393,-68.6388049,2021,Sudamérica,Chile,Condiciones ambientales extremas,Sin ruta registrada,Colombia,2
17.8307439,-93.3897441,2021,Centroamérica,Mexico,Violencia,Sin ruta registrada,Desconocido,1
10.4742449,-73.2436335,2021,Sudamérica,Colombia,Violencia,Sin ruta registrada,Venezuela,1
28.713166,-100.5093583,2021,Centroamérica,Mexico,Ahogamiento,Frontera EE.UU.-México,Mexico,1
28.71317365,-100.5068478,2021,Norteamérica,United States of America,Ahogamiento,Frontera EE.UU.-México,Desconocido,1
5.98740941,-57.1435619,2021,Sudamérica,Guyana,Ahogamiento,Sin ruta registrada,Guyana,3
24.8240255,-80.8136783,2021,Caribe,United States of America,Ahogamiento,Caribe hacia EE.UU.,Cuba,10
27.4790481,-99.4814057,2021,Centroamérica,Mexico,Ahogamiento,Frontera EE.UU.-México,Desconocido,1
28.6805128,-100.5078173,2021,Centroamérica,Mexico,Ahogamiento,Frontera EE.UU.-México,Honduras,1
28.6805128,-100.5078173,2021,Centroamérica,Mexico,Ahogamiento,Frontera EE.UU.-México,Venezuela,1
29.3222273,-103.2068216,2021,Norteamérica,United States of America,Condiciones ambientales extremas,Frontera EE.UU.-México,Desconocido,1
29.36820243,-103.7272989,2021,Norteamérica,United States of America,Condiciones ambientales extremas,Frontera EE.UU.-México,Desconocido,4
28.36796911,-99.30855138,2021,Norteamérica,United States of America,Condiciones ambientales extremas,Frontera EE.UU.-México,Desconocido,1
28.7019633,-100.5048585,2021,Norteamérica,United States of America,Condiciones ambientales extremas,Frontera EE.UU.-México,Honduras,1
19.87079787,-71.40140185,2021,Caribe,Dominican Republic,Ahogamiento,Sin ruta registrada,Rep. Dominicana,2
19.55102318,-71.71226423,2021,Caribe,Dominican Republic,Violencia,Haití a Rep. Dominicana,Haiti,1
14.9364483,-92.265659,2021,Centroamérica,Mexico,Violencia,Sin ruta registrada,Honduras,1
6.2476376,-75.5658153,2021,Sudamérica,Colombia,Violencia,Sin ruta registrada,Peru,1
32.53288558,-117.1233625,2021,Centroamérica,Mexico,Ahogamiento,Frontera EE.UU.-México,Honduras,1
8.378848547,-72.41203443,2021,Sudamérica,Venezuela (Bolivarian Republic of),Violencia,Sin ruta registrada,Venezuela,1
27.4790538,-99.4814315,2021,Centroamérica,Mexico,Ahogamiento,Frontera EE.UU.-México,Mexico,1
28.65812669,-100.5017234,2021,Centroamérica,Mexico,Ahogamiento,Frontera EE.UU.-México,Honduras,1
28.70516695,-100.5113856,2021,Norteamérica,United States of America,Ahogamiento,Frontera EE.UU.-México,Desconocido,2
32.78367772,-115.2984346,2021,Norteamérica,United States of America,Accidente de transporte,Frontera EE.UU.-México,Guatemala,13
-2.342606049,-73.07057192,2021,Sudamérica,Peru,Violencia,Sin ruta registrada,Venezuela,1
-22.73371516,-64.34982328,2021,Sudamérica,Argentina,Ahogamiento,Sin ruta registrada,Argentina,4
27.45546714,-80.05125773,2021,Caribe,United States of America,Ahogamiento,Caribe hacia EE.UU.,Bahamas,6
17.37971317,-97.12385013,2021,Centroamérica,Mexico,Accidente de transporte,Sin ruta registrada,Desconocido,1
31.7618778,-106.4850217,2021,Norteamérica,United States of America,Mixta o desconocida,Frontera EE.UU.-México,Desconocido,1
19.7019462,-98.4585271,2021,Centroamérica,Mexico,Accidente de transporte,Sin ruta registrada,Honduras,1
32.57929447,-116.5934173,2021,Centroamérica,Mexico,Muerte accidental,Frontera EE.UU.-México,Cuba,1
-22.7361245,-64.3542692,2021,Sudamérica,Bolivia (Plurinational State of),Ahogamiento,Sin ruta registrada,Bolivia,7
23.66049536,-80.38468176,2021,Caribe,Cuba,Ahogamiento,Caribe hacia EE.UU.,Cuba,7
28.7125063,-100.5096557,2021,Centroamérica,Mexico,Ahogamiento,Frontera EE.UU.-México,Desconocido,1
29.45061979,-100.9088278,2021,Norteamérica,United States of America,Accidente de transporte,Frontera EE.UU.-México,Mexico,8
19.6044444,-98.3119444,2021,Centroamérica,Mexico,Accidente de transporte,Sin ruta registrada,Desconocido,1
27.52306085,-99.52574841,2021,Centroamérica,Mexico,Ahogamiento,Frontera EE.UU.-México,Desconocido,2
7.0773599,-73.1205348,2021,Sudamérica,Colombia,Violencia,Sin ruta registrada,Venezuela,1
-19.2761393,-68.6388049,2021,Sudamérica,Chile,Accidente de transporte,Sin ruta registrada,Venezuela,1
7.830102197,-72.4508794,2021,Sudamérica,Venezuela (Bolivarian Republic of),Ahogamiento,Sin ruta registrada,Venezuela,1
-19.2761393,-68.6388049,2021,Sudamérica,Chile,Condiciones ambientales extremas,Sin ruta registrada,Venezuela,1
28.7091433,-100.4995214,2021,Norteamérica,United States of America,Ahogamiento,Frontera EE.UU.-México,Mexico,1
25.0580555,-98.2641668,2021,Centroamérica,Mexico,Violencia,Frontera EE.UU.-México,El Salvador,1
20.7201324,-100.7597279,2021,Centroamérica,Mexico,Violencia,Sin ruta registrada,Honduras,5
32.52426274,-117.1234483,2021,Centroamérica,Mexico,Ahogamiento,Frontera EE.UU.-México,Cuba,1
32.2265083,-110.8547917,2021,Norteamérica,United States of America,Enfermedad o falta de atención,Frontera EE.UU.-México,Guatemala,1
-19.2761393,-68.6388049,2021,Sudamérica,Chile,Condiciones ambientales extremas,Sin ruta registrada,Venezuela,1
-19.27434383,-68.6202406,2021,Sudamérica,Bolivia (Plurinational State of),Enfermedad o falta de atención,Sin ruta registrada,Venezuela,1
25.675342,-100.319587,2021,Centroamérica,Mexico,Accidente de transporte,Frontera EE.UU.-México,El Salvador,1
26.203085,-98.445107,2021,Centroamérica,Mexico,Ahogamiento,Frontera EE.UU.-México,Guatemala,1
8.775508839,-77.77647631,2021,Centroamérica,Panama,Ahogamiento,Tapón del Darién,Cuba,4
32.36842579,-114.0338755,2021,Norteamérica,United States of America,Condiciones ambientales extremas,Frontera EE.UU.-México,Mexico,1
28.50887928,-99.8698853,2021,Norteamérica,United States of America,Condiciones ambientales extremas,Frontera EE.UU.-México,Mexico,1
27.18569377,-98.14724414,2021,Norteamérica,United States of America,Condiciones ambientales extremas,Frontera EE.UU.-México,Mexico,1
28.68713093,-100.553353,2021,Centroamérica,Mexico,Violencia,Frontera EE.UU.-México,Desconocido,1
28.72296727,-100.508408,2021,Centroamérica,Mexico,Ahogamiento,Frontera EE.UU.-México,Desconocido,1
28.72296727,-100.508408,2021,Centroamérica,Mexico,Ahogamiento,Frontera EE.UU.-México,Desconocido,1
32.67217596,-115.4387852,2021,Centroamérica,United States of America,Ahogamiento,Frontera EE.UU.-México,Mexico,1
27.40052071,-99.47846336,2021,Norteamérica,United States of America,Accidente de transporte,Frontera EE.UU.-México,Desconocido,1
27.59686845,-99.53709649,2021,Centroamérica,Mexico,Ahogamiento,Frontera EE.UU.-México,Desconocido,1
26.09530107,-98.27225471,2021,Centroamérica,Mexico,Ahogamiento,Frontera EE.UU.-México,Desconocido,1
19.37608604,-81.26624247,2021,Caribe,Cayman Islands,Ahogamiento,Caribe hacia EE.UU.,Cuba,10
7.815909737,-72.45178395,2021,Sudamérica,Colombia,Violencia,Sin ruta registrada,Venezuela,1
22.82009376,-102.5423641,2021,Centroamérica,Mexico,Accidente de transporte,Sin ruta registrada,Desconocido,1
14.90541,-92.27885,2021,Centroamérica,Mexico,Violencia,Sin ruta registrada,El Salvador,1
-16.48074,-68.21252,2021,Sudamérica,Bolivia (Plurinational State of),Condiciones ambientales extremas,Sin ruta registrada,Cuba,1
15.01859246,-92.39962345,2021,Centroamérica,Mexico,Muerte accidental,Sin ruta registrada,Guatemala,1
11.09053697,-84.56062206,2021,Centroamérica,Nicaragua,Violencia,Sin ruta registrada,Nicaragua,1
17.66969471,-93.4777546,2021,Centroamérica,Mexico,Violencia,Sin ruta registrada,Honduras,2
27.28385151,-98.68701863,2021,Norteamérica,United States of America,Mixta o desconocida,Frontera EE.UU.-México,Desconocido,1
26.1865678,-98.22579399,2021,Norteamérica,United States of America,Condiciones ambientales extremas,Frontera EE.UU.-México,Honduras,1
26.65278451,-98.11397627,2021,Norteamérica,United States of America,Accidente de transporte,Frontera EE.UU.-México,Desconocido,1
14.84172051,-92.31793706,2021,Centroamérica,Mexico,Enfermedad o falta de atención,Sin ruta registrada,Cuba,1
10.0202063,-61.96663946,2021,Caribe,Venezuela (Bolivarian Republic of),Ahogamiento,Venezuela al Caribe,Venezuela,17
28.02611051,-99.54236303,2021,Norteamérica,United States of America,Accidente de transporte,Frontera EE.UU.-México,Mexico,1
8.033327732,-72.41635263,2021,Sudamérica,Colombia,Ahogamiento,Sin ruta registrada,Venezuela,3
8.706681239,-77.58643695,2021,Centroamérica,Panama,Mixta o desconocida,Tapón del Darién,Cuba,1
32.66161,-117.247942,2021,Norteamérica,United States of America,Ahogamiento,Frontera EE.UU.-México,Mexico,4
27.50628075,-97.84180735,2021,Norteamérica,United States of America,Accidente de transporte,Frontera EE.UU.-México,Honduras,1
27.5226717,-99.52217022,2021,Norteamérica,United States of America,Ahogamiento,Frontera EE.UU.-México,Cuba,1
32.554722,-116.887778,2021,Norteamérica,United States of America,Muerte accidental,Frontera EE.UU.-México,Desconocido,1
26.25732783,-98.59817457,2021,Centroamérica,Mexico,Ahogamiento,Frontera EE.UU.-México,Desconocido,1
28.72884175,-100.5094583,2021,Centroamérica,Mexico,Ahogamiento,Frontera EE.UU.-México,Mexico,1
28.70492867,-100.5123343,2021,Centroamérica,Mexico,Ahogamiento,Frontera EE.UU.-México,Honduras,1
29.32384331,-100.9195537,2021,Centroamérica,Mexico,Ahogamiento,Frontera EE.UU.-México,Desconocido,1
28.70492867,-100.5123343,2021,Centroamérica,Mexico,Ahogamiento,Frontera EE.UU.-México,Desconocido,1
28.70492867,-100.5123343,2021,Centroamérica,Mexico,Ahogamiento,Frontera EE.UU.-México,Desconocido,1
26.07712504,-98.22456289,2021,Centroamérica,Mexico,Ahogamiento,Frontera EE.UU.-México,Desconocido,1
14.89857673,-92.2712676,2021,Centroamérica,Mexico,Enfermedad o falta de atención,Sin ruta registrada,Guatemala,1
29.36820243,-103.7272989,2021,Norteamérica,United States of America,Accidente de transporte,Frontera EE.UU.-México,Guatemala,1
28.68098753,-100.5076016,2021,Centroamérica,Mexico,Ahogamiento,Frontera EE.UU.-México,Desconocido,1
28.79838818,-100.5363082,2021,Centroamérica,Mexico,Ahogamiento,Frontera EE.UU.-México,Mexico,1
7.91681734,-72.46274762,2021,Sudamérica,Colombia,Ahogamiento,Sin ruta registrada,Venezuela,1
17.81709183,-95.26888543,2021,Centroamérica,Mexico,Accidente de transporte,Sin ruta registrada,Nicaragua,1
26.92134737,-80.06269146,2021,Norteamérica,United States of America,Ahogamiento,Caribe hacia EE.UU.,Haiti,1
32.55086017,-113.7245521,2021,Norteamérica,United States of America,Condiciones ambientales extremas,Frontera EE.UU.-México,Ecuador,1
32.62844,-116.4721918,2021,Norteamérica,United States of America,Violencia,Frontera EE.UU.-México,Desconocido,1
7.916828413,-72.46265352,2021,Sudamérica,Venezuela (Bolivarian Republic of),Ahogamiento,Sin ruta registrada,Desconocido,1
3.439303091,-76.54750898,2021,Sudamérica,Colombia,Violencia,Sin ruta registrada,Venezuela,2
28.3473325,-100.3153453,2021,Centroamérica,Mexico,Ahogamiento,Frontera EE.UU.-México,Desconocido,1
16.13161001,-92.0644565,2021,Centroamérica,Mexico,Accidente de transporte,Sin ruta registrada,Guatemala,4
32.8478017,-117.2787884,2021,Norteamérica,United States of America,Ahogamiento,Frontera EE.UU.-México,Mexico,1
29.5071504,-98.57243481,2021,Norteamérica,United States of America,Enfermedad o falta de atención,Frontera EE.UU.-México,Mexico,1
24.52014162,-81.78465844,2021,Caribe,United States of America,Ahogamiento,Caribe hacia EE.UU.,Cuba,12
4.554452679,-74.15113013,2021,Sudamérica,Colombia,Violencia,Sin ruta registrada,Venezuela,1
-17.816295,-69.187237,2021,Sudamérica,Bolivia (Plurinational State of),Condiciones ambientales extremas,Sin ruta registrada,Venezuela,1
30.8540853,-104.8845289,2021,Norteamérica,United States of America,Condiciones ambientales extremas,Frontera EE.UU.-México,El Salvador,1
32.51201959,-114.2335269,2021,Norteamérica,United States of America,Condiciones ambientales extremas,Frontera EE.UU.-México,Mexico,1
32.44482662,-114.446387,2021,Norteamérica,United States of America,Condiciones ambientales extremas,Frontera EE.UU.-México,Guatemala,1
8.466724187,-77.69438886,2021,Centroamérica,Panama,Ahogamiento,Tapón del Darién,Desconocido,3
28.65989473,-99.83025098,2021,Norteamérica,United States of America,Condiciones ambientales extremas,Frontera EE.UU.-México,El Salvador,1
19.70339619,-98.45113375,2021,Centroamérica,Mexico,Accidente de transporte,Sin ruta registrada,Desconocido,1
16.79811255,-91.20988585,2021,Centroamérica,Mexico,Accidente de transporte,Sin ruta registrada,Guatemala,1
26.20468876,-98.5008908,2021,Centroamérica,Mexico,Mixta o desconocida,Frontera EE.UU.-México,Desconocido,1
28.70601548,-100.5121682,2021,Centroamérica,Mexico,Ahogamiento,Frontera EE.UU.-México,Nicaragua,1
28.70601548,-100.5121682,2021,Norteamérica,United States of America,Ahogamiento,Frontera EE.UU.-México,Desconocido,1
28.72383323,-100.5084339,2021,Centroamérica,Mexico,Ahogamiento,Frontera EE.UU.-México,Mexico,1
28.86035777,-100.5900667,2021,Centroamérica,United States of America,Ahogamiento,Frontera EE.UU.-México,Desconocido,1
28.70601548,-100.5121682,2021,Norteamérica,United States of America,Ahogamiento,Frontera EE.UU.-México,Honduras,1
31.785267,-106.554545,2021,Norteamérica,United States of America,Condiciones ambientales extremas,Frontera EE.UU.-México,Guatemala,1
31.754475,-106.426,2021,Norteamérica,United States of America,Muerte accidental,Frontera EE.UU.-México,Mexico,1
8.463178375,-77.6973089,2021,Centroamérica,Panama,Ahogamiento,Tapón del Darién,Desconocido,1
-22.86132167,-68.09857265,2021,Sudamérica,Chile,Condiciones ambientales extremas,Sin ruta registrada,Ecuador,1
-22.91728654,-67.79674134,2021,Sudamérica,Chile,Condiciones ambientales extremas,Sin ruta registrada,Bolivia,1
27.38965142,-99.49302361,2021,Centroamérica,Mexico,Ahogamiento,Frontera EE.UU.-México,Mexico,1
7.158230103,-73.09444462,2021,Sudamérica,Colombia,Violencia,Sin ruta registrada,Desconocido,1
-19.28209365,-68.61117155,2021,Sudamérica,Chile,Condiciones ambientales extremas,Sin ruta registrada,Bolivia,1
9.426195864,-83.71262203,2021,Centroamérica,Costa Rica,Violencia,Sin ruta registrada,Uzbekistan,1
26.96045723,-79.11501934,2021,Caribe,Bahamas,Ahogamiento,Caribe hacia EE.UU.,Haiti,2
28.69871512,-100.5102039,2021,Norteamérica,United States of America,Ahogamiento,Frontera EE.UU.-México,Mexico,1
27.47874782,-99.4792803,2021,Centroamérica,Mexico,Ahogamiento,Frontera EE.UU.-México,Mexico,1
32.0884126,-107.4481688,2021,Norteamérica,United States of America,Accidente de transporte,Frontera EE.UU.-México,Ecuador,1
25.97777195,-97.51466326,2021,Norteamérica,United States of America,Condiciones ambientales extremas,Frontera EE.UU.-México,Mexico,1
33.46233163,-112.3520941,2021,Norteamérica,United States of America,Accidente de transporte,Frontera EE.UU.-México,Mexico,1
26.46974927,-78.71200025,2021,Caribe,Bahamas,Mixta o desconocida,Caribe hacia EE.UU.,Ecuador,5
27.35501854,-99.48372901,2021,Norteamérica,United States of America,Condiciones ambientales extremas,Frontera EE.UU.-México,Desconocido,1
32.65816134,-115.4907367,2021,Centroamérica,Mexico,Violencia,Frontera EE.UU.-México,Honduras,1
31.52076745,-104.482768,2021,Norteamérica,United States of America,Condiciones ambientales extremas,Frontera EE.UU.-México,Ecuador,1
32.49750617,-114.480166,2021,Norteamérica,United States of America,Condiciones ambientales extremas,Frontera EE.UU.-México,Guatemala,1
17.17872459,-93.57205686,2021,Centroamérica,Mexico,Accidente de transporte,Sin ruta registrada,Nicaragua,1
19.57885023,-98.31507222,2021,Centroamérica,Mexico,Accidente de transporte,Sin ruta registrada,Desconocido,1
31.7902,-106.554,2021,Norteamérica,United States of America,Condiciones ambientales extremas,Frontera EE.UU.-México,Mexico,1
31.790971,-106.59976,2021,Norteamérica,United States of America,Condiciones ambientales extremas,Frontera EE.UU.-México,Ecuador,1
30.52044183,-104.8739003,2021,Norteamérica,United States of America,Condiciones ambientales extremas,Frontera EE.UU.-México,Mexico,1
19.41460771,-98.13470713,2021,Centroamérica,Mexico,Enfermedad o falta de atención,Sin ruta registrada,Honduras,1
17.92067186,-94.9330168,2021,Centroamérica,Mexico,Violencia,Sin ruta registrada,Honduras,1
32.60582,-116.81832,2021,Norteamérica,United States of America,Condiciones ambientales extremas,Frontera EE.UU.-México,Mexico,1
24.279929,-81.5048832,2021,Caribe,United States of America,Ahogamiento,Caribe hacia EE.UU.,Cuba,9
31.43222381,-109.8928271,2021,Norteamérica,United States of America,Violencia,Frontera EE.UU.-México,Mexico,1
31.43222381,-109.8928271,2021,Norteamérica,United States of America,Violencia,Frontera EE.UU.-México,Guatemala,1
31.692633,-111.8142,2021,Norteamérica,United States of America,Mixta o desconocida,Frontera EE.UU.-México,Desconocido,1
31.68276,-110.864752,2021,Norteamérica,United States of America,Condiciones ambientales extremas,Frontera EE.UU.-México,Guatemala,1
32.51472,-111.8303,2021,Norteamérica,United States of America,Mixta o desconocida,Frontera EE.UU.-México,Desconocido,1
31.83375,-112.3743,2021,Norteamérica,United States of America,Mixta o desconocida,Frontera EE.UU.-México,Desconocido,1
32.542332,-112.343452,2021,Norteamérica,United States of America,Mixta o desconocida,Frontera EE.UU.-México,Desconocido,1
31.78536,-111.83111,2021,Norteamérica,United States of America,Mixta o desconocida,Frontera EE.UU.-México,Desconocido,1
31.33415,-110.11293,2021,Norteamérica,United States of America,Violencia,Frontera EE.UU.-México,Mexico,1
31.977452,-112.68819,2021,Norteamérica,United States of America,Mixta o desconocida,Frontera EE.UU.-México,Desconocido,1
31.963194,-112.16075,2021,Norteamérica,United States of America,Mixta o desconocida,Frontera EE.UU.-México,Desconocido,1
31.648472,-111.257167,2021,Norteamérica,United States of America,Mixta o desconocida,Frontera EE.UU.-México,Desconocido,1
31.463389,-109.076444,2021,Norteamérica,United States of America,Condiciones ambientales extremas,Frontera EE.UU.-México,Mexico,1
32.131,-113.237833,2021,Norteamérica,United States of America,Mixta o desconocida,Frontera EE.UU.-México,Desconocido,1
31.71416,-111.95791,2021,Norteamérica,United States of America,Mixta o desconocida,Frontera EE.UU.-México,Desconocido,1
31.70588,-112.00148,2021,Norteamérica,United States of America,Mixta o desconocida,Frontera EE.UU.-México,El Salvador,1
31.71066,-111.86906,2021,Norteamérica,United States of America,Mixta o desconocida,Frontera EE.UU.-México,Desconocido,1
31.84175,-112.4437,2021,Norteamérica,United States of America,Mixta o desconocida,Frontera EE.UU.-México,Desconocido,1
31.389361,-111.230389,2021,Norteamérica,United States of America,Mixta o desconocida,Frontera EE.UU.-México,Desconocido,1
31.73563,-111.8275,2021,Norteamérica,United States of America,Mixta o desconocida,Frontera EE.UU.-México,Desconocido,1
31.9543,-112.4197,2021,Norteamérica,United States of America,Condiciones ambientales extremas,Frontera EE.UU.-México,Guatemala,1
32.15258,-112.74925,2021,Norteamérica,United States of America,Mixta o desconocida,Frontera EE.UU.-México,Desconocido,1
31.914444,-111.913611,2021,Norteamérica,United States of America,Mixta o desconocida,Frontera EE.UU.-México,Desconocido,1
31.9120215,-111.881234,2021,Norteamérica,United States of America,Mixta o desconocida,Frontera EE.UU.-México,Desconocido,1
31.78605,-111.811683,2021,Norteamérica,United States of America,Mixta o desconocida,Frontera EE.UU.-México,Desconocido,1
32.22524,-113.04953,2021,Norteamérica,United States of America,Mixta o desconocida,Frontera EE.UU.-México,Desconocido,1
32.22536,-113.04941,2021,Norteamérica,United States of America,Mixta o desconocida,Frontera EE.UU.-México,Desconocido,1
31.900498,-111.532852,2021,Norteamérica,United States of America,Mixta o desconocida,Frontera EE.UU.-México,Desconocido,1
31.66905,-111.846417,2021,Norteamérica,United States of America,Mixta o desconocida,Frontera EE.UU.-México,Desconocido,1
32.1195,-113.1718,2021,Norteamérica,United States of America,Mixta o desconocida,Frontera EE.UU.-México,Desconocido,1
32.199638,-113.021598,2021,Norteamérica,United States of America,Mixta o desconocida,Frontera EE.UU.-México,Desconocido,1
31.84108,-111.84243,2021,Norteamérica,United States of America,Mixta o desconocida,Frontera EE.UU.-México,Desconocido,1
31.334239,-110.952825,2021,Norteamérica,United States of America,Condiciones ambientales extremas,Frontera EE.UU.-México,Venezuela,1
32.09297,-112.96256,2021,Norteamérica,United States of America,Mixta o desconocida,Frontera EE.UU.-México,Desconocido,1
32.178633,-113.058867,2021,Norteamérica,United States of America,Mixta o desconocida,Frontera EE.UU.-México,Desconocido,1
32.2429,-113.0754,2021,Norteamérica,United States of America,Mixta o desconocida,Frontera EE.UU.-México,Desconocido,1
32.184896,-113.064156,2021,Norteamérica,United States of America,Mixta o desconocida,Frontera EE.UU.-México,Desconocido,1
31.78797,-111.74756,2021,Norteamérica,United States of America,Mixta o desconocida,Frontera EE.UU.-México,Desconocido,1
32.224496,-113.0785575,2021,Norteamérica,United States of America,Mixta o desconocida,Frontera EE.UU.-México,Desconocido,1
32.125633,-113.238767,2021,Norteamérica,United States of America,Mixta o desconocida,Frontera EE.UU.-México,Desconocido,1
32.122583,-113.238833,2021,Norteamérica,United States of America,Mixta o desconocida,Frontera EE.UU.-México,Desconocido,1
31.72159,-112.19422,2021,Norteamérica,United States of America,Mixta o desconocida,Frontera EE.UU.-México,Desconocido,1
31.97162,-111.48003,2021,Norteamérica,United States of America,Mixta o desconocida,Frontera EE.UU.-México,Guatemala,1
32.418681,-112.969283,2021,Norteamérica,United States of America,Mixta o desconocida,Frontera EE.UU.-México,Desconocido,1
32.25953,-111.5175,2021,Norteamérica,United States of America,Mixta o desconocida,Frontera EE.UU.-México,Desconocido,1
32.175119,-110.928097,2021,Norteamérica,United States of America,Enfermedad o falta de atención,Frontera EE.UU.-México,Guatemala,1
31.99153,-112.6947,2021,Norteamérica,United States of America,Mixta o desconocida,Frontera EE.UU.-México,Desconocido,1
31.6951,-111.998,2021,Norteamérica,United States of America,Mixta o desconocida,Frontera EE.UU.-México,Desconocido,1
31.69123,-111.88143,2021,Norteamérica,United States of America,Mixta o desconocida,Frontera EE.UU.-México,Desconocido,1
31.8663889,-112.4402777,2021,Norteamérica,United States of America,Mixta o desconocida,Frontera EE.UU.-México,Desconocido,1
31.855917,-112.113467,2021,Norteamérica,United States of America,Mixta o desconocida,Frontera EE.UU.-México,Desconocido,1
31.722883,-111.805533,2021,Norteamérica,United States of America,Mixta o desconocida,Frontera EE.UU.-México,Desconocido,1
31.685517,-111.776332,2021,Norteamérica,United States of America,Mixta o desconocida,Frontera EE.UU.-México,Desconocido,1
31.42974319,-110.9780321,2021,Norteamérica,United States of America,Condiciones ambientales extremas,Frontera EE.UU.-México,Mexico,1
32.44706,-113.10175,2021,Norteamérica,United States of America,Mixta o desconocida,Frontera EE.UU.-México,Desconocido,1
31.3329,-110.99101,2021,Norteamérica,United States of America,Violencia,Frontera EE.UU.-México,Mexico,1
31.885772,-111.96678,2021,Norteamérica,United States of America,Mixta o desconocida,Frontera EE.UU.-México,Desconocido,1
32.14593,-113.16837,2021,Norteamérica,United States of America,Mixta o desconocida,Frontera EE.UU.-México,Desconocido,1
32.03135067,-111.2738148,2021,Norteamérica,United States of America,Violencia,Frontera EE.UU.-México,Guatemala,1
31.680719,-111.083965,2021,Norteamérica,United States of America,Condiciones ambientales extremas,Frontera EE.UU.-México,Mexico,1
32.036652,-113.094207,2021,Norteamérica,United States of America,Mixta o desconocida,Frontera EE.UU.-México,Desconocido,1
32.0014,-112.170333,2021,Norteamérica,United States of America,Enfermedad o falta de atención,Frontera EE.UU.-México,Mexico,1
31.4814,-109.333,2021,Norteamérica,United States of America,Mixta o desconocida,Frontera EE.UU.-México,Mexico,1
32.405767,-111.682017,2021,Norteamérica,United States of America,Condiciones ambientales extremas,Frontera EE.UU.-México,Guatemala,1
32.406471,-111.88266,2021,Norteamérica,United States of America,Condiciones ambientales extremas,Frontera EE.UU.-México,Mexico,1
31.90148,-112.45955,2021,Norteamérica,United States of America,Mixta o desconocida,Frontera EE.UU.-México,Desconocido,1
31.35874,-109.73311,2021,Norteamérica,United States of America,Condiciones ambientales extremas,Frontera EE.UU.-México,Mexico,1
31.34606,-110.91251,2021,Norteamérica,United States of America,Condiciones ambientales extremas,Frontera EE.UU.-México,Mexico,1
31.939967,-112.144067,2021,Norteamérica,United States of America,Condiciones ambientales extremas,Frontera EE.UU.-México,Mexico,1
31.93468,-112.89613,2021,Norteamérica,United States of America,Mixta o desconocida,Frontera EE.UU.-México,Mexico,1
31.4640917,-111.04191,2021,Norteamérica,United States of America,Mixta o desconocida,Frontera EE.UU.-México,Desconocido,1
32.30748,-113.25067,2021,Norteamérica,United States of America,Mixta o desconocida,Frontera EE.UU.-México,Desconocido,1
32.31397,-113.252225,2021,Norteamérica,United States of America,Mixta o desconocida,Frontera EE.UU.-México,Desconocido,1
31.3420069,-109.6304977,2021,Norteamérica,United States of America,Mixta o desconocida,Frontera EE.UU.-México,Desconocido,1
32.20252803,-111.7138504,2021,Norteamérica,United States of America,Violencia,Frontera EE.UU.-México,Mexico,1
32.352205,-113.3156345,2021,Norteamérica,United States of America,Mixta o desconocida,Frontera EE.UU.-México,Desconocido,1
32.32535,-113.2892805,2021,Norteamérica,United States of America,Mixta o desconocida,Frontera EE.UU.-México,Desconocido,1
32.02243503,-110.994575,2021,Norteamérica,United States of America,Violencia,Frontera EE.UU.-México,Mexico,1
27.127334,-98.389507,2021,Norteamérica,United States of America,Mixta o desconocida,Frontera EE.UU.-México,El Salvador,1
26.03362,-97.742664,2021,Norteamérica,United States of America,Muerte accidental,Frontera EE.UU.-México,Mexico,1
31.748986,-106.482543,2021,Norteamérica,United States of America,Accidente de transporte,Frontera EE.UU.-México,Desconocido,1
32.547702,-116.980396,2021,Norteamérica,United States of America,Muerte accidental,Frontera EE.UU.-México,Mexico,1
31.781506,-106.527882,2021,Norteamérica,United States of America,Mixta o desconocida,Frontera EE.UU.-México,Desconocido,1
26.931274,-98.145864,2021,Norteamérica,United States of America,Condiciones ambientales extremas,Frontera EE.UU.-México,Honduras,1
27.156479,-98.191523,2021,Norteamérica,United States of America,Condiciones ambientales extremas,Frontera EE.UU.-México,Honduras,1
28.31588041,-100.3774898,2021,Centroamérica,Mexico,Accidente de transporte,Frontera EE.UU.-México,El Salvador,1
19.2683361,-68.63540398,2021,Sudamérica,Chile,Condiciones ambientales extremas,Sin ruta registrada,Venezuela,1
27.50327832,-99.52799411,2021,Centroamérica,Mexico,Ahogamiento,Frontera EE.UU.-México,Guatemala,1
4.212583373,-74.99532582,2021,Sudamérica,Colombia,Violencia,Sin ruta registrada,Venezuela,3
32.61612324,-115.8408434,2021,Centroamérica,Mexico,Condiciones ambientales extremas,Frontera EE.UU.-México,Honduras,1
18.33941698,-68.94225284,2021,Caribe,Dominican Republic,Ahogamiento,Rep. Dominicana a Puerto Rico,Rep. Dominicana,20
26.40729886,-99.04754947,2021,Centroamérica,Mexico,Ahogamiento,Frontera EE.UU.-México,Mexico,1
19.17897262,-97.90315729,2021,Centroamérica,Mexico,Accidente de transporte,Sin ruta registrada,Honduras,1
27.49945981,-99.51176313,2021,Norteamérica,United States of America,Ahogamiento,Frontera EE.UU.-México,Guatemala,1
32.45678168,-114.5297033,2021,Norteamérica,United States of America,Condiciones ambientales extremas,Frontera EE.UU.-México,Guatemala,1
25.89925589,-97.49857221,2021,Norteamérica,United States of America,Muerte accidental,Frontera EE.UU.-México,Mexico,1
11.01191444,-74.81761458,2021,Sudamérica,Colombia,Violencia,Sin ruta registrada,Colombia,1
18.11252672,-95.45622108,2021,Centroamérica,Mexico,Accidente de transporte,Sin ruta registrada,Honduras,1
29.23247989,-100.1366453,2021,Norteamérica,United States of America,Ahogamiento,Frontera EE.UU.-México,Guatemala,2
9.038525113,-76.33946531,2021,Sudamérica,Colombia,Ahogamiento,Sin ruta registrada,Bangladesh,15
28.51079403,-99.91022804,2021,Norteamérica,United States of America,Condiciones ambientales extremas,Frontera EE.UU.-México,Mexico,1
26.0987163,-98.27847646,2021,Centroamérica,Mexico,Violencia,Frontera EE.UU.-México,Nicaragua,1
29.2631881,-99.84738576,2021,Norteamérica,United States of America,Accidente de transporte,Frontera EE.UU.-México,Desconocido,1
11.51977308,-72.8986871,2021,Sudamérica,Colombia,Violencia,Sin ruta registrada,Venezuela,1
29.36995037,-101.0726338,2021,Centroamérica,Mexico,Accidente de transporte,Frontera EE.UU.-México,Mexico,1
31.69140966,-106.4265637,2021,Centroamérica,Mexico,Condiciones ambientales extremas,Frontera EE.UU.-México,Ecuador,1
27.49981976,-99.50114439,2021,Centroamérica,Mexico,Ahogamiento,Frontera EE.UU.-México,Mexico,1
26.22189127,-98.45438095,2021,Norteamérica,United States of America,Ahogamiento,Frontera EE.UU.-México,Mexico,2
15.66661553,-91.99639232,2021,Centroamérica,Mexico,Mixta o desconocida,Sin ruta registrada,Guatemala,1
32.55042921,-116.9361241,2021,Norteamérica,United States of America,Muerte accidental,Frontera EE.UU.-México,Mexico,1
31.77578307,-106.4644307,2021,Norteamérica,United States of America,Accidente de transporte,Frontera EE.UU.-México,Desconocido,1
28.67780738,-100.5309605,2021,Centroamérica,Mexico,Accidente de transporte,Frontera EE.UU.-México,Desconocido,1
14.865967,-92.310651,2021,Centroamérica,Mexico,Violencia,Sin ruta registrada,Nicaragua,1
27.491216,-97.84983,2021,Norteamérica,United States of America,Enfermedad o falta de atención,Frontera EE.UU.-México,Honduras,1
32.468858,-114.579342,2021,Norteamérica,United States of America,Condiciones ambientales extremas,Frontera EE.UU.-México,Mexico,1
26.93791,-98.13787,2021,Norteamérica,United States of America,Accidente de transporte,Frontera EE.UU.-México,Guatemala,10
32.64174,-111.38443,2021,Norteamérica,United States of America,Accidente de transporte,Frontera EE.UU.-México,Desconocido,3
26.37642,-98.85824,2021,Norteamérica,United States of America,Condiciones ambientales extremas,Frontera EE.UU.-México,El Salvador,1
28.50998,-100.32759,2021,Norteamérica,United States of America,Mixta o desconocida,Frontera EE.UU.-México,El Salvador,1
32.20058324,-110.9037255,2021,Norteamérica,United States of America,Condiciones ambientales extremas,Frontera EE.UU.-México,Mexico,1
29.42595636,-98.52277691,2021,Norteamérica,United States of America,Accidente de transporte,Frontera EE.UU.-México,Desconocido,1
31.57152368,-111.3711987,2021,Norteamérica,United States of America,Muerte accidental,Frontera EE.UU.-México,Mexico,1
32.65485255,-116.2463698,2021,Norteamérica,United States of America,Condiciones ambientales extremas,Frontera EE.UU.-México,Mexico,1
32.20058324,-110.9037255,2021,Norteamérica,United States of America,Condiciones ambientales extremas,Frontera EE.UU.-México,Mexico,1
28.94451373,-100.3304508,2021,Norteamérica,United States of America,Ahogamiento,Frontera EE.UU.-México,Guatemala,2
27.5236535,-99.51220273,2021,Norteamérica,United States of America,Accidente de transporte,Frontera EE.UU.-México,Desconocido,3
27.00871835,-98.21819255,2021,Norteamérica,United States of America,Enfermedad o falta de atención,Frontera EE.UU.-México,El Salvador,1
16.24278829,-92.34873761,2021,Centroamérica,Mexico,Violencia,Sin ruta registrada,Desconocido,1
18.46615079,-83.56022847,2021,Caribe,Cuba,Mixta o desconocida,Sin ruta registrada,Cuba,7
18.72080052,-68.04710198,2021,Caribe,Dominican Republic,Ahogamiento,Rep. Dominicana a Puerto Rico,Rep. Dominicana,12
0.814798535,-77.66457573,2021,Sudamérica,Ecuador,Violencia,Sin ruta registrada,Venezuela,1
0.923706344,-77.72794854,2021,Sudamérica,Colombia,Violencia,Sin ruta registrada,Venezuela,1
31.94160047,-113.0617515,2021,Norteamérica,United States of America,Condiciones ambientales extremas,Frontera EE.UU.-México,Ecuador,1
25.34821715,-102.8544973,2021,Centroamérica,Mexico,Accidente de transporte,Frontera EE.UU.-México,Nicaragua,1
14.87556229,-92.30682011,2021,Centroamérica,Mexico,Violencia,Sin ruta registrada,Nicaragua,2
28.2610827,-97.28283767,2021,Norteamérica,United States of America,Violencia,Frontera EE.UU.-México,Mexico,1
26.46599024,-98.15655782,2021,Norteamérica,United States of America,Mixta o desconocida,Frontera EE.UU.-México,Honduras,1
8.373099752,-77.78005398,2021,Centroamérica,Panama,Mixta o desconocida,Tapón del Darién,Haiti,1
7.906213174,-72.49843797,2021,Sudamérica,Colombia,Violencia,Sin ruta registrada,Venezuela,1
26.37605154,-98.82241169,2021,Norteamérica,United States of America,Condiciones ambientales extremas,Frontera EE.UU.-México,El Salvador,1
14.89881277,-92.26885475,2021,Centroamérica,Mexico,Violencia,Sin ruta registrada,Honduras,1
22.50184402,-89.73528634,2021,Caribe,Mexico,Ahogamiento,Sin ruta registrada,Cuba,1
3.465696606,-76.52190059,2021,Sudamérica,Colombia,Mixta o desconocida,Sin ruta registrada,Haiti,1
7.403576138,-79.55944378,2021,Sudamérica,Peru,Accidente de transporte,Sin ruta registrada,Venezuela,1
3.155459107,-76.27819571,2021,Sudamérica,Colombia,Violencia,Sin ruta registrada,Haiti,1
31.9174752,-106.1672751,2021,Norteamérica,United States of America,Condiciones ambientales extremas,Frontera EE.UU.-México,Ecuador,1
20.25411641,-99.65827089,2021,Centroamérica,Mexico,Accidente de transporte,Sin ruta registrada,Desconocido,1
31.78041958,-106.5499374,2021,Centroamérica,Mexico,Condiciones ambientales extremas,Frontera EE.UU.-México,Desconocido,1
31.72472612,-106.4826913,2021,Centroamérica,Mexico,Mixta o desconocida,Frontera EE.UU.-México,Guatemala,6
32.54940206,-114.7907489,2021,Norteamérica,United States of America,Condiciones ambientales extremas,Frontera EE.UU.-México,Nicaragua,1
26.09821363,-98.27543458,2021,Norteamérica,United States of America,Muerte accidental,Frontera EE.UU.-México,Honduras,1
27.52191909,-99.52628485,2021,Centroamérica,Mexico,Ahogamiento,Frontera EE.UU.-México,Desconocido,1
28.71240893,-100.5104065,2021,Centroamérica,Mexico,Ahogamiento,Frontera EE.UU.-México,Desconocido,2
28.69539491,-100.5093765,2021,Norteamérica,United States of America,Ahogamiento,Frontera EE.UU.-México,Desconocido,2
27.49942429,-99.49905339,2021,Norteamérica,United States of America,Muerte accidental,Frontera EE.UU.-México,Mexico,1
26.29722611,-98.61748442,2021,Norteamérica,United States of America,Condiciones ambientales extremas,Frontera EE.UU.-México,Desconocido,1
31.05035663,-104.9682547,2021,Norteamérica,United States of America,Accidente de transporte,Frontera EE.UU.-México,Mexico,1
19.26628699,-68.65004072,2021,Sudamérica,Chile,Condiciones ambientales extremas,Sin ruta registrada,Venezuela,1
28.68442976,-100.5086449,2021,Centroamérica,Mexico,Ahogamiento,Frontera EE.UU.-México,Mexico,1
27.48487755,-99.48012225,2021,Centroamérica,Mexico,Ahogamiento,Frontera EE.UU.-México,Mexico,1
26.10671821,-98.26867505,2021,Norteamérica,United States of America,Muerte accidental,Frontera EE.UU.-México,Honduras,1
32.70290613,-114.6899039,2021,Norteamérica,United States of America,Condiciones ambientales extremas,Frontera EE.UU.-México,Nicaragua,1
17.96096906,-67.10421332,2021,Sudamérica,Bolivia (Plurinational State of),Condiciones ambientales extremas,Sin ruta registrada,Haiti,1
25.61190632,-80.15873385,2021,Caribe,United States of America,Condiciones ambientales extremas,Caribe hacia EE.UU.,Cuba,3
27.36813494,-99.50095608,2021,Norteamérica,United States of America,Violencia,Frontera EE.UU.-México,Guatemala,2
32.78876975,-114.4240425,2021,Norteamérica,United States of America,Condiciones ambientales extremas,Frontera EE.UU.-México,Colombia,2
32.060232,-109.004287,2021,Norteamérica,United States of America,Condiciones ambientales extremas,Frontera EE.UU.-México,Mexico,1
18.11522379,-70.31819296,2021,Sudamérica,Peru,Accidente de transporte,Sin ruta registrada,Haiti,2
28.52618709,-99.85643843,2021,Norteamérica,United States of America,Enfermedad o falta de atención,Frontera EE.UU.-México,Ecuador,1
28.72236965,-100.516232,2021,Centroamérica,Mexico,Ahogamiento,Frontera EE.UU.-México,Ecuador,1
31.83744206,-112.7639748,2021,Centroamérica,Mexico,Condiciones ambientales extremas,Frontera EE.UU.-México,Ecuador,1
29.1789173,-99.84701076,2021,Norteamérica,United States of America,Condiciones ambientales extremas,Frontera EE.UU.-México,Honduras,1
25.88122824,-97.49266183,2021,Centroamérica,Mexico,Ahogamiento,Frontera EE.UU.-México,Mexico,1
28.48411159,-100.3103166,2021,Norteamérica,United States of America,Accidente de transporte,Frontera EE.UU.-México,Mexico,1
28.32311434,-100.3053812,2021,Centroamérica,Mexico,Condiciones ambientales extremas,Frontera EE.UU.-México,Mexico,1
8.421518484,-76.77170931,2021,Sudamérica,Colombia,Enfermedad o falta de atención,Sin ruta registrada,Haiti,1
19.27555673,-68.64949272,2021,Sudamérica,Chile,Mixta o desconocida,Sin ruta registrada,Rep. Dominicana,1
8.421518484,-76.77170931,2021,Sudamérica,Colombia,Enfermedad o falta de atención,Sin ruta registrada,Haiti,2
32.6715071,-115.4086633,2021,Norteamérica,United States of America,Muerte accidental,Frontera EE.UU.-México,Mexico,1
27.16301763,-98.15002754,2021,Norteamérica,United States of America,Accidente de transporte,Frontera EE.UU.-México,El Salvador,1
18.66941056,-96.80619775,2021,Centroamérica,Mexico,Violencia,Sin ruta registrada,Desconocido,1
31.33100254,-110.9995664,2021,Centroamérica,Mexico,Mixta o desconocida,Frontera EE.UU.-México,Guatemala,1
27.59081032,-101.3810119,2021,Centroamérica,Mexico,Violencia,Frontera EE.UU.-México,Desconocido,1
19.60223231,-98.13436917,2021,Centroamérica,Mexico,Violencia,Sin ruta registrada,Honduras,1
17.88790637,-94.10003215,2021,Centroamérica,Mexico,Accidente de transporte,Sin ruta registrada,Haiti,1
27.17189336,-98.13619776,2021,Norteamérica,United States of America,Condiciones ambientales extremas,Frontera EE.UU.-México,Nicaragua,1
25.59954102,-99.99604217,2021,Centroamérica,Mexico,Mixta o desconocida,Frontera EE.UU.-México,Desconocido,1
7.927093887,-72.48386771,2021,Sudamérica,Colombia,Ahogamiento,Sin ruta registrada,Venezuela,1
29.32800076,-100.9305296,2021,Centroamérica,Mexico,Ahogamiento,Frontera EE.UU.-México,Haiti,1
28.51515365,-99.93694979,2021,Norteamérica,United States of America,Condiciones ambientales extremas,Frontera EE.UU.-México,Mexico,1
7.818407903,-72.45051915,2021,Sudamérica,Venezuela (Bolivarian Republic of),Violencia,Sin ruta registrada,Venezuela,2
26.37700292,-98.85966871,2021,Norteamérica,United States of America,Enfermedad o falta de atención,Frontera EE.UU.-México,Honduras,1
8.662830635,-77.4515264,2021,Centroamérica,Panama,Condiciones ambientales extremas,Tapón del Darién,Cuba,1
32.24412859,-107.7514501,2021,Norteamérica,United States of America,Accidente de transporte,Frontera EE.UU.-México,Ecuador,1
29.1867619,-100.7660806,2021,Centroamérica,Mexico,Ahogamiento,Frontera EE.UU.-México,Desconocido,1
28.95496316,-99.84974059,2021,Norteamérica,United States of America,Accidente de transporte,Frontera EE.UU.-México,Mexico,3
27.49873766,-99.49971963,2021,Centroamérica,Mexico,Ahogamiento,Frontera EE.UU.-México,Cuba,1
31.91070632,-112.8477302,2021,Norteamérica,United States of America,Condiciones ambientales extremas,Frontera EE.UU.-México,Colombia,1
27.53314626,-99.47857279,2021,Norteamérica,United States of America,Mixta o desconocida,Frontera EE.UU.-México,Mexico,1
27.12549763,-98.23087679,2021,Norteamérica,United States of America,Violencia,Frontera EE.UU.-México,Mexico,1
32.66768159,-115.4576052,2021,Centroamérica,Mexico,Muerte accidental,Frontera EE.UU.-México,Desconocido,1
17.87144182,-94.08377362,2021,Centroamérica,Mexico,Ahogamiento,Sin ruta registrada,Honduras,1
25.81067336,-99.18644184,2021,Centroamérica,Mexico,Mixta o desconocida,Frontera EE.UU.-México,Guatemala,1
29.23079891,-100.7982574,2021,Centroamérica,Mexico,Ahogamiento,Frontera EE.UU.-México,Desconocido,1
14.90552517,-92.27643836,2021,Centroamérica,Mexico,Enfermedad o falta de atención,Sin ruta registrada,Haiti,1
14.89209249,-92.27164504,2021,Centroamérica,Mexico,Enfermedad o falta de atención,Sin ruta registrada,Haiti,1
14.84828171,-92.26758108,2021,Centroamérica,Mexico,Enfermedad o falta de atención,Sin ruta registrada,Haiti,1
14.88270192,-92.27015248,2021,Centroamérica,Mexico,Enfermedad o falta de atención,Sin ruta registrada,Haiti,1
14.88847072,-92.2415665,2021,Centroamérica,Mexico,Enfermedad o falta de atención,Sin ruta registrada,Haiti,1
17.81849621,-93.38702213,2021,Centroamérica,Mexico,Accidente de transporte,Sin ruta registrada,Haiti,1
14.67595994,-92.15780891,2021,Centroamérica,Mexico,Violencia,Sin ruta registrada,Honduras,1
18.38365176,-95.89020485,2021,Centroamérica,Mexico,Accidente de transporte,Sin ruta registrada,Cuba,4
7.834481503,-72.52091326,2021,Sudamérica,Colombia,Ahogamiento,Sin ruta registrada,Venezuela,1
2.111220199,-76.99031747,2021,Sudamérica,Colombia,Violencia,Sin ruta registrada,Venezuela,1
8.373604577,-77.65411602,2021,Centroamérica,Panama,Ahogamiento,Tapón del Darién,Desconocido,9
8.373604577,-77.65411602,2021,Centroamérica,Panama,Ahogamiento,Tapón del Darién,Desconocido,3
8.42559721,-76.78843371,2021,Sudamérica,Colombia,Violencia,Sin ruta registrada,Haiti,1
20.24648794,-99.65855382,2021,Centroamérica,Mexico,Accidente de transporte,Sin ruta registrada,Mexico,1
8.937251,-77.212958,2021,Sudamérica,Colombia,Ahogamiento,Tapón del Darién,Cuba,9
31.78128444,-106.5372266,2021,Centroamérica,Mexico,Mixta o desconocida,Frontera EE.UU.-México,Ecuador,1
18.40094006,-68.98329662,2021,Caribe,Dominican Republic,Ahogamiento,Rep. Dominicana a Puerto Rico,Rep. Dominicana,23
27.247328,-98.126699,2021,Norteamérica,United States of America,Mixta o desconocida,Frontera EE.UU.-México,Desconocido,1
27.247328,-98.126699,2021,Norteamérica,United States of America,Mixta o desconocida,Frontera EE.UU.-México,Desconocido,13
27.247328,-98.126699,2021,Norteamérica,United States of America,Mixta o desconocida,Frontera EE.UU.-México,Desconocido,34
27.247328,-98.126699,2021,Norteamérica,United States of America,Mixta o desconocida,Frontera EE.UU.-México,Desconocido,43
27.53180696,-99.43051646,2021,Norteamérica,United States of America,Mixta o desconocida,Frontera EE.UU.-México,Desconocido,37
40.12453287,-102.7255099,2021,Norteamérica,United States of America,Mixta o desconocida,Frontera EE.UU.-México,Desconocido,6
10.92713249,-74.7715589,2021,Sudamérica,Colombia,Violencia,Sin ruta registrada,Venezuela,2
-19.46261815,-68.9278447,2021,Sudamérica,Chile,Condiciones ambientales extremas,Sin ruta registrada,Haiti,1
-19.35990038,-68.51905211,2021,Sudamérica,Chile,Condiciones ambientales extremas,Sin ruta registrada,Desconocido,1
-19.26246544,-68.61877068,2021,Sudamérica,Bolivia (Plurinational State of),Enfermedad o falta de atención,Sin ruta registrada,Venezuela,1
8.673331633,-77.35773355,2021,Sudamérica,Colombia,Ahogamiento,Sin ruta registrada,Desconocido,3
31.01237785,-104.8442303,2021,Norteamérica,United States of America,Condiciones ambientales extremas,Frontera EE.UU.-México,Mexico,1
22.38292258,-97.90686967,2021,Centroamérica,Mexico,Violencia,Frontera EE.UU.-México,Honduras,1
28.69855764,-100.5114109,2021,Centroamérica,Mexico,Ahogamiento,Frontera EE.UU.-México,Nicaragua,1
17.48257635,-91.4269431,2021,Centroamérica,Mexico,Violencia,Sin ruta registrada,Desconocido,1
28.69088472,-100.5388598,2021,Centroamérica,Mexico,Muerte accidental,Frontera EE.UU.-México,Nicaragua,1
18.01419815,-94.44612976,2021,Centroamérica,Mexico,Accidente de transporte,Sin ruta registrada,Nicaragua,1
-19.2816281,-68.62696388,2021,Sudamérica,Chile,Condiciones ambientales extremas,Sin ruta registrada,Bolivia,1
13.5159502,-89.33129487,2021,Centroamérica,El Salvador,Violencia,Sin ruta registrada,El Salvador,4
32.12352575,-107.791959,2021,Norteamérica,United States of America,Condiciones ambientales extremas,Frontera EE.UU.-México,Brazil,1
31.35750937,-110.5212405,2021,Norteamérica,United States of America,Condiciones ambientales extremas,Frontera EE.UU.-México,Ecuador,1
25.56016093,-103.5074903,2021,Centroamérica,Mexico,Enfermedad o falta de atención,Sin ruta registrada,Guatemala,1
26.51367847,-99.06444925,2021,Norteamérica,United States of America,Mixta o desconocida,Frontera EE.UU.-México,Mexico,1
31.482035,-104.843594,2021,Norteamérica,United States of America,Accidente de transporte,Frontera EE.UU.-México,Guatemala,4
32.537111,-117.124306,2021,Norteamérica,United States of America,Ahogamiento,Frontera EE.UU.-México,Mexico,1
15.690987,-93.200506,2021,Centroamérica,Mexico,Violencia,Sin ruta registrada,Cuba,1
28.765054,-100.528801,2021,Norteamérica,United States of America,Muerte accidental,Frontera EE.UU.-México,Honduras,1
-19.28207463,-68.62450408,2021,Sudamérica,Chile,Enfermedad o falta de atención,Sin ruta registrada,Venezuela,1
14.75173302,-92.17226187,2021,Centroamérica,Mexico,Violencia,Sin ruta registrada,Haiti,1
14.75173302,-92.17226187,2021,Centroamérica,Mexico,Enfermedad o falta de atención,Sin ruta registrada,Haiti,1
29.33243,-100.940001,2021,Centroamérica,Mexico,Ahogamiento,Frontera EE.UU.-México,Mexico,1
32.584311,-115.384244,2021,Centroamérica,Mexico,Accidente de transporte,Frontera EE.UU.-México,Desconocido,1
27.78481746,-97.65474969,2021,Norteamérica,United States of America,Muerte accidental,Frontera EE.UU.-México,Honduras,1
14.91650449,-92.26968693,2021,Centroamérica,Mexico,Ahogamiento,Sin ruta registrada,Haiti,1
8.546665299,-77.48944688,2021,Centroamérica,Panama,Ahogamiento,Tapón del Darién,Haiti,2
18.41896149,-69.45150171,2021,Caribe,Dominican Republic,Ahogamiento,Rep. Dominicana a Puerto Rico,Rep. Dominicana,2
15.62888275,-93.16560796,2021,Centroamérica,Mexico,Violencia,Sin ruta registrada,Desconocido,1
29.33791843,-100.9419056,2021,Centroamérica,Mexico,Ahogamiento,Frontera EE.UU.-México,Haiti,1
31.64276473,-111.0571385,2021,Norteamérica,United States of America,Condiciones ambientales extremas,Frontera EE.UU.-México,Mexico,1
32.008629,-111.747142,2021,Norteamérica,United States of America,Condiciones ambientales extremas,Frontera EE.UU.-México,Desconocido,1
32.013413,-111.640399,2021,Norteamérica,United States of America,Violencia,Frontera EE.UU.-México,Guatemala,1
32.2700864,-111.8504635,2021,Norteamérica,United States of America,Condiciones ambientales extremas,Frontera EE.UU.-México,Guatemala,1
31.4943,-109.217,2021,Norteamérica,United States of America,Condiciones ambientales extremas,Frontera EE.UU.-México,Desconocido,1
31.58979734,-111.2393548,2021,Norteamérica,United States of America,Condiciones ambientales extremas,Frontera EE.UU.-México,El Salvador,1
31.54269,-111.23446,2021,Norteamérica,United States of America,Violencia,Frontera EE.UU.-México,Mexico,1
31.73991,-111.005163,2021,Norteamérica,United States of America,Condiciones ambientales extremas,Frontera EE.UU.-México,Mexico,1
32.72816,-112.00154,2021,Norteamérica,United States of America,Condiciones ambientales extremas,Frontera EE.UU.-México,Mexico,1
31.946783,-112.883883,2021,Norteamérica,United States of America,Mixta o desconocida,Frontera EE.UU.-México,Desconocido,1
31.73784,-111.07666,2021,Norteamérica,United States of America,Mixta o desconocida,Frontera EE.UU.-México,Mexico,1
31.701283,-111.93755,2021,Norteamérica,United States of America,Condiciones ambientales extremas,Frontera EE.UU.-México,Guatemala,1
31.40201,-110.76178,2021,Norteamérica,United States of America,Condiciones ambientales extremas,Frontera EE.UU.-México,Mexico,1
31.59423,-111.72823,2021,Norteamérica,United States of America,Condiciones ambientales extremas,Frontera EE.UU.-México,Mexico,1
31.87598,-111.76411,2021,Norteamérica,United States of America,Mixta o desconocida,Frontera EE.UU.-México,Desconocido,1
31.73016,-112.16498,2021,Norteamérica,United States of America,Condiciones ambientales extremas,Frontera EE.UU.-México,Guatemala,1
31.828,-111.35616,2021,Norteamérica,United States of America,Condiciones ambientales extremas,Frontera EE.UU.-México,Guatemala,1
31.975733,-112.14945,2021,Norteamérica,United States of America,Condiciones ambientales extremas,Frontera EE.UU.-México,Mexico,1
32.7656389,-111.975583,2021,Norteamérica,United States of America,Mixta o desconocida,Frontera EE.UU.-México,Desconocido,1
31.59371,-111.88175,2021,Norteamérica,United States of America,Condiciones ambientales extremas,Frontera EE.UU.-México,Guatemala,1
31.6654,-111.856917,2021,Norteamérica,United States of America,Mixta o desconocida,Frontera EE.UU.-México,Desconocido,1
31.87142,-111.67391,2021,Norteamérica,United States of America,Condiciones ambientales extremas,Frontera EE.UU.-México,Honduras,1
31.384382,-110.975182,2021,Norteamérica,United States of America,Condiciones ambientales extremas,Frontera EE.UU.-México,Mexico,1
31.842883,-112.139983,2021,Norteamérica,United States of America,Condiciones ambientales extremas,Frontera EE.UU.-México,Guatemala,1
31.673833,-111.8814,2021,Norteamérica,United States of America,Mixta o desconocida,Frontera EE.UU.-México,Desconocido,1
31.625417,-111.11985,2021,Norteamérica,United States of America,Condiciones ambientales extremas,Frontera EE.UU.-México,Ecuador,1
31.365315,-110.102389,2021,Norteamérica,United States of America,Condiciones ambientales extremas,Frontera EE.UU.-México,Mexico,1
31.87844,-111.83726,2021,Norteamérica,United States of America,Condiciones ambientales extremas,Frontera EE.UU.-México,Guatemala,1
32.20701,-111.27506,2021,Norteamérica,United States of America,Condiciones ambientales extremas,Frontera EE.UU.-México,Guatemala,1
31.903966,-111.493689,2021,Norteamérica,United States of America,Condiciones ambientales extremas,Frontera EE.UU.-México,Guatemala,1
31.8454,-111.3473,2021,Norteamérica,United States of America,Condiciones ambientales extremas,Frontera EE.UU.-México,Mexico,1
31.38989,-110.10595,2021,Norteamérica,United States of America,Condiciones ambientales extremas,Frontera EE.UU.-México,Mexico,1
31.63675,-111.51941,2021,Norteamérica,United States of America,Condiciones ambientales extremas,Frontera EE.UU.-México,Mexico,1
31.816233,-112.560717,2021,Norteamérica,United States of America,Condiciones ambientales extremas,Frontera EE.UU.-México,Mexico,1
31.86785,-112.1309,2021,Norteamérica,United States of America,Condiciones ambientales extremas,Frontera EE.UU.-México,El Salvador,1
31.67793,-111.85005,2021,Norteamérica,United States of America,Mixta o desconocida,Frontera EE.UU.-México,Desconocido,1
31.579227,-111.722799,2021,Norteamérica,United States of America,Condiciones ambientales extremas,Frontera EE.UU.-México,Brazil,1
32.40244,-113.13169,2021,Norteamérica,United States of America,Mixta o desconocida,Frontera EE.UU.-México,Desconocido,1
32.0577019,-112.1430215,2021,Norteamérica,United States of America,Mixta o desconocida,Frontera EE.UU.-México,Desconocido,1
32.59528,-111.99042,2021,Norteamérica,United States of America,Condiciones ambientales extremas,Frontera EE.UU.-México,Guatemala,1
32.40244,-113.13169,2021,Norteamérica,United States of America,Mixta o desconocida,Frontera EE.UU.-México,Desconocido,1
32.0805,-113.272667,2021,Norteamérica,United States of America,Mixta o desconocida,Frontera EE.UU.-México,Desconocido,1
31.82985,-111.781767,2021,Norteamérica,United States of America,Condiciones ambientales extremas,Frontera EE.UU.-México,Guatemala,1
31.60263689,-111.3146667,2021,Norteamérica,United States of America,Violencia,Frontera EE.UU.-México,Guatemala,1
31.5835,-111.743167,2021,Norteamérica,United States of America,Condiciones ambientales extremas,Frontera EE.UU.-México,Desconocido,1
31.93265,-112.3656,2021,Norteamérica,United States of America,Condiciones ambientales extremas,Frontera EE.UU.-México,Mexico,1
31.791667,-111.953683,2021,Norteamérica,United States of America,Mixta o desconocida,Frontera EE.UU.-México,Desconocido,1
31.62846,-111.803,2021,Norteamérica,United States of America,Mixta o desconocida,Frontera EE.UU.-México,Desconocido,1
31.906839,-111.839814,2021,Norteamérica,United States of America,Condiciones ambientales extremas,Frontera EE.UU.-México,Mexico,1
32.416533,-111.65485,2021,Norteamérica,United States of America,Mixta o desconocida,Frontera EE.UU.-México,Guatemala,1
31.3694,-110.09,2021,Norteamérica,United States of America,Condiciones ambientales extremas,Frontera EE.UU.-México,Mexico,1
31.5991,-111.73212,2021,Norteamérica,United States of America,Mixta o desconocida,Frontera EE.UU.-México,Desconocido,1
31.49607,-109.32333,2021,Norteamérica,United States of America,Mixta o desconocida,Frontera EE.UU.-México,Desconocido,1
31.5115,-110.7475,2021,Norteamérica,United States of America,Condiciones ambientales extremas,Frontera EE.UU.-México,Mexico,1
31.705467,-111.882083,2021,Norteamérica,United States of America,Condiciones ambientales extremas,Frontera EE.UU.-México,Desconocido,1
31.90575,-111.7615,2021,Norteamérica,United States of America,Condiciones ambientales extremas,Frontera EE.UU.-México,Desconocido,1
31.59611,-109.49583,2021,Norteamérica,United States of America,Condiciones ambientales extremas,Frontera EE.UU.-México,Mexico,1
32.39112,-113.14451,2021,Norteamérica,United States of America,Condiciones ambientales extremas,Frontera EE.UU.-México,Mexico,1
32.1173598,-113.1905203,2021,Norteamérica,United States of America,Mixta o desconocida,Frontera EE.UU.-México,Desconocido,1
31.99301,-111.9799,2021,Norteamérica,United States of America,Mixta o desconocida,Frontera EE.UU.-México,Desconocido,1
31.684917,-111.9938,2021,Norteamérica,United States of America,Condiciones ambientales extremas,Frontera EE.UU.-México,Mexico,1
31.757097,-111.969108,2021,Norteamérica,United States of America,Mixta o desconocida,Frontera EE.UU.-México,Desconocido,1
32.506477,-111.581589,2021,Norteamérica,United States of America,Mixta o desconocida,Frontera EE.UU.-México,Guatemala,1
31.96975,-111.37328,2021,Norteamérica,United States of America,Condiciones ambientales extremas,Frontera EE.UU.-México,Desconocido,1
31.784217,-111.6265,2021,Norteamérica,United States of America,Mixta o desconocida,Frontera EE.UU.-México,Desconocido,1
31.65658,-111.838418,2021,Norteamérica,United States of America,Condiciones ambientales extremas,Frontera EE.UU.-México,Mexico,1
31.375806,-110.053722,2021,Norteamérica,United States of America,Condiciones ambientales extremas,Frontera EE.UU.-México,Mexico,1
32.657916,-111.408201,2021,Norteamérica,United States of America,Violencia,Frontera EE.UU.-México,Guatemala,1
31.915917,-112.58185,2021,Norteamérica,United States of America,Condiciones ambientales extremas,Frontera EE.UU.-México,Mexico,1
32.140333,-113.2485,2021,Norteamérica,United States of America,Mixta o desconocida,Frontera EE.UU.-México,El Salvador,1
32.259483,-113.245333,2021,Norteamérica,United States of America,Mixta o desconocida,Frontera EE.UU.-México,El Salvador,1
31.9107,-112.917883,2021,Norteamérica,United States of America,Mixta o desconocida,Frontera EE.UU.-México,Desconocido,1
31.67463,-111.268396,2021,Norteamérica,United States of America,Mixta o desconocida,Frontera EE.UU.-México,Desconocido,1
32.28479,-113.33299,2021,Norteamérica,United States of America,Mixta o desconocida,Frontera EE.UU.-México,Desconocido,1
31.9548594,-111.9433027,2021,Norteamérica,United States of America,Mixta o desconocida,Frontera EE.UU.-México,Desconocido,1
31.348334,-109.4876,2021,Norteamérica,United States of America,Condiciones ambientales extremas,Frontera EE.UU.-México,Mexico,1
32.35807965,-111.0442281,2021,Norteamérica,United States of America,Condiciones ambientales extremas,Frontera EE.UU.-México,Mexico,1
31.7813,-111.0858,2021,Norteamérica,United States of America,Mixta o desconocida,Frontera EE.UU.-México,Desconocido,1
31.724367,-111.98705,2021,Norteamérica,United States of America,Mixta o desconocida,Frontera EE.UU.-México,Desconocido,1
31.66081,-111.86031,2021,Norteamérica,United States of America,Condiciones ambientales extremas,Frontera EE.UU.-México,Guatemala,1
31.8624492,-111.8814056,2021,Norteamérica,United States of America,Mixta o desconocida,Frontera EE.UU.-México,Desconocido,1
32.45723,-112.67819,2021,Norteamérica,United States of America,Mixta o desconocida,Frontera EE.UU.-México,Desconocido,1
32.37884,-113.11405,2021,Norteamérica,United States of America,Mixta o desconocida,Frontera EE.UU.-México,Desconocido,1
31.769917,-112.1308,2021,Norteamérica,United States of America,Mixta o desconocida,Frontera EE.UU.-México,Desconocido,1
31.9773935,-111.7345073,2021,Norteamérica,United States of America,Condiciones ambientales extremas,Frontera EE.UU.-México,Guatemala,1
31.935556,-112.365833,2021,Norteamérica,United States of America,Mixta o desconocida,Frontera EE.UU.-México,Desconocido,1
31.88375,-112.4077,2021,Norteamérica,United States of America,Mixta o desconocida,Frontera EE.UU.-México,Mexico,1
32.065317,-112.2135,2021,Norteamérica,United States of America,Mixta o desconocida,Frontera EE.UU.-México,Desconocido,1
31.421389,-111.008056,2021,Norteamérica,United States of America,Condiciones ambientales extremas,Frontera EE.UU.-México,Mexico,1
31.421667,-111.0075,2021,Norteamérica,United States of America,Mixta o desconocida,Frontera EE.UU.-México,Desconocido,1
31.967333,-112.58355,2021,Norteamérica,United States of America,Condiciones ambientales extremas,Frontera EE.UU.-México,Mexico,1
31.686067,-112.0191,2021,Norteamérica,United States of America,Condiciones ambientales extremas,Frontera EE.UU.-México,Mexico,1
31.663367,-112.050117,2021,Norteamérica,United States of America,Condiciones ambientales extremas,Frontera EE.UU.-México,Guatemala,1
31.679026,-111.062826,2021,Norteamérica,United States of America,Condiciones ambientales extremas,Frontera EE.UU.-México,Desconocido,1
32.642067,-112.145533,2021,Norteamérica,United States of America,Condiciones ambientales extremas,Frontera EE.UU.-México,Honduras,1
32.226967,-112.359017,2021,Norteamérica,United States of America,Condiciones ambientales extremas,Frontera EE.UU.-México,Mexico,1
32.01597,-112.71192,2021,Norteamérica,United States of America,Condiciones ambientales extremas,Frontera EE.UU.-México,Mexico,1
31.66209,-111.85433,2021,Norteamérica,United States of America,Mixta o desconocida,Frontera EE.UU.-México,Guatemala,1
31.824417,-112.144633,2021,Norteamérica,United States of America,Condiciones ambientales extremas,Frontera EE.UU.-México,Desconocido,1
31.898,-112.858,2021,Norteamérica,United States of America,Mixta o desconocida,Frontera EE.UU.-México,Desconocido,1
32.412094,-113.127895,2021,Norteamérica,United States of America,Mixta o desconocida,Frontera EE.UU.-México,Desconocido,1
32.41607,-113.12907,2021,Norteamérica,United States of America,Mixta o desconocida,Frontera EE.UU.-México,Desconocido,1
32.143655,-112.766149,2021,Norteamérica,United States of America,Mixta o desconocida,Frontera EE.UU.-México,Desconocido,1
32.02558,-112.13031,2021,Norteamérica,United States of America,Mixta o desconocida,Frontera EE.UU.-México,Desconocido,1
31.41571,-109.08638,2021,Norteamérica,United States of America,Mixta o desconocida,Frontera EE.UU.-México,Desconocido,1
30.919475,-105.367605,2021,Norteamérica,United States of America,Mixta o desconocida,Frontera EE.UU.-México,Desconocido,1
31.34266,-105.526907,2021,Norteamérica,United States of America,Mixta o desconocida,Frontera EE.UU.-México,Desconocido,12
28.69718335,-100.3980276,2021,Norteamérica,United States of America,Mixta o desconocida,Frontera EE.UU.-México,Honduras,1
29.33100471,-100.9371237,2021,Centroamérica,Mexico,Ahogamiento,Frontera EE.UU.-México,Desconocido,1
8.66027001,-77.37263742,2021,Centroamérica,Panama,Enfermedad o falta de atención,Tapón del Darién,Cuba,1
31.78388571,-106.6739087,2021,Centroamérica,Mexico,Violencia,Frontera EE.UU.-México,Haiti,1
-19.28207854,-68.62362488,2021,Sudamérica,Chile,Enfermedad o falta de atención,Sin ruta registrada,Venezuela,1
17.72355831,-92.01214329,2021,Centroamérica,Mexico,Accidente de transporte,Sin ruta registrada,Desconocido,12
5.7317573,-71.99683732,2021,Sudamérica,Colombia,Violencia,Sin ruta registrada,Venezuela,1
26.18597568,-98.2218036,2021,Norteamérica,United States of America,Mixta o desconocida,Frontera EE.UU.-México,Mexico,1
28.50894329,-100.2978741,2021,Norteamérica,United States of America,Condiciones ambientales extremas,Frontera EE.UU.-México,Desconocido,1
7.916321729,-72.4623122,2021,Sudamérica,Venezuela (Bolivarian Republic of),Ahogamiento,Sin ruta registrada,Venezuela,1
11.32255621,-72.61491778,2021,Sudamérica,Venezuela (Bolivarian Republic of),Ahogamiento,Sin ruta registrada,Venezuela,1
28.74146784,-100.5149548,2021,Centroamérica,Mexico,Ahogamiento,Frontera EE.UU.-México,Mexico,1
29.337114,-100.9419958,2021,Centroamérica,Mexico,Ahogamiento,Frontera EE.UU.-México,Cuba,1
27.35145783,-99.39363979,2021,Norteamérica,United States of America,Accidente de transporte,Frontera EE.UU.-México,Mexico,1
27.46325091,-99.47690982,2021,Norteamérica,United States of America,Accidente de transporte,Frontera EE.UU.-México,Mexico,2
-35.43270714,-71.66583546,2021,Sudamérica,Chile,Muerte accidental,Sin ruta registrada,Venezuela,4
7.267182998,-73.15006879,2021,Sudamérica,Colombia,Accidente de transporte,Sin ruta registrada,Desconocido,1
31.76157513,-106.5108068,2021,Centroamérica,Mexico,Mixta o desconocida,Frontera EE.UU.-México,Desconocido,1
26.18597568,-98.2218036,2021,Norteamérica,United States of America,Enfermedad o falta de atención,Frontera EE.UU.-México,Honduras,1
21.882519,-72.333389,2021,Caribe,Turks and Caicos Islands,Ahogamiento,Sin ruta registrada,Haiti,7
18.99070006,-69.04945875,2021,Caribe,Dominican Republic,Ahogamiento,Rep. Dominicana a Puerto Rico,Rep. Dominicana,8
28.69945954,-100.5113811,2021,Centroamérica,Mexico,Condiciones ambientales extremas,Frontera EE.UU.-México,Mexico,1
31.75327019,-106.4227072,2021,Norteamérica,United States of America,Ahogamiento,Frontera EE.UU.-México,Desconocido,1
31.42536159,-106.1249055,2021,Norteamérica,United States of America,Muerte accidental,Frontera EE.UU.-México,Cuba,1
-19.27003028,-68.62313648,2021,Sudamérica,Chile,Mixta o desconocida,Sin ruta registrada,Desconocido,1
32.489937,-111.643853,2021,Norteamérica,United States of America,Mixta o desconocida,Frontera EE.UU.-México,Guatemala,1
31.418889,-110.938056,2021,Norteamérica,United States of America,Condiciones ambientales extremas,Frontera EE.UU.-México,Desconocido,1
32.4559,-111.6436,2021,Norteamérica,United States of America,Mixta o desconocida,Frontera EE.UU.-México,Desconocido,1
31.45417,-109.37305,2021,Norteamérica,United States of America,Condiciones ambientales extremas,Frontera EE.UU.-México,Mexico,1
31.419583,-111.1771,2021,Norteamérica,United States of America,Condiciones ambientales extremas,Frontera EE.UU.-México,Guatemala,1
32.305756,-113.025369,2021,Norteamérica,United States of America,Mixta o desconocida,Frontera EE.UU.-México,Desconocido,1
32.021791,-111.7592845,2021,Norteamérica,United States of America,Mixta o desconocida,Frontera EE.UU.-México,Desconocido,1
31.75722,-111.42424,2021,Norteamérica,United States of America,Mixta o desconocida,Frontera EE.UU.-México,Desconocido,1
31.51061,-111.24361,2021,Norteamérica,United States of America,Condiciones ambientales extremas,Frontera EE.UU.-México,Desconocido,1
32.46229,-111.709361,2021,Norteamérica,United States of America,Mixta o desconocida,Frontera EE.UU.-México,Desconocido,1
32.456583,-111.636,2021,Norteamérica,United States of America,Condiciones ambientales extremas,Frontera EE.UU.-México,Desconocido,1
32.47055,-113.12511,2021,Norteamérica,United States of America,Mixta o desconocida,Frontera EE.UU.-México,Desconocido,1
32.47054,-113.11639,2021,Norteamérica,United States of America,Mixta o desconocida,Frontera EE.UU.-México,Desconocido,1
32.09045,-111.67715,2021,Norteamérica,United States of America,Mixta o desconocida,Frontera EE.UU.-México,Desconocido,1
31.447194,-110.106028,2021,Norteamérica,United States of America,Mixta o desconocida,Frontera EE.UU.-México,Desconocido,1
31.695683,-111.9953,2021,Norteamérica,United States of America,Mixta o desconocida,Frontera EE.UU.-México,Desconocido,1
31.83074842,-110.707795,2021,Norteamérica,United States of America,Violencia,Frontera EE.UU.-México,Desconocido,1
31.83074842,-110.707795,2021,Norteamérica,United States of America,Violencia,Frontera EE.UU.-México,Mexico,1
31.51492,-110.83563,2021,Norteamérica,United States of America,Mixta o desconocida,Frontera EE.UU.-México,Desconocido,1
31.55340819,-111.0488462,2021,Norteamérica,United States of America,Condiciones ambientales extremas,Frontera EE.UU.-México,Desconocido,1
32.39344,-113.15643,2021,Norteamérica,United States of America,Mixta o desconocida,Frontera EE.UU.-México,Desconocido,1
32.39351,-113.15721,2021,Norteamérica,United States of America,Mixta o desconocida,Frontera EE.UU.-México,Desconocido,1
32.39028,-113.1462,2021,Norteamérica,United States of America,Mixta o desconocida,Frontera EE.UU.-México,Desconocido,1
32.39372,-113.15846,2021,Norteamérica,United States of America,Mixta o desconocida,Frontera EE.UU.-México,Desconocido,1
31.688633,-112.019333,2021,Norteamérica,United States of America,Mixta o desconocida,Frontera EE.UU.-México,Desconocido,1
30.92051284,-104.6716081,2021,Norteamérica,United States of America,Mixta o desconocida,Frontera EE.UU.-México,Mexico,1
16.74175537,-93.03719285,2021,Centroamérica,Mexico,Accidente de transporte,Sin ruta registrada,Rep. Dominicana,56
23.280853,-81.919517,2021,Caribe,Cuba,Ahogamiento,Caribe hacia EE.UU.,Cuba,2
28.72504964,-100.5090504,2021,Centroamérica,Mexico,Ahogamiento,Frontera EE.UU.-México,Desconocido,1
28.95958079,-96.7257861,2021,Norteamérica,United States of America,Mixta o desconocida,Frontera EE.UU.-México,Guatemala,1
28.344805,-100.392501,2021,Centroamérica,Mexico,Accidente de transporte,Frontera EE.UU.-México,Mexico,1
26.715491,-98.525629,2021,Norteamérica,United States of America,Accidente de transporte,Frontera EE.UU.-México,Mexico,1
29.316474,-100.906933,2021,Norteamérica,United States of America,Ahogamiento,Frontera EE.UU.-México,Senegal,1
29.345707,-100.947238,2021,Centroamérica,Mexico,Ahogamiento,Frontera EE.UU.-México,Desconocido,1
31.784103,-106.590148,2021,Norteamérica,United States of America,Muerte accidental,Frontera EE.UU.-México,Mexico,1
6.650461,-77.747508,2021,Sudamérica,Colombia,Ahogamiento,Tapón del Darién,India,9
32.65243001,-116.8548968,2021,Norteamérica,United States of America,Accidente de transporte,Frontera EE.UU.-México,Mexico,1
-3.256664171,-79.873646,2021,Sudamérica,Ecuador,Ahogamiento,Sin ruta registrada,Venezuela,1
10.51105527,-61.737821,2021,Caribe,Trinidad and Tobago,Ahogamiento,Venezuela al Caribe,Venezuela,10
-19.27489006,-68.64026,2021,Sudamérica,Chile,Enfermedad o falta de atención,Sin ruta registrada,Peru,1
25.57028983,-100.94349,2021,Centroamérica,Mexico,Accidente de transporte,Frontera EE.UU.-México,Desconocido,1
28.80621926,-100.539882,2021,Centroamérica,Mexico,Ahogamiento,Frontera EE.UU.-México,Desconocido,1
32.34638968,-106.816155,2021,Norteamérica,United States of America,Accidente de transporte,Frontera EE.UU.-México,Ecuador,1
28.6958926,-100.50903,2021,Norteamérica,United States of America,Ahogamiento,Frontera EE.UU.-México,Honduras,1
17.47226562,-91.42500125,2021,Centroamérica,Mexico,Violencia,Sin ruta registrada,Guatemala,1
16.57222643,-95.10682307,2021,Centroamérica,Mexico,Accidente de transporte,Sin ruta registrada,Honduras,1
16.75154107,-93.10309024,2021,Centroamérica,Mexico,Mixta o desconocida,Sin ruta registrada,Honduras,1
14.90657249,-92.26359259,2021,Centroamérica,Mexico,Muerte accidental,Sin ruta registrada,Guatemala,1
17.47146346,-91.42477594,2021,Centroamérica,Mexico,Muerte accidental,Sin ruta registrada,Honduras,1
28.6936675,-100.5106763,2021,Centroamérica,Mexico,Ahogamiento,Frontera EE.UU.-México,Desconocido,1
31.87598849,-112.8445121,2021,Centroamérica,Mexico,Mixta o desconocida,Frontera EE.UU.-México,Desconocido,1
28.6936675,-100.5106763,2021,Centroamérica,Mexico,Ahogamiento,Frontera EE.UU.-México,Desconocido,1
29.32063788,-100.9182285,2021,Centroamérica,Mexico,Ahogamiento,Frontera EE.UU.-México,Desconocido,1
14.90657249,-92.26359259,2021,Centroamérica,Mexico,Enfermedad o falta de atención,Sin ruta registrada,Honduras,1
29.3239455,-100.9286333,2021,Centroamérica,Mexico,Mixta o desconocida,Frontera EE.UU.-México,Mexico,1
28.6936675,-100.5106763,2021,Centroamérica,Mexico,Ahogamiento,Frontera EE.UU.-México,Desconocido,1
17.47654794,-91.40864085,2021,Centroamérica,Mexico,Violencia,Sin ruta registrada,Desconocido,2
25.8839311,-97.49782897,2021,Centroamérica,Mexico,Ahogamiento,Frontera EE.UU.-México,Desconocido,1
28.6936675,-100.5106763,2021,Centroamérica,Mexico,Ahogamiento,Frontera EE.UU.-México,Desconocido,1
28.6936675,-100.5106763,2021,Centroamérica,Mexico,Ahogamiento,Frontera EE.UU.-México,Desconocido,1
16.24365608,-92.12384666,2021,Centroamérica,Mexico,Violencia,Sin ruta registrada,Guatemala,3
25.8839311,-97.49782897,2021,Centroamérica,Mexico,Ahogamiento,Frontera EE.UU.-México,Desconocido,1
14.90657249,-92.26359259,2021,Centroamérica,Mexico,Enfermedad o falta de atención,Sin ruta registrada,Haiti,1
17.47146346,-91.42477594,2021,Centroamérica,Mexico,Violencia,Sin ruta registrada,El Salvador,1
28.6936675,-100.5106763,2021,Centroamérica,Mexico,Ahogamiento,Frontera EE.UU.-México,Desconocido,1
16.54858089,-95.10283759,2021,Centroamérica,Mexico,Mixta o desconocida,Sin ruta registrada,Nicaragua,1
14.90657249,-92.26359259,2021,Centroamérica,Mexico,Enfermedad o falta de atención,Sin ruta registrada,Haiti,2
32.56647962,-116.6708237,2021,Centroamérica,Mexico,Condiciones ambientales extremas,Frontera EE.UU.-México,Desconocido,1
16.54858089,-95.10283759,2021,Centroamérica,Mexico,Mixta o desconocida,Sin ruta registrada,Haiti,1
28.69755865,-100.5113841,2021,Centroamérica,Mexico,Ahogamiento,Frontera EE.UU.-México,Desconocido,1
29.34612492,-100.9572459,2021,Centroamérica,Mexico,Ahogamiento,Frontera EE.UU.-México,Desconocido,1
32.55266838,-116.8861104,2021,Centroamérica,Mexico,Condiciones ambientales extremas,Frontera EE.UU.-México,Desconocido,1
16.75154107,-93.10309024,2021,Centroamérica,Mexico,Accidente de transporte,Sin ruta registrada,Honduras,2
16.77257029,-93.10414336,2021,Centroamérica,Mexico,Enfermedad o falta de atención,Sin ruta registrada,Honduras,1
31.74643378,-106.4874159,2021,Centroamérica,Mexico,Enfermedad o falta de atención,Sin ruta registrada,Desconocido,1
28.6936675,-100.5106763,2021,Centroamérica,Mexico,Ahogamiento,Frontera EE.UU.-México,Desconocido,1
28.6936675,-100.5106763,2021,Centroamérica,Mexico,Ahogamiento,Frontera EE.UU.-México,Desconocido,1
32.55613766,-114.78742,2021,Norteamérica,United States of America,Condiciones ambientales extremas,Frontera EE.UU.-México,Nicaragua,1
31.68336334,-111.771129,2021,Norteamérica,United States of America,Mixta o desconocida,Frontera EE.UU.-México,Desconocido,1
32.457526,-111.642319,2021,Norteamérica,United States of America,Mixta o desconocida,Frontera EE.UU.-México,Desconocido,1
31.7892,-112.3544,2021,Norteamérica,United States of America,Mixta o desconocida,Frontera EE.UU.-México,Desconocido,1
31.914255,-111.984646,2021,Norteamérica,United States of America,Mixta o desconocida,Frontera EE.UU.-México,Desconocido,1
31.944159,-111.84184,2021,Norteamérica,United States of America,Mixta o desconocida,Frontera EE.UU.-México,Desconocido,1
30.564167,-104.1625,2021,Norteamérica,United States of America,Mixta o desconocida,Frontera EE.UU.-México,Mexico,1
30.55524,-104.70336,2021,Norteamérica,United States of America,Mixta o desconocida,Frontera EE.UU.-México,Mexico,1
30.50953451,-104.4017249,2021,Norteamérica,United States of America,Mixta o desconocida,Frontera EE.UU.-México,Mexico,1
30.5787,-104.89828,2021,Norteamérica,United States of America,Mixta o desconocida,Frontera EE.UU.-México,Mexico,1
15.27997093,-92.230875,2021,Centroamérica,Mexico,Violencia,Sin ruta registrada,Mexico,1
32.678482,-115.985166,2021,Norteamérica,United States of America,Mixta o desconocida,Frontera EE.UU.-México,Desconocido,1
32.67996,-115.44769,2021,Norteamérica,United States of America,Mixta o desconocida,Frontera EE.UU.-México,Desconocido,1
32.67263,-115.3957,2021,Norteamérica,United States of America,Mixta o desconocida,Frontera EE.UU.-México,Desconocido,1
32.4013,-115.3136,2021,Norteamérica,United States of America,Mixta o desconocida,Frontera EE.UU.-México,Desconocido,1
32.779775,-115.568425,2021,Norteamérica,United States of America,Mixta o desconocida,Frontera EE.UU.-México,Desconocido,1
32.662476,-115.535316,2021,Norteamérica,United States of America,Ahogamiento,Frontera EE.UU.-México,Desconocido,1
32.695868,-115.283277,2021,Norteamérica,United States of America,Mixta o desconocida,Frontera EE.UU.-México,Desconocido,1
32.7326,-114.874283,2021,Norteamérica,United States of America,Ahogamiento,Frontera EE.UU.-México,Desconocido,1
32.67161,-115.52638,2021,Norteamérica,United States of America,Ahogamiento,Frontera EE.UU.-México,Desconocido,1
32.68642,-115.45545,2021,Norteamérica,United States of America,Ahogamiento,Frontera EE.UU.-México,Desconocido,1
32.70554,-115.03065,2021,Norteamérica,United States of America,Ahogamiento,Frontera EE.UU.-México,Desconocido,1
32.670309,-115.428527,2021,Norteamérica,United States of America,Ahogamiento,Frontera EE.UU.-México,Desconocido,1
32.631388,-116.008278,2021,Norteamérica,United States of America,Condiciones ambientales extremas,Frontera EE.UU.-México,Desconocido,1
32.70531,-115.21855,2021,Norteamérica,United States of America,Ahogamiento,Frontera EE.UU.-México,Desconocido,1
32.758691,-114.81577,2021,Norteamérica,United States of America,Muerte accidental,Frontera EE.UU.-México,Desconocido,1
32.75695,-114.81583,2021,Norteamérica,United States of America,Mixta o desconocida,Frontera EE.UU.-México,Desconocido,1
32.78393,-116.11895,2021,Norteamérica,United States of America,Mixta o desconocida,Frontera EE.UU.-México,Desconocido,1
32.718267,-114.888787,2021,Norteamérica,United States of America,Mixta o desconocida,Frontera EE.UU.-México,Desconocido,1
32.6971,-116.08127,2021,Norteamérica,United States of America,Mixta o desconocida,Frontera EE.UU.-México,Desconocido,1
32.779775,-115.568425,2021,Norteamérica,United States of America,Mixta o desconocida,Frontera EE.UU.-México,Desconocido,1
32.1105,-114.93214,2021,Norteamérica,United States of America,Muerte accidental,Frontera EE.UU.-México,Desconocido,1
32.68717,-115.40261,2021,Norteamérica,United States of America,Ahogamiento,Frontera EE.UU.-México,Desconocido,1
32.6755,-115.4651,2021,Norteamérica,United States of America,Condiciones ambientales extremas,Frontera EE.UU.-México,Desconocido,1
32.4288,-114.5397,2021,Norteamérica,United States of America,Mixta o desconocida,Frontera EE.UU.-México,Desconocido,1
32.70527,-115.218677,2021,Norteamérica,United States of America,Ahogamiento,Frontera EE.UU.-México,Desconocido,1
32.755115,-115.218055,2021,Norteamérica,United States of America,Mixta o desconocida,Frontera EE.UU.-México,Desconocido,1
32.70568,-115.01042,2021,Norteamérica,United States of America,Ahogamiento,Frontera EE.UU.-México,Desconocido,1
32.70568,-115.01042,2021,Norteamérica,United States of America,Ahogamiento,Frontera EE.UU.-México,Desconocido,2
32.70568,-115.01042,2021,Norteamérica,United States of America,Ahogamiento,Frontera EE.UU.-México,Desconocido,1
32.69971,-115.28403,2021,Norteamérica,United States of America,Ahogamiento,Frontera EE.UU.-México,Desconocido,1
32.68046,-116.03436,2021,Norteamérica,United States of America,Condiciones ambientales extremas,Frontera EE.UU.-México,Desconocido,1
32.707885,-115.004355,2021,Norteamérica,United States of America,Mixta o desconocida,Frontera EE.UU.-México,Desconocido,1
32.71172,-114.94273,2021,Norteamérica,United States of America,Ahogamiento,Frontera EE.UU.-México,Desconocido,1
32.768691,-114.645175,2021,Norteamérica,United States of America,Condiciones ambientales extremas,Frontera EE.UU.-México,Desconocido,1
32.6865,-115.45549,2021,Norteamérica,United States of America,Ahogamiento,Frontera EE.UU.-México,Desconocido,1
31.916582,-102.229673,2021,Norteamérica,United States of America,Enfermedad o falta de atención,Frontera EE.UU.-México,Guatemala,1
11.23659,-60.595425,2021,Caribe,Trinidad and Tobago,Condiciones ambientales extremas,Ruta atlántica a Canarias,Mali,43
21.514388,-71.043143,2021,Caribe,Turks and Caicos Islands,Condiciones ambientales extremas,Ruta atlántica a Canarias,Desconocido,20
11.999417,-83.739302,2021,Centroamérica,Nicaragua,Condiciones ambientales extremas,Ruta atlántica a Canarias,Guinea,6
-1.9238,-37.045232,2021,Sudamérica,Brazil,Condiciones ambientales extremas,Ruta atlántica a Canarias,Desconocido,3
12.501255,-61.490715,2021,Caribe,Grenada,Condiciones ambientales extremas,Ruta atlántica a Canarias,Desconocido,7
31.557039,-106.271576,2021,Norteamérica,United States of America,Ahogamiento,Frontera EE.UU.-México,Mexico,1
31.5628152,-106.279259,2021,Norteamérica,United States of America,Ahogamiento,Frontera EE.UU.-México,Mexico,1
31.440618,-106.08232,2021,Norteamérica,United States of America,Violencia,Frontera EE.UU.-México,Guatemala,1
31.504752,-106.162186,2021,Norteamérica,United States of America,Ahogamiento,Frontera EE.UU.-México,Guatemala,1
31.437216,-106.149169,2021,Norteamérica,United States of America,Violencia,Frontera EE.UU.-México,Cuba,1
32.20685,-112.9377,2021,Norteamérica,United States of America,Mixta o desconocida,Frontera EE.UU.-México,Desconocido,1
32.122583,-113.238833,2021,Norteamérica,United States of America,Mixta o desconocida,Frontera EE.UU.-México,Desconocido,1
32.06872,-111.44147,2021,Norteamérica,United States of America,Mixta o desconocida,Frontera EE.UU.-México,Desconocido,1
32.31397,-113.252225,2021,Norteamérica,United States of America,Mixta o desconocida,Frontera EE.UU.-México,Desconocido,1
31.80436,-111.81794,2021,Norteamérica,United States of America,Condiciones ambientales extremas,Frontera EE.UU.-México,Desconocido,1
31.79826,-111.81471,2021,Norteamérica,United States of America,Mixta o desconocida,Frontera EE.UU.-México,Desconocido,1
31.456738,-110.380205,2021,Norteamérica,United States of America,Mixta o desconocida,Frontera EE.UU.-México,Mexico,1
32.64411,-112.20444,2021,Norteamérica,United States of America,Condiciones ambientales extremas,Frontera EE.UU.-México,Desconocido,1
32.83042,-113.09374,2021,Norteamérica,United States of America,Mixta o desconocida,Frontera EE.UU.-México,Desconocido,1
32.70415,-112.2041,2021,Norteamérica,United States of America,Mixta o desconocida,Frontera EE.UU.-México,Desconocido,1
32.7586,-112.39055,2021,Norteamérica,United States of America,Mixta o desconocida,Frontera EE.UU.-México,Desconocido,1
32.833267,-112.651033,2021,Norteamérica,United States of America,Mixta o desconocida,Frontera EE.UU.-México,Desconocido,1
32.924662,-112.82253,2021,Norteamérica,United States of America,Ahogamiento,Frontera EE.UU.-México,Desconocido,1
32.948507,-112.890648,2021,Norteamérica,United States of America,Ahogamiento,Frontera EE.UU.-México,Desconocido,1
32.924662,-112.82233,2021,Norteamérica,United States of America,Ahogamiento,Frontera EE.UU.-México,Desconocido,1
32.790879,-113.012269,2021,Norteamérica,United States of America,Mixta o desconocida,Frontera EE.UU.-México,Desconocido,1
32.791079,-113.012269,2021,Norteamérica,United States of America,Mixta o desconocida,Frontera EE.UU.-México,Desconocido,1
32.790833,-112.305556,2021,Norteamérica,United States of America,Condiciones ambientales extremas,Frontera EE.UU.-México,Desconocido,1
31.7837,-107.126,2021,Norteamérica,United States of America,Muerte accidental,Frontera EE.UU.-México,Mexico,1
31.7898,-106.672,2021,Norteamérica,United States of America,Enfermedad o falta de atención,Frontera EE.UU.-México,Cuba,1
31.9662,-108.328,2021,Norteamérica,United States of America,Condiciones ambientales extremas,Frontera EE.UU.-México,Mexico,1
31.7837,-107.058,2021,Norteamérica,United States of America,Muerte accidental,Frontera EE.UU.-México,Ecuador,1
31.7841,-106.567,2021,Norteamérica,United States of America,Mixta o desconocida,Frontera EE.UU.-México,Ecuador,1
31.8541,-108.588,2021,Norteamérica,United States of America,Mixta o desconocida,Frontera EE.UU.-México,Mexico,1
32.5355,-106.99,2021,Norteamérica,United States of America,Mixta o desconocida,Frontera EE.UU.-México,Ecuador,1
32.0767,-108.524,2021,Norteamérica,United States of America,Mixta o desconocida,Frontera EE.UU.-México,Mexico,1
31.7962,-106.594,2021,Norteamérica,United States of America,Mixta o desconocida,Frontera EE.UU.-México,Ecuador,1
31.78474903,-107.8160871,2021,Norteamérica,United States of America,Muerte accidental,Frontera EE.UU.-México,Mexico,1
32.1052,-107.022,2021,Norteamérica,United States of America,Condiciones ambientales extremas,Frontera EE.UU.-México,Ecuador,1
31.84249097,-106.7508279,2021,Norteamérica,United States of America,Condiciones ambientales extremas,Frontera EE.UU.-México,Mexico,1
31.8432,-108.227,2021,Norteamérica,United States of America,Condiciones ambientales extremas,Frontera EE.UU.-México,Mexico,1
31.4045116,-109.01386,2021,Norteamérica,United States of America,Mixta o desconocida,Frontera EE.UU.-México,Desconocido,1
31.79247061,-106.5673541,2021,Norteamérica,United States of America,Enfermedad o falta de atención,Frontera EE.UU.-México,Guatemala,1
31.7978,-106.6116,2021,Norteamérica,United States of America,Mixta o desconocida,Frontera EE.UU.-México,Desconocido,1
31.8695,-108.183,2021,Norteamérica,United States of America,Condiciones ambientales extremas,Frontera EE.UU.-México,Desconocido,1
33.39819559,-106.0714326,2021,Norteamérica,United States of America,Condiciones ambientales extremas,Frontera EE.UU.-México,Ecuador,1
31.97499,-107.84449,2021,Norteamérica,United States of America,Muerte accidental,Frontera EE.UU.-México,Mexico,1
31.9003,-107.739,2021,Norteamérica,United States of America,Mixta o desconocida,Frontera EE.UU.-México,Desconocido,1
32.43273918,-106.8314276,2021,Norteamérica,United States of America,Condiciones ambientales extremas,Frontera EE.UU.-México,Ecuador,1
31.79966,-107.20917,2021,Norteamérica,United States of America,Mixta o desconocida,Frontera EE.UU.-México,Mexico,1
31.843635,-107.638376,2021,Norteamérica,United States of America,Mixta o desconocida,Frontera EE.UU.-México,Guatemala,1
32.65431,-107.09656,2021,Norteamérica,United States of America,Condiciones ambientales extremas,Frontera EE.UU.-México,Ecuador,1
31.797018,-106.579703,2021,Norteamérica,United States of America,Mixta o desconocida,Frontera EE.UU.-México,Mexico,1
31.8728533,-108.13586,2021,Norteamérica,United States of America,Condiciones ambientales extremas,Frontera EE.UU.-México,Desconocido,1
32.2061331,-107.85911,2021,Norteamérica,United States of America,Mixta o desconocida,Frontera EE.UU.-México,Desconocido,1
31.78393,-106.5659,2021,Norteamérica,United States of America,Muerte accidental,Frontera EE.UU.-México,Mexico,1
32.0620137,-106.286233,2021,Norteamérica,United States of America,Enfermedad o falta de atención,Frontera EE.UU.-México,Mexico,1
32.547017,-116.98241,2021,Norteamérica,United States of America,Muerte accidental,Frontera EE.UU.-México,Mexico,1
32.861158,-116.422399,2021,Norteamérica,United States of America,Mixta o desconocida,Frontera EE.UU.-México,Mexico,1
32.541306,-117.048904,2021,Norteamérica,United States of America,Muerte accidental,Frontera EE.UU.-México,Mexico,1
32.605073,-116.93004,2021,Norteamérica,United States of America,Condiciones ambientales extremas,Frontera EE.UU.-México,Mexico,1
32.537255,-117.093169,2021,Norteamérica,United States of America,Muerte accidental,Frontera EE.UU.-México,Mexico,1
32.86257,-117.257474,2021,Norteamérica,United States of America,Mixta o desconocida,Frontera EE.UU.-México,Mexico,1
33.086245,-117.312708,2021,Norteamérica,United States of America,Enfermedad o falta de atención,Frontera EE.UU.-México,Mexico,1
32.637641,-116.855516,2021,Norteamérica,United States of America,Enfermedad o falta de atención,Frontera EE.UU.-México,Mexico,1
32.639907,-116.931818,2021,Norteamérica,United States of America,Condiciones ambientales extremas,Frontera EE.UU.-México,Desconocido,1
32.619185,-117.022998,2021,Norteamérica,United States of America,Muerte accidental,Frontera EE.UU.-México,Mexico,1
32.637375,-116.765877,2021,Norteamérica,United States of America,Condiciones ambientales extremas,Frontera EE.UU.-México,Mexico,1
32.647309,-116.788723,2021,Norteamérica,United States of America,Enfermedad o falta de atención,Frontera EE.UU.-México,Mexico,1
32.753519,-117.1676642,2021,Norteamérica,United States of America,Muerte accidental,Frontera EE.UU.-México,Mexico,1
32.538837,-117.081104,2021,Norteamérica,United States of America,Muerte accidental,Frontera EE.UU.-México,Mexico,1
32.754661,-117.16653,2021,Norteamérica,United States of America,Condiciones ambientales extremas,Frontera EE.UU.-México,Mexico,1
32.5442005,-117.0708668,2021,Norteamérica,United States of America,Ahogamiento,Frontera EE.UU.-México,Desconocido,1
32.5436599,-117.0321815,2021,Norteamérica,United States of America,Condiciones ambientales extremas,Frontera EE.UU.-México,Mexico,1
32.553391,-116.910581,2021,Norteamérica,United States of America,Condiciones ambientales extremas,Frontera EE.UU.-México,Mexico,1
32.563244,-116.795723,2021,Norteamérica,United States of America,Condiciones ambientales extremas,Frontera EE.UU.-México,Mexico,1
32.6157,-116.189601,2021,Norteamérica,United States of America,Condiciones ambientales extremas,Frontera EE.UU.-México,Mexico,1
32.754439,-117.166223,2021,Norteamérica,United States of America,Muerte accidental,Frontera EE.UU.-México,Mexico,1
32.780527,-117.007518,2021,Norteamérica,United States of America,Muerte accidental,Frontera EE.UU.-México,Mexico,1
32.617864,-116.887275,2021,Norteamérica,United States of America,Condiciones ambientales extremas,Frontera EE.UU.-México,Desconocido,1
32.630158,-116.870685,2021,Norteamérica,United States of America,Mixta o desconocida,Frontera EE.UU.-México,Mexico,1
32.642496,-116.763227,2021,Norteamérica,United States of America,Mixta o desconocida,Frontera EE.UU.-México,Mexico,1
32.7550369,-117.1674576,2021,Norteamérica,United States of America,Muerte accidental,Frontera EE.UU.-México,Mexico,1
33.186659,-117.387305,2021,Norteamérica,United States of America,Ahogamiento,Frontera EE.UU.-México,Mexico,1
32.536517,-117.107899,2021,Norteamérica,United States of America,Muerte accidental,Frontera EE.UU.-México,Mexico,1
32.7551759,-117.1664026,2021,Norteamérica,United States of America,Muerte accidental,Frontera EE.UU.-México,Mexico,1
32.7551759,-117.1664026,2021,Norteamérica,United States of America,Muerte accidental,Frontera EE.UU.-México,Desconocido,1
32.631213,-116.78452,2021,Norteamérica,United States of America,Mixta o desconocida,Frontera EE.UU.-México,Mexico,1
32.608718,-116.830725,2021,Norteamérica,United States of America,Condiciones ambientales extremas,Frontera EE.UU.-México,Mexico,1
32.6104925,-116.8406523,2021,Norteamérica,United States of America,Condiciones ambientales extremas,Frontera EE.UU.-México,Mexico,1
32.75307,-114.59015,2021,Norteamérica,United States of America,Mixta o desconocida,Frontera EE.UU.-México,Desconocido,1
32.734727,-114.640005,2021,Norteamérica,United States of America,Accidente de transporte,Frontera EE.UU.-México,Desconocido,1
31.69968,-115.23939,2021,Norteamérica,United States of America,Mixta o desconocida,Frontera EE.UU.-México,Desconocido,1
32.539012,-117.033951,2022,Centroamérica,Mexico,Violencia,Frontera EE.UU.-México,Haiti,1
32.539261,-117.039462,2022,Centroamérica,Mexico,Enfermedad o falta de atención,Frontera EE.UU.-México,Haiti,1
29.309012,-100.900943,2022,Centroamérica,Mexico,Ahogamiento,Frontera EE.UU.-México,Desconocido,1
32.550487,-116.938188,2022,Norteamérica,United States of America,Enfermedad o falta de atención,Frontera EE.UU.-México,Mexico,1
29.34628,-100.947699,2022,Centroamérica,Mexico,Ahogamiento,Frontera EE.UU.-México,Venezuela,1
28.673932,-100.464441,2022,Norteamérica,United States of America,Ahogamiento,Frontera EE.UU.-México,Desconocido,1
-26.940291,-55.236077,2022,Sudamérica,Paraguay,Violencia,Sin ruta registrada,Paraguay,1
-19.274472,-68.634263,2022,Sudamérica,Chile,Mixta o desconocida,Sin ruta registrada,Peru,1
29.337732,-100.94183,2022,Centroamérica,Mexico,Ahogamiento,Frontera EE.UU.-México,Venezuela,1
25.466844,-100.991476,2022,Centroamérica,Mexico,Accidente de transporte,Frontera EE.UU.-México,Desconocido,1
48.999406,-97.246791,2022,Norteamérica,Canada,Condiciones ambientales extremas,Sin ruta registrada,India,4
27.472933,-80.281166,2022,Caribe,United States of America,Ahogamiento,Caribe hacia EE.UU.,Colombia,39
8.366314,-72.406622,2022,Sudamérica,Colombia,Violencia,Sin ruta registrada,Venezuela,1
-19.280052,-68.634845,2022,Sudamérica,Chile,Condiciones ambientales extremas,Sin ruta registrada,Venezuela,1
14.95594,-89.541226,2022,Centroamérica,Guatemala,Accidente de transporte,Sin ruta registrada,Cuba,2
18.638785,-67.085676,2022,Caribe,Puerto Rico,Ahogamiento,Rep. Dominicana a Puerto Rico,Desconocido,15
9.984321,-61.603575,2022,Caribe,Trinidad and Tobago,Violencia,Venezuela al Caribe,Venezuela,1
-35.85305,-71.183332,2022,Sudamérica,Chile,Ahogamiento,Sin ruta registrada,Venezuela,1
31.764605,-106.448747,2022,Norteamérica,United States of America,Accidente de transporte,Frontera EE.UU.-México,Honduras,1
29.233249,-99.788767,2022,Norteamérica,United States of America,Accidente de transporte,Frontera EE.UU.-México,Mexico,1
27.025788,-98.167336,2022,Norteamérica,United States of America,Mixta o desconocida,Frontera EE.UU.-México,Desconocido,8
-16.564813,-69.03786,2022,Sudamérica,Peru,Condiciones ambientales extremas,Sin ruta registrada,Venezuela,1
11.221869,-85.609742,2022,Centroamérica,Nicaragua,Ahogamiento,Sin ruta registrada,Venezuela,1
28.75466,-100.502084,2022,Norteamérica,United States of America,Condiciones ambientales extremas,Frontera EE.UU.-México,Desconocido,1
29.330415,-100.934829,2022,Centroamérica,Mexico,Ahogamiento,Frontera EE.UU.-México,Honduras,1
1.064398,-77.428354,2022,Sudamérica,Colombia,Accidente de transporte,Sin ruta registrada,Venezuela,6
18.070449,-69.003325,2022,Caribe,Haiti,Ahogamiento,Haití a Rep. Dominicana,Haiti,2
18.191318,-68.780365,2022,Caribe,Dominican Republic,Ahogamiento,Rep. Dominicana a Puerto Rico,Rep. Dominicana,1
7.885807,-72.520631,2022,Sudamérica,Colombia,Violencia,Sin ruta registrada,Venezuela,1
-19.278686,-68.627236,2022,Sudamérica,Chile,Condiciones ambientales extremas,Sin ruta registrada,Colombia,1
8.579566,-60.993585,2022,Sudamérica,Venezuela (Bolivarian Republic of),Ahogamiento,Sin ruta registrada,Venezuela,8
0.81869,-77.657566,2022,Sudamérica,Colombia,Accidente de transporte,Sin ruta registrada,Venezuela,2
32.682317,-114.63488,2022,Norteamérica,United States of America,Enfermedad o falta de atención,Frontera EE.UU.-México,Haiti,1
31.76085,-106.510185,2022,Centroamérica,Mexico,Ahogamiento,Frontera EE.UU.-México,Desconocido,1
18.439976,-96.354449,2022,Centroamérica,Mexico,Violencia,Sin ruta registrada,Desconocido,1
8.666635,-77.419636,2022,Centroamérica,Panama,Mixta o desconocida,Tapón del Darién,Venezuela,1
19.402831,-71.128001,2022,Caribe,Dominican Republic,Ahogamiento,Haití a Rep. Dominicana,Haiti,4
18.371028,-69.018685,2022,Caribe,Dominican Republic,Ahogamiento,Rep. Dominicana a Puerto Rico,Haiti,2
-33.43019,-70.6605,2022,Sudamérica,Chile,Violencia,Sin ruta registrada,Venezuela,1
11.161548,-72.594114,2022,Sudamérica,Colombia,Violencia,Sin ruta registrada,Venezuela,1
27.478843,-99.480674,2022,Centroamérica,Mexico,Ahogamiento,Frontera EE.UU.-México,Desconocido,1
27.478843,-99.480674,2022,Centroamérica,Mexico,Ahogamiento,Frontera EE.UU.-México,Desconocido,1
27.418028,-99.490232,2022,Centroamérica,Mexico,Ahogamiento,Frontera EE.UU.-México,Desconocido,1
28.71225,-100.508992,2022,Centroamérica,Mexico,Ahogamiento,Frontera EE.UU.-México,Desconocido,1
17.65423,-92.442101,2022,Centroamérica,Mexico,Accidente de transporte,Sin ruta registrada,Honduras,1
32.675118,-115.377716,2022,Norteamérica,United States of America,Ahogamiento,Frontera EE.UU.-México,Mexico,1
28.70899,-100.509879,2022,Norteamérica,United States of America,Ahogamiento,Frontera EE.UU.-México,Nicaragua,1
32.664743,-115.500226,2022,Norteamérica,United States of America,Muerte accidental,Frontera EE.UU.-México,Colombia,1
22.709552,-78.325303,2022,Caribe,Cuba,Accidente de transporte,Caribe hacia EE.UU.,Cuba,1
27.26168,-98.442512,2022,Norteamérica,United States of America,Condiciones ambientales extremas,Frontera EE.UU.-México,Desconocido,1
26.920929,-101.474543,2022,Centroamérica,Mexico,Enfermedad o falta de atención,Sin ruta registrada,Nicaragua,2
28.709437,-100.508218,2022,Norteamérica,United States of America,Ahogamiento,Frontera EE.UU.-México,Nicaragua,1
28.822907,-100.612814,2022,Centroamérica,Mexico,Violencia,Frontera EE.UU.-México,Mexico,1
28.680707,-100.507645,2022,Centroamérica,Mexico,Ahogamiento,Frontera EE.UU.-México,Desconocido,1
18.087756,-67.210148,2022,Caribe,Puerto Rico,Condiciones ambientales extremas,Rep. Dominicana a Puerto Rico,Haiti,9
8.638139,-77.44195,2022,Centroamérica,Panama,Ahogamiento,Tapón del Darién,Desconocido,4
31.97766,-110.99021,2022,Norteamérica,United States of America,Accidente de transporte,Frontera EE.UU.-México,Desconocido,1
29.309684,-100.900577,2022,Centroamérica,Mexico,Ahogamiento,Frontera EE.UU.-México,Uruguay,2
26.115667,-98.315856,2022,Centroamérica,Mexico,Ahogamiento,Frontera EE.UU.-México,Mexico,1
7.81766,-72.451684,2022,Sudamérica,Colombia,Violencia,Sin ruta registrada,Venezuela,1
25.888643,-97.497509,2022,Centroamérica,Mexico,Ahogamiento,Frontera EE.UU.-México,Mexico,1
18.005291,-94.61721,2022,Centroamérica,Mexico,Accidente de transporte,Sin ruta registrada,Cuba,3
28.697239,-100.51094,2022,Centroamérica,Mexico,Ahogamiento,Frontera EE.UU.-México,Nicaragua,1
28.697236,-100.510897,2022,Centroamérica,Mexico,Ahogamiento,Frontera EE.UU.-México,Honduras,1
8.534415,-82.839308,2022,Centroamérica,Costa Rica,Enfermedad o falta de atención,Sin ruta registrada,Venezuela,1
28.696149,-100.511201,2022,Centroamérica,Mexico,Ahogamiento,Frontera EE.UU.-México,Nicaragua,1
28.666888,-99.894439,2022,Norteamérica,United States of America,Condiciones ambientales extremas,Frontera EE.UU.-México,Mexico,1
28.696966,-100.398193,2022,Norteamérica,United States of America,Condiciones ambientales extremas,Frontera EE.UU.-México,Honduras,1
28.680626,-100.569153,2022,Centroamérica,Mexico,Ahogamiento,Frontera EE.UU.-México,Desconocido,1
28.697239,-100.51094,2022,Centroamérica,Mexico,Ahogamiento,Frontera EE.UU.-México,Nicaragua,1
32.534316,-117.124331,2022,Centroamérica,Mexico,Ahogamiento,Frontera EE.UU.-México,Desconocido,1
25.897587,-97.497236,2022,Centroamérica,Mexico,Ahogamiento,Frontera EE.UU.-México,Mexico,1
6.267085,-75.599333,2022,Sudamérica,Colombia,Violencia,Sin ruta registrada,Venezuela,3
10.449829,-73.259412,2022,Sudamérica,Colombia,Violencia,Sin ruta registrada,Colombia,1
-19.275494,-68.634203,2022,Sudamérica,Chile,Enfermedad o falta de atención,Sin ruta registrada,Venezuela,1
-19.275494,-68.634203,2022,Sudamérica,Chile,Enfermedad o falta de atención,Sin ruta registrada,Bolivia,1
24.195951,-81.694216,2022,Caribe,Cuba,Ahogamiento,Caribe hacia EE.UU.,Cuba,2
31.772528,-106.515439,2022,Norteamérica,United States of America,Muerte accidental,Frontera EE.UU.-México,Honduras,1
28.719484,-99.95654,2022,Norteamérica,United States of America,Condiciones ambientales extremas,Frontera EE.UU.-México,Mexico,1
31.432847,-106.146779,2022,Norteamérica,United States of America,Muerte accidental,Frontera EE.UU.-México,Guatemala,1
28.705051,-100.512282,2022,Centroamérica,Mexico,Ahogamiento,Frontera EE.UU.-México,Cuba,1
18.446666,-69.319386,2022,Caribe,Dominican Republic,Ahogamiento,Rep. Dominicana a Puerto Rico,Cuba,1
29.325995,-100.928147,2022,Centroamérica,Mexico,Ahogamiento,Frontera EE.UU.-México,Desconocido,1
31.387769,-109.370043,2022,Norteamérica,United States of America,Violencia,Frontera EE.UU.-México,Mexico,1
24.624971,-81.543251,2022,Norteamérica,United States of America,Ahogamiento,Caribe hacia EE.UU.,Cuba,1
28.696743,-100.511164,2022,Centroamérica,Mexico,Ahogamiento,Frontera EE.UU.-México,Nicaragua,1
32.747271,-117.255436,2022,Norteamérica,United States of America,Ahogamiento,Frontera EE.UU.-México,Mexico,2
16.323703,-95.226656,2022,Centroamérica,Mexico,Mixta o desconocida,Sin ruta registrada,Nicaragua,1
18.411387,-68.969049,2022,Caribe,Dominican Republic,Ahogamiento,Rep. Dominicana a Puerto Rico,Rep. Dominicana,4
15.207106,-89.25105,2022,Centroamérica,Guatemala,Accidente de transporte,Sin ruta registrada,Ecuador,3
29.304465,-100.886197,2022,Centroamérica,Mexico,Ahogamiento,Frontera EE.UU.-México,Desconocido,1
18.862041,-98.432618,2022,Centroamérica,Mexico,Violencia,Sin ruta registrada,Desconocido,1
31.338277,-109.362154,2022,Norteamérica,United States of America,Muerte accidental,Frontera EE.UU.-México,Mexico,1
31.565127,-106.279466,2022,Norteamérica,United States of America,Muerte accidental,Frontera EE.UU.-México,Mexico,1
19.224703,-69.615457,2022,Caribe,Dominican Republic,Ahogamiento,Rep. Dominicana a Puerto Rico,Rep. Dominicana,27
21.569541,-88.233528,2022,Centroamérica,Mexico,Ahogamiento,Sin ruta registrada,Cuba,2
28.70922,-100.509525,2022,Norteamérica,United States of America,Ahogamiento,Frontera EE.UU.-México,Guatemala,1
28.697425,-100.511105,2022,Centroamérica,Mexico,Ahogamiento,Frontera EE.UU.-México,Desconocido,1
32.534271,-117.123732,2022,Centroamérica,Mexico,Ahogamiento,Frontera EE.UU.-México,Cuba,1
28.70922,-100.509525,2022,Norteamérica,United States of America,Ahogamiento,Frontera EE.UU.-México,Rep. Dominicana,2
29.304465,-100.886197,2022,Centroamérica,Mexico,Ahogamiento,Frontera EE.UU.-México,Desconocido,1
26.09736,-98.221172,2022,Norteamérica,United States of America,Ahogamiento,Frontera EE.UU.-México,Mexico,1
28.39042,-100.348481,2022,Centroamérica,Mexico,Condiciones ambientales extremas,Frontera EE.UU.-México,Mexico,1
28.716844,-100.506293,2022,Norteamérica,United States of America,Ahogamiento,Frontera EE.UU.-México,Desconocido,1
26.37911,-98.956948,2022,Centroamérica,Mexico,Ahogamiento,Frontera EE.UU.-México,Desconocido,1
28.728982,-100.508742,2022,Centroamérica,Mexico,Ahogamiento,Frontera EE.UU.-México,Desconocido,1
28.458491,-100.356687,2022,Centroamérica,Mexico,Ahogamiento,Frontera EE.UU.-México,Desconocido,1
28.679859,-100.507396,2022,Centroamérica,Mexico,Ahogamiento,Frontera EE.UU.-México,Desconocido,1
30.050418,-111.101059,2022,Centroamérica,Mexico,Accidente de transporte,Frontera EE.UU.-México,Guatemala,6
18.865671,-96.853133,2022,Centroamérica,Mexico,Accidente de transporte,Sin ruta registrada,Nicaragua,3
32.705651,-111.482704,2022,Norteamérica,United States of America,Accidente de transporte,Frontera EE.UU.-México,Desconocido,3
28.696149,-100.511201,2022,Centroamérica,Mexico,Ahogamiento,Frontera EE.UU.-México,Desconocido,1
27.820413,-101.153265,2022,Centroamérica,Mexico,Accidente de transporte,Sin ruta registrada,Desconocido,1
-20.208114,-70.150673,2022,Sudamérica,Chile,Enfermedad o falta de atención,Sin ruta registrada,Venezuela,1
28.798155,-100.533683,2022,Centroamérica,Mexico,Ahogamiento,Frontera EE.UU.-México,Desconocido,1
23.092579,-82.485485,2022,Caribe,Cuba,Ahogamiento,Caribe hacia EE.UU.,Cuba,2
23.050076,-82.567483,2022,Caribe,Cuba,Ahogamiento,Caribe hacia EE.UU.,Cuba,6
28.705051,-100.512282,2022,Centroamérica,Mexico,Ahogamiento,Frontera EE.UU.-México,Cuba,1
20.21211,-99.616692,2022,Centroamérica,Mexico,Accidente de transporte,Sin ruta registrada,Desconocido,1
0.837752,-77.621585,2022,Sudamérica,Colombia,Violencia,Sin ruta registrada,Venezuela,1
28.697425,-100.511105,2022,Centroamérica,Mexico,Ahogamiento,Frontera EE.UU.-México,Colombia,1
29.335059,-100.940823,2022,Centroamérica,Mexico,Ahogamiento,Frontera EE.UU.-México,Angola,2
29.33473,-100.941458,2022,Centroamérica,Mexico,Ahogamiento,Frontera EE.UU.-México,Desconocido,1
32.549319,-116.949469,2022,Norteamérica,United States of America,Muerte accidental,Frontera EE.UU.-México,Desconocido,1
26.62945,-98.112514,2022,Norteamérica,United States of America,Accidente de transporte,Frontera EE.UU.-México,Honduras,1
20.48327,-97.466227,2022,Centroamérica,Mexico,Violencia,Sin ruta registrada,Guatemala,1
26.691932,-101.382989,2022,Centroamérica,Mexico,Accidente de transporte,Frontera EE.UU.-México,Nicaragua,2
28.697493,-100.511041,2022,Centroamérica,Mexico,Ahogamiento,Frontera EE.UU.-México,Desconocido,1
28.705051,-100.512282,2022,Centroamérica,Mexico,Ahogamiento,Frontera EE.UU.-México,Nicaragua,1
28.514207,-99.895202,2022,Norteamérica,United States of America,Condiciones ambientales extremas,Frontera EE.UU.-México,Mexico,1
29.304465,-100.886197,2022,Centroamérica,Mexico,Ahogamiento,Frontera EE.UU.-México,Desconocido,1
32.549297,-116.949452,2022,Norteamérica,United States of America,Muerte accidental,Frontera EE.UU.-México,Mexico,1
29.327532,-100.925156,2022,Norteamérica,United States of America,Ahogamiento,Frontera EE.UU.-México,Desconocido,1
20.377684,-101.728838,2022,Centroamérica,Mexico,Muerte accidental,Sin ruta registrada,Desconocido,1
28.70098,-100.51163,2022,Centroamérica,Mexico,Ahogamiento,Frontera EE.UU.-México,Cuba,1
27.596355,-99.537302,2022,Centroamérica,Mexico,Ahogamiento,Frontera EE.UU.-México,Desconocido,1
18.087381,-67.894096,2022,Caribe,Puerto Rico,Ahogamiento,Rep. Dominicana a Puerto Rico,Rep. Dominicana,1
28.606702,-100.432716,2022,Norteamérica,United States of America,Ahogamiento,Frontera EE.UU.-México,Honduras,1
29.189013,-99.822538,2022,Norteamérica,United States of America,Condiciones ambientales extremas,Frontera EE.UU.-México,Desconocido,1
16.81283,-92.806562,2022,Centroamérica,Mexico,Accidente de transporte,Sin ruta registrada,Desconocido,4
-18.303838,-70.313275,2022,Sudamérica,Peru,Violencia,Sin ruta registrada,Venezuela,2
18.384825,-67.472731,2022,Caribe,Puerto Rico,Ahogamiento,Rep. Dominicana a Puerto Rico,Haiti,11
28.69879,-100.51005,2022,Norteamérica,United States of America,Ahogamiento,Frontera EE.UU.-México,Venezuela,2
28.703538,-100.512026,2022,Centroamérica,Mexico,Ahogamiento,Frontera EE.UU.-México,Peru,1
-19.402291,-68.428256,2022,Sudamérica,Chile,Condiciones ambientales extremas,Sin ruta registrada,Venezuela,1
28.696046,-100.513926,2022,Centroamérica,Mexico,Accidente de transporte,Frontera EE.UU.-México,Honduras,5
28.702947,-100.499194,2022,Centroamérica,United States of America,Condiciones ambientales extremas,Frontera EE.UU.-México,Mexico,1
29.318591,-100.91665,2022,Centroamérica,Mexico,Ahogamiento,Frontera EE.UU.-México,Desconocido,1
28.674289,-100.505241,2022,Centroamérica,Mexico,Ahogamiento,Frontera EE.UU.-México,Desconocido,1
14.961509,-92.146592,2022,Centroamérica,Guatemala,Ahogamiento,Sin ruta registrada,El Salvador,2
28.678149,-100.505022,2022,Norteamérica,United States of America,Ahogamiento,Frontera EE.UU.-México,Desconocido,1
16.782994,-92.694434,2022,Centroamérica,Mexico,Accidente de transporte,Sin ruta registrada,Desconocido,4
18.17068,-94.132811,2022,Centroamérica,Mexico,Ahogamiento,Sin ruta registrada,Honduras,7
28.729401,-100.508269,2022,Centroamérica,Mexico,Ahogamiento,Frontera EE.UU.-México,Desconocido,1
22.270269,-101.129386,2022,Centroamérica,Mexico,Accidente de transporte,Sin ruta registrada,Desconocido,6
28.694393,-100.510954,2022,Centroamérica,Mexico,Ahogamiento,Frontera EE.UU.-México,Nicaragua,2
28.694393,-100.510954,2022,Centroamérica,Mexico,Ahogamiento,Frontera EE.UU.-México,Desconocido,4
28.694946,-100.510988,2022,Centroamérica,Mexico,Ahogamiento,Frontera EE.UU.-México,Mexico,1
26.099483,-98.281114,2022,Centroamérica,Mexico,Ahogamiento,Frontera EE.UU.-México,Honduras,1
28.705051,-100.512282,2022,Centroamérica,Mexico,Ahogamiento,Frontera EE.UU.-México,Nicaragua,3
28.458491,-100.356687,2022,Centroamérica,Mexico,Ahogamiento,Frontera EE.UU.-México,Nicaragua,1
28.694642,-100.510945,2022,Centroamérica,Mexico,Ahogamiento,Frontera EE.UU.-México,Nicaragua,1
32.242073,-112.916884,2022,Norteamérica,United States of America,Condiciones ambientales extremas,Frontera EE.UU.-México,Mexico,1
29.331965,-100.94015,2022,Centroamérica,Mexico,Ahogamiento,Frontera EE.UU.-México,Cuba,1
32.545058,-117.122474,2022,Norteamérica,United States of America,Ahogamiento,Frontera EE.UU.-México,Desconocido,1
31.339263,-109.558898,2022,Norteamérica,United States of America,Violencia,Frontera EE.UU.-México,Mexico,1
28.68128,-100.507709,2022,Centroamérica,Mexico,Ahogamiento,Frontera EE.UU.-México,Desconocido,1
-20.248666,-70.106344,2022,Sudamérica,Chile,Muerte accidental,Sin ruta registrada,Ecuador,8
14.07381,-85.999925,2022,Centroamérica,Honduras,Enfermedad o falta de atención,Sin ruta registrada,Haiti,1
14.870654,-92.287888,2022,Centroamérica,Mexico,Violencia,Sin ruta registrada,Cuba,1
28.661774,-100.540641,2022,Centroamérica,Mexico,Condiciones ambientales extremas,Frontera EE.UU.-México,Desconocido,1
31.496211,-110.375629,2022,Norteamérica,United States of America,Condiciones ambientales extremas,Frontera EE.UU.-México,Mexico,1
28.323079,-99.273316,2022,Norteamérica,United States of America,Accidente de transporte,Frontera EE.UU.-México,Mexico,1
13.861395,-86.55353,2022,Centroamérica,Honduras,Enfermedad o falta de atención,Sin ruta registrada,Cuba,1
29.481366,-102.09038,2022,Centroamérica,Mexico,Condiciones ambientales extremas,Frontera EE.UU.-México,Mexico,1
18.499308,-67.999657,2022,Caribe,Dominican Republic,Ahogamiento,Rep. Dominicana a Puerto Rico,Haiti,7
31.6293,-111.70682,2022,Norteamérica,United States of America,Mixta o desconocida,Frontera EE.UU.-México,Guatemala,1
31.797837,-111.994462,2022,Norteamérica,United States of America,Mixta o desconocida,Frontera EE.UU.-México,Desconocido,1
31.898564,-111.779072,2022,Norteamérica,United States of America,Mixta o desconocida,Frontera EE.UU.-México,Desconocido,1
32.461864,-113.1821,2022,Norteamérica,United States of America,Mixta o desconocida,Frontera EE.UU.-México,Mexico,1
32.271,-113.1111,2022,Norteamérica,United States of America,Mixta o desconocida,Frontera EE.UU.-México,Honduras,1
31.96315,-111.74367,2022,Norteamérica,United States of America,Mixta o desconocida,Frontera EE.UU.-México,Desconocido,1
31.688056,-109.104722,2022,Norteamérica,United States of America,Mixta o desconocida,Frontera EE.UU.-México,Desconocido,1
32.4065,-111.58485,2022,Norteamérica,United States of America,Mixta o desconocida,Frontera EE.UU.-México,Guatemala,1
32.40628,-111.58488,2022,Norteamérica,United States of America,Mixta o desconocida,Frontera EE.UU.-México,Desconocido,1
31.949533,-112.42105,2022,Norteamérica,United States of America,Mixta o desconocida,Frontera EE.UU.-México,Mexico,1
31.58798,-110.83286,2022,Norteamérica,United States of America,Mixta o desconocida,Frontera EE.UU.-México,Guatemala,1
31.85889,-112.66678,2022,Norteamérica,United States of America,Mixta o desconocida,Frontera EE.UU.-México,Desconocido,1
31.515126,-110.996554,2022,Norteamérica,United States of America,Violencia,Frontera EE.UU.-México,Guatemala,1
32.324,-112.476,2022,Norteamérica,United States of America,Mixta o desconocida,Frontera EE.UU.-México,Desconocido,1
31.886042,-111.749883,2022,Norteamérica,United States of America,Mixta o desconocida,Frontera EE.UU.-México,Guatemala,1
31.80825,-109.25396,2022,Norteamérica,United States of America,Condiciones ambientales extremas,Frontera EE.UU.-México,Mexico,1
32.19593,-112.71383,2022,Norteamérica,United States of America,Mixta o desconocida,Frontera EE.UU.-México,Desconocido,1
32.091183,-112.96065,2022,Norteamérica,United States of America,Mixta o desconocida,Frontera EE.UU.-México,Desconocido,1
31.788611,-111.835278,2022,Norteamérica,United States of America,Mixta o desconocida,Frontera EE.UU.-México,Desconocido,1
31.647921,-110.981998,2022,Norteamérica,United States of America,Mixta o desconocida,Frontera EE.UU.-México,Mexico,1
31.641436,-110.958247,2022,Norteamérica,United States of America,Mixta o desconocida,Frontera EE.UU.-México,Mexico,1
32.19954,-113.02175,2022,Norteamérica,United States of America,Mixta o desconocida,Frontera EE.UU.-México,Desconocido,1
32.116455,-113.000737,2022,Norteamérica,United States of America,Mixta o desconocida,Frontera EE.UU.-México,Desconocido,1
32.454817,-111.6165,2022,Norteamérica,United States of America,Condiciones ambientales extremas,Frontera EE.UU.-México,Guatemala,1
32.203833,-112.862133,2022,Norteamérica,United States of America,Mixta o desconocida,Frontera EE.UU.-México,Desconocido,1
32.1628,-112.8812,2022,Norteamérica,United States of America,Mixta o desconocida,Frontera EE.UU.-México,Desconocido,1
31.679873,-111.060104,2022,Norteamérica,United States of America,Accidente de transporte,Frontera EE.UU.-México,Mexico,1
32.17946,-113.05687,2022,Norteamérica,United States of America,Mixta o desconocida,Frontera EE.UU.-México,Desconocido,1
32.20112,-113.05464,2022,Norteamérica,United States of America,Mixta o desconocida,Frontera EE.UU.-México,Desconocido,1
32.19914,-113.05184,2022,Norteamérica,United States of America,Mixta o desconocida,Frontera EE.UU.-México,Desconocido,1
31.44556,-109.38406,2022,Norteamérica,United States of America,Condiciones ambientales extremas,Frontera EE.UU.-México,Mexico,1
31.811467,-112.40165,2022,Norteamérica,United States of America,Mixta o desconocida,Frontera EE.UU.-México,Desconocido,1
31.362717,-109.75205,2022,Norteamérica,United States of America,Condiciones ambientales extremas,Frontera EE.UU.-México,Mexico,1
31.740383,-111.832033,2022,Norteamérica,United States of America,Mixta o desconocida,Frontera EE.UU.-México,Desconocido,1
31.78031,-111.81413,2022,Norteamérica,United States of America,Condiciones ambientales extremas,Frontera EE.UU.-México,Guatemala,1
31.997237,-112.705325,2022,Norteamérica,United States of America,Mixta o desconocida,Frontera EE.UU.-México,Desconocido,1
32.10017,-113.20611,2022,Norteamérica,United States of America,Mixta o desconocida,Frontera EE.UU.-México,Desconocido,1
32.06621,-111.41475,2022,Norteamérica,United States of America,Mixta o desconocida,Frontera EE.UU.-México,Guatemala,1
31.744984,-110.908999,2022,Norteamérica,United States of America,Condiciones ambientales extremas,Frontera EE.UU.-México,Mexico,1
31.422154,-110.659597,2022,Norteamérica,United States of America,Mixta o desconocida,Frontera EE.UU.-México,Mexico,1
31.37417,-109.77391,2022,Norteamérica,United States of America,Condiciones ambientales extremas,Frontera EE.UU.-México,Mexico,1
31.61316,-111.57234,2022,Norteamérica,United States of America,Mixta o desconocida,Frontera EE.UU.-México,Mexico,1
31.792,-111.1377,2022,Norteamérica,United States of America,Mixta o desconocida,Frontera EE.UU.-México,Guatemala,1
31.834453,-112.440992,2022,Norteamérica,United States of America,Mixta o desconocida,Frontera EE.UU.-México,Desconocido,1
31.594686,-109.240338,2022,Norteamérica,United States of America,Condiciones ambientales extremas,Frontera EE.UU.-México,Mexico,1
31.334049,-109.734019,2022,Norteamérica,United States of America,Muerte accidental,Frontera EE.UU.-México,Mexico,1
31.52124,-111.28947,2022,Norteamérica,United States of America,Condiciones ambientales extremas,Frontera EE.UU.-México,Mexico,1
32.639945,-112.233112,2022,Norteamérica,United States of America,Mixta o desconocida,Frontera EE.UU.-México,Desconocido,1
31.73384,-111.0195,2022,Norteamérica,United States of America,Mixta o desconocida,Frontera EE.UU.-México,Desconocido,1
31.977,-112.963,2022,Norteamérica,United States of America,Muerte accidental,Frontera EE.UU.-México,Mexico,1
31.47278,-109.2778,2022,Norteamérica,United States of America,Condiciones ambientales extremas,Frontera EE.UU.-México,Mexico,1
32.359573,-113.114043,2022,Norteamérica,United States of America,Mixta o desconocida,Frontera EE.UU.-México,Desconocido,1
31.37215,-110.312517,2022,Norteamérica,United States of America,Condiciones ambientales extremas,Frontera EE.UU.-México,Guatemala,1
31.35755,-110.80747,2022,Norteamérica,United States of America,Condiciones ambientales extremas,Frontera EE.UU.-México,Mexico,1
32.4581,-111.6586,2022,Norteamérica,United States of America,Condiciones ambientales extremas,Frontera EE.UU.-México,Guatemala,1
31.72405,-112.00395,2022,Norteamérica,United States of America,Condiciones ambientales extremas,Frontera EE.UU.-México,Guatemala,1
31.515126,-110.996554,2022,Norteamérica,United States of America,Condiciones ambientales extremas,Frontera EE.UU.-México,Guatemala,1
31.85911,-111.451181,2022,Norteamérica,United States of America,Mixta o desconocida,Frontera EE.UU.-México,Guatemala,1
31.85911,-111.451181,2022,Norteamérica,United States of America,Mixta o desconocida,Frontera EE.UU.-México,Desconocido,1
31.86884,-111.40956,2022,Norteamérica,United States of America,Mixta o desconocida,Frontera EE.UU.-México,Desconocido,1
31.339718,-109.558826,2022,Norteamérica,United States of America,Violencia,Frontera EE.UU.-México,Mexico,1
32.252477,-110.963326,2022,Norteamérica,United States of America,Mixta o desconocida,Frontera EE.UU.-México,Desconocido,1
31.54466,-109.6988,2022,Norteamérica,United States of America,Condiciones ambientales extremas,Frontera EE.UU.-México,Mexico,1
31.70413,-111.77934,2022,Norteamérica,United States of America,Condiciones ambientales extremas,Frontera EE.UU.-México,Guatemala,1
31.903127,-111.962184,2022,Norteamérica,United States of America,Mixta o desconocida,Frontera EE.UU.-México,Mexico,1
31.937199,-111.938904,2022,Norteamérica,United States of America,Mixta o desconocida,Frontera EE.UU.-México,Desconocido,1
32.280179,-111.591813,2022,Norteamérica,United States of America,Mixta o desconocida,Frontera EE.UU.-México,Desconocido,1
31.904053,-111.975776,2022,Norteamérica,United States of America,Mixta o desconocida,Frontera EE.UU.-México,Desconocido,1
32.35904,-113.11756,2022,Norteamérica,United States of America,Mixta o desconocida,Frontera EE.UU.-México,Desconocido,1
31.899989,-111.77021,2022,Norteamérica,United States of America,Condiciones ambientales extremas,Frontera EE.UU.-México,Guatemala,1
31.665158,-111.253771,2022,Norteamérica,United States of America,Violencia,Frontera EE.UU.-México,Honduras,1
31.8012,-110.9595,2022,Norteamérica,United States of America,Mixta o desconocida,Frontera EE.UU.-México,Desconocido,1
31.982717,-112.1306,2022,Norteamérica,United States of America,Mixta o desconocida,Frontera EE.UU.-México,Desconocido,1
31.3665,-110.007283,2022,Norteamérica,United States of America,Condiciones ambientales extremas,Frontera EE.UU.-México,Mexico,1
31.6394,-111.800367,2022,Norteamérica,United States of America,Condiciones ambientales extremas,Frontera EE.UU.-México,Guatemala,1
31.726038,-111.086212,2022,Norteamérica,United States of America,Accidente de transporte,Frontera EE.UU.-México,Honduras,1
29.33401,-100.942198,2022,Centroamérica,Mexico,Ahogamiento,Frontera EE.UU.-México,Desconocido,1
26.09159,-98.26727,2022,Centroamérica,Mexico,Ahogamiento,Frontera EE.UU.-México,Guatemala,1
18.985356,-69.028012,2022,Caribe,Dominican Republic,Ahogamiento,Rep. Dominicana a Puerto Rico,Rep. Dominicana,2
32.710439,-114.723249,2022,Norteamérica,United States of America,Ahogamiento,Frontera EE.UU.-México,Jamaica,1
15.145184,-92.467337,2022,Centroamérica,Mexico,Enfermedad o falta de atención,Sin ruta registrada,Venezuela,2
11.220864,-74.159847,2022,Sudamérica,Colombia,Violencia,Sin ruta registrada,Venezuela,1
31.80454,-106.541544,2022,Norteamérica,United States of America,Ahogamiento,Frontera EE.UU.-México,Desconocido,2
31.586134,-106.2871,2022,Norteamérica,United States of America,Ahogamiento,Frontera EE.UU.-México,Guatemala,1
29.054634,-100.088005,2022,Norteamérica,United States of America,Condiciones ambientales extremas,Frontera EE.UU.-México,Desconocido,1
31.682263,-106.132154,2022,Norteamérica,United States of America,Condiciones ambientales extremas,Frontera EE.UU.-México,Ecuador,1
31.784218,-106.527487,2022,Norteamérica,United States of America,Mixta o desconocida,Frontera EE.UU.-México,Desconocido,2
31.816307,-106.572572,2022,Norteamérica,United States of America,Ahogamiento,Frontera EE.UU.-México,Desconocido,1
31.596315,-106.200406,2022,Norteamérica,United States of America,Ahogamiento,Frontera EE.UU.-México,Guatemala,1
31.6561,-106.319896,2022,Norteamérica,United States of America,Ahogamiento,Frontera EE.UU.-México,Desconocido,1
28.688704,-100.509633,2022,Centroamérica,Mexico,Ahogamiento,Frontera EE.UU.-México,Desconocido,1
25.703987,-99.537595,2022,Centroamérica,Mexico,Accidente de transporte,Frontera EE.UU.-México,El Salvador,3
31.039131,-104.820102,2022,Norteamérica,United States of America,Condiciones ambientales extremas,Frontera EE.UU.-México,Guatemala,2
31.785269,-106.610284,2022,Norteamérica,United States of America,Muerte accidental,Frontera EE.UU.-México,Desconocido,1
29.331513,-98.596078,2022,Norteamérica,United States of America,Accidente de transporte,Frontera EE.UU.-México,Guatemala,53
24.808369,-100.324368,2022,Centroamérica,Mexico,Accidente de transporte,Frontera EE.UU.-México,Desconocido,1
26.889564,-98.199947,2022,Norteamérica,United States of America,Accidente de transporte,Frontera EE.UU.-México,Desconocido,1
28.12467,-99.329223,2022,Norteamérica,United States of America,Accidente de transporte,Frontera EE.UU.-México,Guatemala,4
26.234094,-98.374869,2022,Norteamérica,United States of America,Accidente de transporte,Frontera EE.UU.-México,Desconocido,2
31.754013,-106.470777,2022,Norteamérica,United States of America,Ahogamiento,Frontera EE.UU.-México,Mexico,1
31.450057,-111.162071,2022,Norteamérica,United States of America,Condiciones ambientales extremas,Frontera EE.UU.-México,Mexico,1
32.228715,-111.143768,2022,Norteamérica,United States of America,Condiciones ambientales extremas,Frontera EE.UU.-México,Guatemala,1
31.744483,-112.091069,2022,Norteamérica,United States of America,Condiciones ambientales extremas,Frontera EE.UU.-México,Guatemala,1
31.971417,-112.065367,2022,Norteamérica,United States of America,Mixta o desconocida,Frontera EE.UU.-México,Desconocido,1
31.35204,-109.59211,2022,Norteamérica,United States of America,Condiciones ambientales extremas,Frontera EE.UU.-México,Mexico,1
31.813117,-112.48615,2022,Norteamérica,United States of America,Mixta o desconocida,Frontera EE.UU.-México,Desconocido,1
31.88642,-111.75181,2022,Norteamérica,United States of America,Condiciones ambientales extremas,Frontera EE.UU.-México,Guatemala,1
31.788686,-111.062218,2022,Norteamérica,United States of America,Condiciones ambientales extremas,Frontera EE.UU.-México,Guatemala,1
31.78036,-111.067,2022,Norteamérica,United States of America,Condiciones ambientales extremas,Frontera EE.UU.-México,Guatemala,1
31.752033,-111.94445,2022,Norteamérica,United States of America,Mixta o desconocida,Frontera EE.UU.-México,Desconocido,1
32.172488,-112.263997,2022,Norteamérica,United States of America,Mixta o desconocida,Frontera EE.UU.-México,Desconocido,1
31.79791,-111.77168,2022,Norteamérica,United States of America,Mixta o desconocida,Frontera EE.UU.-México,Desconocido,1
31.724553,-111.715543,2022,Norteamérica,United States of America,Condiciones ambientales extremas,Frontera EE.UU.-México,Guatemala,1
31.804629,-111.819084,2022,Norteamérica,United States of America,Mixta o desconocida,Frontera EE.UU.-México,Guatemala,1
31.981232,-113.150887,2022,Norteamérica,United States of America,Condiciones ambientales extremas,Frontera EE.UU.-México,Mexico,1
31.72563,-111.78658,2022,Norteamérica,United States of America,Mixta o desconocida,Frontera EE.UU.-México,Guatemala,1
31.80071,-111.0671,2022,Norteamérica,United States of America,Mixta o desconocida,Frontera EE.UU.-México,Honduras,1
32.5016,-112.03763,2022,Norteamérica,United States of America,Condiciones ambientales extremas,Frontera EE.UU.-México,Guatemala,1
32.0753,-111.1719,2022,Norteamérica,United States of America,Condiciones ambientales extremas,Frontera EE.UU.-México,Guatemala,1
28.709798,-100.508187,2022,Norteamérica,United States of America,Ahogamiento,Frontera EE.UU.-México,Desconocido,1
28.481117,-100.714259,2022,Centroamérica,Mexico,Accidente de transporte,Frontera EE.UU.-México,Honduras,1
-18.479529,-70.310673,2022,Sudamérica,Chile,Violencia,Sin ruta registrada,Venezuela,1
24.534978,-82.116158,2022,Caribe,United States of America,Muerte accidental,Caribe hacia EE.UU.,Cuba,1
28.039903,-99.350881,2022,Norteamérica,United States of America,Accidente de transporte,Frontera EE.UU.-México,Mexico,4
28.705765,-100.508034,2022,Norteamérica,United States of America,Mixta o desconocida,Frontera EE.UU.-México,Mexico,1
28.697531,-100.510013,2022,Norteamérica,United States of America,Ahogamiento,Frontera EE.UU.-México,Venezuela,1
14.089248,-87.197252,2022,Centroamérica,Honduras,Enfermedad o falta de atención,Sin ruta registrada,Venezuela,1
8.464862,-77.693708,2022,Centroamérica,Panama,Condiciones ambientales extremas,Tapón del Darién,Venezuela,1
16.029289,-94.048248,2022,Centroamérica,Mexico,Ahogamiento,Sin ruta registrada,Desconocido,3
28.723726,-100.508747,2022,Centroamérica,Mexico,Ahogamiento,Frontera EE.UU.-México,Desconocido,1
28.892125,-100.603345,2022,Centroamérica,Mexico,Ahogamiento,Frontera EE.UU.-México,Desconocido,2
27.509561,-99.52525,2022,Centroamérica,United States of America,Ahogamiento,Frontera EE.UU.-México,Nicaragua,4
26.308698,-98.247376,2022,Norteamérica,United States of America,Condiciones ambientales extremas,Frontera EE.UU.-México,Mexico,1
28.680511,-100.507527,2022,Centroamérica,Mexico,Ahogamiento,Frontera EE.UU.-México,Desconocido,1
27.216961,-98.158617,2022,Norteamérica,United States of America,Condiciones ambientales extremas,Frontera EE.UU.-México,Mexico,1
-19.282458,-68.633279,2022,Sudamérica,Chile,Condiciones ambientales extremas,Sin ruta registrada,Venezuela,1
1.197468,-77.278662,2022,Sudamérica,Colombia,Violencia,Sin ruta registrada,Venezuela,1
26.129776,-98.30528,2022,Norteamérica,United States of America,Condiciones ambientales extremas,Frontera EE.UU.-México,Honduras,1
8.423029,-77.743478,2022,Centroamérica,Panama,Condiciones ambientales extremas,Tapón del Darién,Venezuela,1
8.506247,-77.912574,2022,Centroamérica,Panama,Mixta o desconocida,Tapón del Darién,Venezuela,1
28.694393,-100.510954,2022,Centroamérica,Mexico,Ahogamiento,Frontera EE.UU.-México,Venezuela,1
8.443908,-77.616875,2022,Centroamérica,Panama,Ahogamiento,Tapón del Darién,Venezuela,2
28.70537,-100.512354,2022,Centroamérica,Mexico,Ahogamiento,Frontera EE.UU.-México,Venezuela,1
28.697515,-100.511072,2022,Centroamérica,Mexico,Ahogamiento,Frontera EE.UU.-México,Nicaragua,1
32.671078,-115.508113,2022,Norteamérica,United States of America,Condiciones ambientales extremas,Frontera EE.UU.-México,El Salvador,1
25.624682,-99.94464,2022,Centroamérica,Mexico,Accidente de transporte,Frontera EE.UU.-México,Honduras,5
28.705366,-100.508095,2022,Norteamérica,United States of America,Condiciones ambientales extremas,Frontera EE.UU.-México,Mexico,1
25.792935,-77.584162,2022,Caribe,Bahamas,Ahogamiento,Caribe hacia EE.UU.,Haiti,17
13.24977,-86.35803,2022,Centroamérica,Nicaragua,Accidente de transporte,Sin ruta registrada,Nicaragua,16
18.082024,-67.902395,2022,Caribe,Puerto Rico,Ahogamiento,Rep. Dominicana a Puerto Rico,Haiti,5
27.838005,-99.635717,2022,Norteamérica,United States of America,Mixta o desconocida,Frontera EE.UU.-México,Nicaragua,1
28.722926,-100.502588,2022,Norteamérica,United States of America,Condiciones ambientales extremas,Frontera EE.UU.-México,Mexico,1
32.66116,-115.542127,2022,Centroamérica,Mexico,Condiciones ambientales extremas,Frontera EE.UU.-México,El Salvador,1
32.66848,-115.520534,2022,Centroamérica,United States of America,Condiciones ambientales extremas,Frontera EE.UU.-México,Mexico,1
28.70931,-100.509214,2022,Norteamérica,United States of America,Ahogamiento,Frontera EE.UU.-México,Desconocido,1
28.676327,-100.503994,2022,Norteamérica,United States of America,Condiciones ambientales extremas,Frontera EE.UU.-México,Desconocido,1
25.792935,-77.584162,2022,Caribe,Bahamas,Ahogamiento,Caribe hacia EE.UU.,Haiti,20
8.423029,-77.743478,2022,Centroamérica,Panama,Condiciones ambientales extremas,Tapón del Darién,Venezuela,1
8.648194,-77.796094,2022,Centroamérica,Panama,Condiciones ambientales extremas,Tapón del Darién,Desconocido,1
31.90608,-111.83519,2022,Norteamérica,United States of America,Condiciones ambientales extremas,Frontera EE.UU.-México,Guatemala,1
28.704747,-100.509493,2022,Norteamérica,United States of America,Ahogamiento,Frontera EE.UU.-México,Nicaragua,1
31.552434,-106.260569,2022,Norteamérica,United States of America,Ahogamiento,Frontera EE.UU.-México,Mexico,1
8.423029,-77.743478,2022,Centroamérica,Panama,Condiciones ambientales extremas,Tapón del Darién,Cuba,1
31.863731,-106.64538,2022,Norteamérica,United States of America,Accidente de transporte,Frontera EE.UU.-México,Mexico,2
26.357015,-98.797366,2022,Norteamérica,United States of America,Ahogamiento,Frontera EE.UU.-México,Guatemala,1
31.772619,-106.434413,2022,Norteamérica,United States of America,Enfermedad o falta de atención,Frontera EE.UU.-México,Mexico,1
30.052273,-102.427318,2022,Norteamérica,United States of America,Condiciones ambientales extremas,Frontera EE.UU.-México,Desconocido,1
24.407137,-81.513867,2022,Norteamérica,United States of America,Ahogamiento,Caribe hacia EE.UU.,Desconocido,7
8.663374,-77.451779,2022,Centroamérica,Panama,Ahogamiento,Tapón del Darién,Colombia,3
18.126332,-94.478006,2022,Centroamérica,Mexico,Muerte accidental,Sin ruta registrada,Desconocido,1
32.54328,-117.03215,2022,Norteamérica,United States of America,Muerte accidental,Frontera EE.UU.-México,Mexico,1
28.647245,-100.474086,2022,Norteamérica,United States of America,Ahogamiento,Frontera EE.UU.-México,Desconocido,1
28.973874,-100.247687,2022,Norteamérica,United States of America,Condiciones ambientales extremas,Frontera EE.UU.-México,Mexico,1
26.572041,-99.213981,2022,Centroamérica,Mexico,Condiciones ambientales extremas,Frontera EE.UU.-México,Desconocido,1
18.090908,-95.889095,2022,Centroamérica,Mexico,Accidente de transporte,Sin ruta registrada,Desconocido,1
28.681213,-100.507924,2022,Centroamérica,Mexico,Ahogamiento,Frontera EE.UU.-México,Desconocido,1
28.818389,-100.357817,2022,Norteamérica,United States of America,Condiciones ambientales extremas,Frontera EE.UU.-México,Desconocido,1
28.509398,-100.319545,2022,Norteamérica,United States of America,Mixta o desconocida,Frontera EE.UU.-México,Desconocido,1
28.788226,-100.442965,2022,Norteamérica,United States of America,Condiciones ambientales extremas,Frontera EE.UU.-México,Desconocido,1
28.681213,-100.507924,2022,Centroamérica,Mexico,Ahogamiento,Frontera EE.UU.-México,Desconocido,1
28.681213,-100.507924,2022,Centroamérica,Mexico,Ahogamiento,Frontera EE.UU.-México,Desconocido,1
32.07856,-106.961264,2022,Norteamérica,United States of America,Condiciones ambientales extremas,Frontera EE.UU.-México,Ecuador,1
20.454652,-101.542271,2022,Centroamérica,Mexico,Accidente de transporte,Sin ruta registrada,Desconocido,1
31.265666,-106.307982,2022,Centroamérica,Mexico,Condiciones ambientales extremas,Frontera EE.UU.-México,Honduras,1
29.393879,-98.854696,2022,Norteamérica,United States of America,Condiciones ambientales extremas,Frontera EE.UU.-México,Honduras,1
32.687507,-111.441183,2022,Norteamérica,United States of America,Muerte accidental,Frontera EE.UU.-México,Desconocido,1
28.681213,-100.507924,2022,Centroamérica,Mexico,Ahogamiento,Frontera EE.UU.-México,Desconocido,1
28.605536,-100.452287,2022,Centroamérica,Mexico,Ahogamiento,Frontera EE.UU.-México,Desconocido,1
32.352179,-113.84158,2022,Norteamérica,United States of America,Condiciones ambientales extremas,Frontera EE.UU.-México,Mexico,2
13.446564,-86.724626,2022,Centroamérica,Nicaragua,Mixta o desconocida,Sin ruta registrada,Desconocido,1
16.559736,-92.807452,2022,Centroamérica,Mexico,Accidente de transporte,Sin ruta registrada,Guatemala,1
8.676182,-77.531144,2022,Centroamérica,Panama,Ahogamiento,Tapón del Darién,Colombia,3
18.728902,-97.412305,2022,Centroamérica,Mexico,Accidente de transporte,Sin ruta registrada,Cuba,8
31.878206,-106.610468,2022,Norteamérica,United States of America,Accidente de transporte,Frontera EE.UU.-México,Guatemala,1
28.741588,-100.511592,2022,Norteamérica,United States of America,Ahogamiento,Frontera EE.UU.-México,Honduras,1
28.693673,-100.510573,2022,Centroamérica,Mexico,Ahogamiento,Frontera EE.UU.-México,Desconocido,1
26.246238,-98.559408,2022,Norteamérica,United States of America,Ahogamiento,Frontera EE.UU.-México,Guatemala,1
32.412024,-111.25281,2022,Norteamérica,United States of America,Condiciones ambientales extremas,Frontera EE.UU.-México,Honduras,1
32.284117,-111.522637,2022,Norteamérica,United States of America,Condiciones ambientales extremas,Frontera EE.UU.-México,Mexico,1
28.743156,-100.515328,2022,Centroamérica,Mexico,Ahogamiento,Frontera EE.UU.-México,Venezuela,1
33.04307,-114.810549,2022,Norteamérica,United States of America,Condiciones ambientales extremas,Frontera EE.UU.-México,Mexico,1
26.144776,-98.290059,2022,Norteamérica,United States of America,Mixta o desconocida,Frontera EE.UU.-México,Mexico,1
20.515906,-100.902326,2022,Centroamérica,Mexico,Mixta o desconocida,Sin ruta registrada,Desconocido,1
28.680686,-100.507151,2022,Centroamérica,Mexico,Ahogamiento,Frontera EE.UU.-México,Desconocido,1
28.70175,-100.510731,2022,Norteamérica,United States of America,Ahogamiento,Frontera EE.UU.-México,Desconocido,3
18.335399,-64.693659,2022,Caribe,United States Virgin Islands,Ahogamiento,Caribe hacia EE.UU.,Haiti,2
28.673803,-100.504031,2022,Norteamérica,United States of America,Ahogamiento,Frontera EE.UU.-México,Desconocido,1
31.756235,-106.437599,2022,Centroamérica,Mexico,Ahogamiento,Frontera EE.UU.-México,Guatemala,1
28.696799,-100.510212,2022,Norteamérica,United States of America,Ahogamiento,Frontera EE.UU.-México,Nicaragua,2
19.040736,-98.077905,2022,Centroamérica,Mexico,Muerte accidental,Sin ruta registrada,Guatemala,1
16.787201,-95.066867,2022,Centroamérica,Mexico,Muerte accidental,Sin ruta registrada,Venezuela,1
31.876122,-106.610471,2022,Norteamérica,United States of America,Accidente de transporte,Frontera EE.UU.-México,Desconocido,1
18.785523,-96.514013,2022,Centroamérica,Mexico,Accidente de transporte,Sin ruta registrada,Cuba,1
28.694393,-100.510954,2022,Centroamérica,Mexico,Ahogamiento,Frontera EE.UU.-México,Nicaragua,1
28.675989,-100.505877,2022,Centroamérica,Mexico,Ahogamiento,Frontera EE.UU.-México,Desconocido,1
28.615181,-72.484262,2022,Sudamérica,Colombia,Violencia,Sin ruta registrada,Venezuela,1
8.071713,-100.403907,2022,Centroamérica,United States of America,Condiciones ambientales extremas,Frontera EE.UU.-México,Honduras,1
32.682189,-114.63571,2022,Norteamérica,United States of America,Condiciones ambientales extremas,Frontera EE.UU.-México,Nicaragua,1
18.432935,-95.508878,2022,Centroamérica,Mexico,Mixta o desconocida,Sin ruta registrada,Nicaragua,5
16.358606,-94.465623,2022,Centroamérica,Mexico,Mixta o desconocida,Sin ruta registrada,Nicaragua,1
28.679679,-100.506575,2022,Centroamérica,Mexico,Ahogamiento,Frontera EE.UU.-México,Venezuela,1
28.925973,-99.928923,2022,Norteamérica,United States of America,Condiciones ambientales extremas,Frontera EE.UU.-México,Honduras,1
32.450771,-114.650595,2022,Norteamérica,United States of America,Condiciones ambientales extremas,Frontera EE.UU.-México,Nicaragua,1
32.270098,-113.582187,2022,Norteamérica,United States of America,Condiciones ambientales extremas,Frontera EE.UU.-México,Costa Rica,1
28.812734,-100.54461,2022,Norteamérica,United States of America,Ahogamiento,Frontera EE.UU.-México,Desconocido,1
15.657349,-88.999973,2022,Centroamérica,Guatemala,Violencia,Sin ruta registrada,Honduras,1
28.697493,-100.511041,2022,Centroamérica,Mexico,Ahogamiento,Frontera EE.UU.-México,Honduras,1
26.034636,-97.672268,2022,Norteamérica,United States of America,Muerte accidental,Frontera EE.UU.-México,Mexico,1
26.074972,-98.251882,2022,Centroamérica,Mexico,Ahogamiento,Frontera EE.UU.-México,Desconocido,2
26.257667,-98.595828,2022,Centroamérica,Mexico,Ahogamiento,Frontera EE.UU.-México,Guatemala,1
26.189917,-98.33119,2022,Norteamérica,United States of America,Ahogamiento,Frontera EE.UU.-México,Mexico,1
22.778589,-102.620059,2022,Centroamérica,Mexico,Violencia,Sin ruta registrada,Colombia,1
-33.428575,-70.664554,2022,Sudamérica,Chile,Accidente de transporte,Sin ruta registrada,Venezuela,1
36.959335,-116.371791,2022,Norteamérica,United States of America,Condiciones ambientales extremas,Sin ruta registrada,Ecuador,1
25.893707,-97.496716,2022,Centroamérica,Mexico,Ahogamiento,Frontera EE.UU.-México,Mexico,1
28.711032,-100.50994,2022,Centroamérica,Mexico,Ahogamiento,Frontera EE.UU.-México,Desconocido,2
8.552428,-78.020445,2022,Centroamérica,Panama,Condiciones ambientales extremas,Tapón del Darién,Haiti,3
24.122296,-82.098687,2022,Caribe,Cuba,Ahogamiento,Caribe hacia EE.UU.,Cuba,7
28.697049,-100.516814,2022,Centroamérica,Mexico,Violencia,Frontera EE.UU.-México,Nicaragua,1
8.423028,-77.743478,2022,Centroamérica,Panama,Condiciones ambientales extremas,Tapón del Darién,Venezuela,3
25.682791,-100.30876,2022,Centroamérica,Mexico,Muerte accidental,Sin ruta registrada,El Salvador,1
32.558079,-116.81952,2022,Centroamérica,Mexico,Violencia,Frontera EE.UU.-México,Desconocido,1
8.499912,-77.96646,2022,Centroamérica,Panama,Enfermedad o falta de atención,Sin ruta registrada,Venezuela,1
8.467605,-77.691943,2022,Centroamérica,Panama,Condiciones ambientales extremas,Tapón del Darién,Colombia,1
8.464586,-77.698586,2022,Centroamérica,Panama,Ahogamiento,Tapón del Darién,Venezuela,1
8.64667,-77.685067,2022,Centroamérica,Panama,Ahogamiento,Tapón del Darién,Venezuela,1
31.74234,-106.400384,2022,Centroamérica,Mexico,Ahogamiento,Frontera EE.UU.-México,Desconocido,1
8.451033,-77.642953,2022,Centroamérica,Panama,Violencia,Tapón del Darién,Venezuela,1
28.50082,-100.12207,2022,Norteamérica,United States of America,Condiciones ambientales extremas,Frontera EE.UU.-México,Mexico,1
14.6739,-92.14915,2022,Centroamérica,Mexico,Condiciones ambientales extremas,Sin ruta registrada,Venezuela,1
28.59463,-100.42679,2022,Centroamérica,Mexico,Ahogamiento,Frontera EE.UU.-México,Venezuela,1
28.8934,-100.60339,2022,Centroamérica,Mexico,Ahogamiento,Frontera EE.UU.-México,Desconocido,1
23.061106,-80.067489,2022,Caribe,Cuba,Ahogamiento,Sin ruta registrada,Cuba,6
28.718436,-100.507819,2022,Centroamérica,Mexico,Condiciones ambientales extremas,Frontera EE.UU.-México,Desconocido,1
28.729445,-100.508211,2022,Centroamérica,Mexico,Ahogamiento,Frontera EE.UU.-México,Desconocido,2
28.705292,-100.511267,2022,Norteamérica,United States of America,Ahogamiento,Frontera EE.UU.-México,Peru,9
8.551768,-77.465609,2022,Centroamérica,Panama,Violencia,Tapón del Darién,Venezuela,1
31.762913,-106.448685,2022,Centroamérica,Mexico,Ahogamiento,Frontera EE.UU.-México,Desconocido,1
28.721437,-100.508677,2022,Centroamérica,Mexico,Ahogamiento,Frontera EE.UU.-México,Desconocido,1
7.545229,-71.87472,2022,Sudamérica,Venezuela (Bolivarian Republic of),Accidente de transporte,Sin ruta registrada,Venezuela,1
28.983378,-103.306542,2022,Centroamérica,Mexico,Condiciones ambientales extremas,Frontera EE.UU.-México,Mexico,1
28.708839,-100.455188,2022,Norteamérica,United States of America,Mixta o desconocida,Frontera EE.UU.-México,Nicaragua,1
28.490723,-100.118681,2022,Norteamérica,United States of America,Condiciones ambientales extremas,Frontera EE.UU.-México,Mexico,1
28.697125,-99.839827,2022,Norteamérica,United States of America,Mixta o desconocida,Frontera EE.UU.-México,Mexico,1
28.969679,-100.630763,2022,Norteamérica,United States of America,Accidente de transporte,Frontera EE.UU.-México,Mexico,1
32.746046,-114.735326,2022,Norteamérica,United States of America,Enfermedad o falta de atención,Frontera EE.UU.-México,Mexico,1
24.543914,-81.73581,2022,Norteamérica,United States of America,Ahogamiento,Caribe hacia EE.UU.,Cuba,19
15.900628,-86.023686,2022,Centroamérica,Honduras,Ahogamiento,Sin ruta registrada,Desconocido,1
29.275346,-100.411145,2022,Norteamérica,United States of America,Accidente de transporte,Frontera EE.UU.-México,Desconocido,3
31.7114,106.2849,2022,Norteamérica,United States of America,Violencia,Frontera EE.UU.-México,Mexico,1
31.115984,-105.374513,2022,Norteamérica,United States of America,Violencia,Frontera EE.UU.-México,Mexico,1
16.373979,-94.167482,2022,Centroamérica,Mexico,Mixta o desconocida,Sin ruta registrada,Desconocido,1
14.072063,-86.315109,2022,Centroamérica,Honduras,Ahogamiento,Sin ruta registrada,Brazil,3
14.885444,-92.294141,2022,Centroamérica,Mexico,Mixta o desconocida,Sin ruta registrada,Nicaragua,1
28.70559,-100.511571,2022,Norteamérica,United States of America,Ahogamiento,Frontera EE.UU.-México,Honduras,1
27.391902,-99.433686,2022,Norteamérica,United States of America,Condiciones ambientales extremas,Frontera EE.UU.-México,Desconocido,1
13.035719,-86.902715,2022,Centroamérica,Nicaragua,Mixta o desconocida,Sin ruta registrada,Desconocido,1
4.643765,-74.063626,2022,Sudamérica,Colombia,Violencia,Sin ruta registrada,Venezuela,1
31.335663,-109.522828,2022,Norteamérica,United States of America,Muerte accidental,Frontera EE.UU.-México,Mexico,1
28.707927,-100.510745,2022,Norteamérica,United States of America,Ahogamiento,Frontera EE.UU.-México,Desconocido,1
27.425202,-99.457196,2022,Norteamérica,United States of America,Condiciones ambientales extremas,Frontera EE.UU.-México,Desconocido,1
28.705292,-100.511267,2022,Norteamérica,United States of America,Ahogamiento,Frontera EE.UU.-México,Venezuela,2
19.622537,-69.891111,2022,Caribe,Dominican Republic,Ahogamiento,Rep. Dominicana a Puerto Rico,Rep. Dominicana,17
27.523929,-99.524168,2022,Norteamérica,United States of America,Ahogamiento,Frontera EE.UU.-México,Desconocido,1
27.991954,-101.181751,2022,Centroamérica,Mexico,Accidente de transporte,Sin ruta registrada,Desconocido,1
32.860302,-111.956268,2022,Norteamérica,United States of America,Enfermedad o falta de atención,Frontera EE.UU.-México,Mexico,1
13.480507,-87.552927,2022,Centroamérica,Honduras,Accidente de transporte,Sin ruta registrada,Venezuela,4
13.116787,-86.995254,2022,Centroamérica,Honduras,Violencia,Sin ruta registrada,Venezuela,1
16.516079,-90.645722,2022,Centroamérica,Mexico,Violencia,Sin ruta registrada,Cuba,1
27.522628,-99.525799,2022,Centroamérica,Mexico,Ahogamiento,Frontera EE.UU.-México,Desconocido,1
11.340239,-84.753496,2022,Centroamérica,Nicaragua,Accidente de transporte,Sin ruta registrada,Ecuador,1
28.597482,-100.525162,2022,Centroamérica,Mexico,Condiciones ambientales extremas,Sin ruta registrada,Desconocido,1
8.531785,-77.504163,2022,Centroamérica,Panama,Ahogamiento,Tapón del Darién,Venezuela,1
17.931485,-94.922399,2022,Centroamérica,Mexico,Accidente de transporte,Sin ruta registrada,Nicaragua,5
13.065038,-86.954272,2022,Centroamérica,Honduras,Violencia,Sin ruta registrada,Venezuela,1
31.318014,-105.955453,2022,Centroamérica,Mexico,Mixta o desconocida,Frontera EE.UU.-México,Mexico,1
8.466972,-77.687466,2022,Centroamérica,Panama,Condiciones ambientales extremas,Tapón del Darién,Venezuela,1
27.524202,-99.52592,2022,Centroamérica,Mexico,Ahogamiento,Frontera EE.UU.-México,Desconocido,1
26.797506,-98.114365,2022,Norteamérica,United States of America,Accidente de transporte,Frontera EE.UU.-México,Desconocido,2
-19.309093,-68.633162,2022,Sudamérica,Chile,Mixta o desconocida,Sin ruta registrada,Bolivia,1
27.780667,-99.890843,2022,Centroamérica,Mexico,Condiciones ambientales extremas,Frontera EE.UU.-México,Desconocido,1
14.643929,-92.24443,2022,Centroamérica,Mexico,Accidente de transporte,Sin ruta registrada,Venezuela,3
20.657178,-103.355304,2022,Centroamérica,Mexico,Accidente de transporte,Sin ruta registrada,Desconocido,1
8.466973,-77.687466,2022,Centroamérica,Panama,Enfermedad o falta de atención,Tapón del Darién,Venezuela,1
28.944642,-99.41026,2022,Norteamérica,United States of America,Accidente de transporte,Frontera EE.UU.-México,Desconocido,1
28.729221,-100.508254,2022,Centroamérica,Mexico,Ahogamiento,Frontera EE.UU.-México,Desconocido,1
14.692015,-92.153523,2022,Centroamérica,Mexico,Accidente de transporte,Sin ruta registrada,Venezuela,3
28.705366,-100.512278,2022,Centroamérica,Mexico,Ahogamiento,Frontera EE.UU.-México,Desconocido,1
28.680495,-100.507477,2022,Centroamérica,Mexico,Ahogamiento,Frontera EE.UU.-México,Desconocido,1
14.050527,-87.156322,2022,Centroamérica,Honduras,Enfermedad o falta de atención,Sin ruta registrada,Cuba,1
10.816623,-83.524095,2022,Caribe,Costa Rica,Ahogamiento,Sin ruta registrada,Venezuela,13
-19.283494,-68.611533,2022,Sudamérica,Chile,Mixta o desconocida,Sin ruta registrada,Bolivia,1
28.70882,-100.510102,2022,Norteamérica,United States of America,Ahogamiento,Frontera EE.UU.-México,Desconocido,1
28.697237,-100.398085,2022,Norteamérica,United States of America,Condiciones ambientales extremas,Frontera EE.UU.-México,Desconocido,1
23.087077,-83.146195,2022,Caribe,Cuba,Ahogamiento,Caribe hacia EE.UU.,Cuba,8
16.749251,-93.15388,2022,Centroamérica,Mexico,Accidente de transporte,Sin ruta registrada,Guatemala,3
31.715501,-106.238975,2022,Norteamérica,United States of America,Mixta o desconocida,Frontera EE.UU.-México,Guatemala,1
8.531786,-77.504164,2022,Centroamérica,Panama,Ahogamiento,Tapón del Darién,Venezuela,1
8.466973,-77.687466,2022,Centroamérica,Panama,Ahogamiento,Tapón del Darién,Venezuela,1
28.717306,-100.506168,2022,Norteamérica,United States of America,Ahogamiento,Frontera EE.UU.-México,Nicaragua,1
26.330843,-98.415362,2022,Norteamérica,United States of America,Accidente de transporte,Frontera EE.UU.-México,Guatemala,1
28.677648,-100.504929,2022,Centroamérica,United States of America,Ahogamiento,Frontera EE.UU.-México,Desconocido,1
28.707792,-100.510974,2022,Norteamérica,United States of America,Condiciones ambientales extremas,Frontera EE.UU.-México,Cuba,1
20.942409,-74.119367,2022,Caribe,United States of America,Ahogamiento,Caribe hacia EE.UU.,Cuba,2
32.537844,-117.040608,2022,Centroamérica,Mexico,Violencia,Frontera EE.UU.-México,El Salvador,1
26.099942,-98.282608,2022,Centroamérica,Mexico,Ahogamiento,Frontera EE.UU.-México,Colombia,1
16.376675,-95.25025,2022,Centroamérica,Mexico,Accidente de transporte,Sin ruta registrada,Ecuador,2
13.671292,-86.339989,2022,Centroamérica,Nicaragua,Mixta o desconocida,Sin ruta registrada,Cuba,1
35.187369,-101.941385,2022,Norteamérica,United States of America,Accidente de transporte,Frontera EE.UU.-México,Guatemala,3
27.244001,-101.229098,2022,Centroamérica,Mexico,Accidente de transporte,Frontera EE.UU.-México,Desconocido,2
28.680512,-100.507535,2022,Centroamérica,Mexico,Ahogamiento,Frontera EE.UU.-México,Desconocido,1
16.293146,-94.204069,2022,Centroamérica,Mexico,Violencia,Sin ruta registrada,Nicaragua,1
32.490916,-114.798348,2022,Norteamérica,United States of America,Violencia,Frontera EE.UU.-México,Mexico,1
28.722734,-100.508652,2022,Centroamérica,Mexico,Ahogamiento,Frontera EE.UU.-México,Desconocido,1
28.762297,-100.493862,2022,Norteamérica,United States of America,Ahogamiento,Frontera EE.UU.-México,Mexico,1
32.537022,-117.123908,2022,Norteamérica,United States of America,Ahogamiento,Frontera EE.UU.-México,Russian Federation,1
23.175843,-82.144394,2022,Caribe,Cuba,Ahogamiento,Caribe hacia EE.UU.,Cuba,1
25.591104,-100.886663,2022,Centroamérica,Mexico,Accidente de transporte,Frontera EE.UU.-México,Ecuador,5
32.580428,-117.132901,2022,Norteamérica,United States of America,Ahogamiento,Frontera EE.UU.-México,Peru,1
22.699028,-82.724799,2022,Caribe,Cuba,Ahogamiento,Caribe hacia EE.UU.,Cuba,12
23.515965,-81.187598,2022,Norteamérica,United States of America,Ahogamiento,Caribe hacia EE.UU.,Cuba,11
15.855668,-93.867852,2022,Centroamérica,Mexico,Ahogamiento,Sin ruta registrada,Ecuador,9
27.821182,-101.137545,2022,Centroamérica,Mexico,Accidente de transporte,Frontera EE.UU.-México,Cuba,2
18.489396,-66.959446,2022,Caribe,Puerto Rico,Ahogamiento,Rep. Dominicana a Puerto Rico,Rep. Dominicana,1
25.65687,-80.060577,2022,Norteamérica,United States of America,Ahogamiento,Caribe hacia EE.UU.,Cuba,1
24.499024,-81.412129,2022,Norteamérica,United States of America,Ahogamiento,Caribe hacia EE.UU.,Cuba,4
23.980969,-80.823216,2022,Caribe,Cuba,Ahogamiento,Caribe hacia EE.UU.,Cuba,20
25.266898,-99.736873,2022,Centroamérica,Mexico,Accidente de transporte,Sin ruta registrada,Guatemala,2
-19.274762,-68.627754,2022,Sudamérica,Chile,Condiciones ambientales extremas,Sin ruta registrada,Desconocido,1
16.447715,-95.013826,2022,Centroamérica,Mexico,Mixta o desconocida,Sin ruta registrada,Senegal,1
31.784986,-106.579096,2022,Norteamérica,United States of America,Muerte accidental,Frontera EE.UU.-México,Desconocido,1
31.787249,-106.545798,2022,Norteamérica,United States of America,Mixta o desconocida,Frontera EE.UU.-México,Desconocido,1
31.800609,-106.53538,2022,Norteamérica,United States of America,Accidente de transporte,Frontera EE.UU.-México,Mexico,1
14.580065,-92.193628,2022,Centroamérica,Mexico,Violencia,Sin ruta registrada,El Salvador,2
31.739319,-106.484459,2022,Centroamérica,Mexico,Mixta o desconocida,Frontera EE.UU.-México,Haiti,1
31.73962,-106.489903,2022,Centroamérica,Mexico,Mixta o desconocida,Frontera EE.UU.-México,Haiti,1
31.753925,-106.417356,2022,Norteamérica,United States of America,Accidente de transporte,Frontera EE.UU.-México,Mexico,1
28.703362,-100.512053,2022,Centroamérica,Mexico,Ahogamiento,Frontera EE.UU.-México,Mexico,1
29.339606,-100.55048,2022,Norteamérica,United States of America,Accidente de transporte,Frontera EE.UU.-México,Desconocido,3
-33.383651,-70.695903,2022,Sudamérica,Chile,Violencia,Sin ruta registrada,Desconocido,1
14.072189,-85.997339,2022,Centroamérica,Honduras,Enfermedad o falta de atención,Sin ruta registrada,Cuba,1
18.630741,-92.500485,2022,Centroamérica,Mexico,Violencia,Sin ruta registrada,Mexico,1
14.963033,-92.147192,2022,Centroamérica,Mexico,Violencia,Sin ruta registrada,El Salvador,2
28.709583,-100.510844,2022,Centroamérica,Mexico,Ahogamiento,Frontera EE.UU.-México,Desconocido,1
28.729069,-100.508334,2022,Centroamérica,Mexico,Ahogamiento,Frontera EE.UU.-México,Desconocido,1
29.301739,-100.410528,2022,Norteamérica,United States of America,Accidente de transporte,Frontera EE.UU.-México,Mexico,4
8.455098,-77.674168,2022,Centroamérica,Panama,Ahogamiento,Tapón del Darién,Ecuador,1
17.940919,-94.103286,2022,Centroamérica,Mexico,Accidente de transporte,Sin ruta registrada,Cuba,2
28.661374,-100.540765,2022,Centroamérica,Mexico,Enfermedad o falta de atención,Frontera EE.UU.-México,Guatemala,1
25.505694,-103.419264,2022,Centroamérica,Mexico,Enfermedad o falta de atención,Frontera EE.UU.-México,Venezuela,1
14.897917,-92.269847,2022,Centroamérica,Mexico,Muerte accidental,Sin ruta registrada,Desconocido,1
26.759538,-101.410536,2022,Centroamérica,Mexico,Accidente de transporte,Frontera EE.UU.-México,Nicaragua,3
18.480155,-93.684144,2022,Centroamérica,Mexico,Ahogamiento,Sin ruta registrada,Nicaragua,1
26.6168,80.0684,2022,Norteamérica,United States of America,Ahogamiento,Caribe hacia EE.UU.,Cuba,9
14.413139,-88.947878,2022,Centroamérica,Honduras,Violencia,Sin ruta registrada,Desconocido,1
12.358497,-82.373541,2022,Caribe,Colombia,Ahogamiento,Caribe a Centroamérica,Ecuador,17
24.10209,-81.047466,2022,Norteamérica,United States of America,Ahogamiento,Caribe hacia EE.UU.,Desconocido,2
14.887959,-92.267514,2022,Centroamérica,Mexico,Enfermedad o falta de atención,Sin ruta registrada,Honduras,1
18.309796,-67.240534,2022,Caribe,Puerto Rico,Ahogamiento,Rep. Dominicana a Puerto Rico,Haiti,1
28.696339,-100.510986,2022,Norteamérica,United States of America,Ahogamiento,Frontera EE.UU.-México,Nicaragua,1
28.696339,-100.510986,2022,Centroamérica,Mexico,Ahogamiento,Frontera EE.UU.-México,Colombia,1
31.753867,-106.433978,2022,Centroamérica,Mexico,Mixta o desconocida,Frontera EE.UU.-México,Venezuela,1
18.853889,-97.112719,2022,Centroamérica,Mexico,Mixta o desconocida,Sin ruta registrada,Honduras,1
28.952049,-96.720089,2022,Norteamérica,United States of America,Mixta o desconocida,Frontera EE.UU.-México,Guatemala,1
29.001451,-96.598276,2022,Norteamérica,United States of America,Accidente de transporte,Frontera EE.UU.-México,Mexico,1
32.45157,-113.1305,2022,Norteamérica,United States of America,Mixta o desconocida,Frontera EE.UU.-México,Desconocido,1
32.43606,-113.13042,2022,Norteamérica,United States of America,Mixta o desconocida,Frontera EE.UU.-México,Desconocido,1
32.309908,-111.527517,2022,Norteamérica,United States of America,Condiciones ambientales extremas,Frontera EE.UU.-México,Guatemala,1
32.25445,-111.30484,2022,Norteamérica,United States of America,Mixta o desconocida,Frontera EE.UU.-México,Mexico,1
31.6517,-111.719,2022,Norteamérica,United States of America,Mixta o desconocida,Frontera EE.UU.-México,Desconocido,1
31.73471,-112.00602,2022,Norteamérica,United States of America,Mixta o desconocida,Frontera EE.UU.-México,Guatemala,1
31.79995,-112.14851,2022,Norteamérica,United States of America,Mixta o desconocida,Frontera EE.UU.-México,Desconocido,1
31.71471,-112.00602,2022,Norteamérica,United States of America,Mixta o desconocida,Frontera EE.UU.-México,Honduras,1
31.50029,-110.82748,2022,Norteamérica,United States of America,Mixta o desconocida,Frontera EE.UU.-México,Mexico,1
31.57852,-111.64775,2022,Norteamérica,United States of America,Condiciones ambientales extremas,Frontera EE.UU.-México,Guatemala,1
32.4373,-113.09917,2022,Norteamérica,United States of America,Mixta o desconocida,Frontera EE.UU.-México,Desconocido,1
31.519059,-111.214073,2022,Norteamérica,United States of America,Mixta o desconocida,Frontera EE.UU.-México,Guatemala,1
31.925833,-111.39667,2022,Norteamérica,United States of America,Condiciones ambientales extremas,Frontera EE.UU.-México,Guatemala,1
31.4056,-110.959251,2022,Norteamérica,United States of America,Condiciones ambientales extremas,Frontera EE.UU.-México,Mexico,1
31.88015,-111.92995,2022,Norteamérica,United States of America,Condiciones ambientales extremas,Frontera EE.UU.-México,Mexico,1
31.925464,-111.397145,2022,Norteamérica,United States of America,Condiciones ambientales extremas,Frontera EE.UU.-México,Desconocido,1
31.591469,-109.096365,2022,Norteamérica,United States of America,Condiciones ambientales extremas,Frontera EE.UU.-México,Mexico,1
32.0887,-111.32328,2022,Norteamérica,United States of America,Condiciones ambientales extremas,Frontera EE.UU.-México,Guatemala,1
31.91862,-111.77026,2022,Norteamérica,United States of America,Condiciones ambientales extremas,Frontera EE.UU.-México,Guatemala,1
31.714,-111.8745,2022,Norteamérica,United States of America,Mixta o desconocida,Frontera EE.UU.-México,Guatemala,1
31.7814,-111.90511,2022,Norteamérica,United States of America,Mixta o desconocida,Frontera EE.UU.-México,Guatemala,1
32.36428,-111.82705,2022,Norteamérica,United States of America,Mixta o desconocida,Frontera EE.UU.-México,Desconocido,1
31.42363,-111.2739,2022,Norteamérica,United States of America,Mixta o desconocida,Frontera EE.UU.-México,Guatemala,1
32.166292,-111.855091,2022,Norteamérica,United States of America,Mixta o desconocida,Frontera EE.UU.-México,Mexico,1
32.166238,-111.885296,2022,Norteamérica,United States of America,Mixta o desconocida,Frontera EE.UU.-México,Desconocido,1
31.670708,-111.698551,2022,Norteamérica,United States of America,Mixta o desconocida,Frontera EE.UU.-México,Guatemala,1
32.184669,-111.873344,2022,Norteamérica,United States of America,Mixta o desconocida,Frontera EE.UU.-México,Desconocido,1
31.9762,-112.12803,2022,Norteamérica,United States of America,Mixta o desconocida,Frontera EE.UU.-México,Desconocido,1
31.75449,-111.03867,2022,Norteamérica,United States of America,Condiciones ambientales extremas,Frontera EE.UU.-México,Desconocido,1
31.484986,-111.155142,2022,Norteamérica,United States of America,Condiciones ambientales extremas,Frontera EE.UU.-México,Mexico,1
31.501019,-111.167489,2022,Norteamérica,United States of America,Condiciones ambientales extremas,Frontera EE.UU.-México,Guatemala,1
31.54707,-111.63046,2022,Norteamérica,United States of America,Mixta o desconocida,Frontera EE.UU.-México,Desconocido,1
31.445001,-111.261768,2022,Norteamérica,United States of America,Mixta o desconocida,Frontera EE.UU.-México,Mexico,1
31.77688,-112.40925,2022,Norteamérica,United States of America,Mixta o desconocida,Frontera EE.UU.-México,Mexico,1
31.33287,-110.9784,2022,Norteamérica,United States of America,Violencia,Frontera EE.UU.-México,Mexico,1
31.39808,-110.77353,2022,Norteamérica,United States of America,Condiciones ambientales extremas,Frontera EE.UU.-México,Mexico,1
31.48614,-111.15726,2022,Norteamérica,United States of America,Condiciones ambientales extremas,Frontera EE.UU.-México,Mexico,1
32.25485,-111.968683,2022,Norteamérica,United States of America,Mixta o desconocida,Frontera EE.UU.-México,Desconocido,1
32.288306,-112.582639,2022,Norteamérica,United States of America,Mixta o desconocida,Frontera EE.UU.-México,Mexico,1
31.99805,-112.58083,2022,Norteamérica,United States of America,Condiciones ambientales extremas,Frontera EE.UU.-México,Mexico,1
32.289057,-111.361324,2022,Norteamérica,United States of America,Mixta o desconocida,Frontera EE.UU.-México,Desconocido,1
31.99277,-112.9238,2022,Norteamérica,United States of America,Mixta o desconocida,Frontera EE.UU.-México,Desconocido,1
31.98144,-112.03748,2022,Norteamérica,United States of America,Mixta o desconocida,Frontera EE.UU.-México,Mexico,1
32.210991,-113.10851,2022,Norteamérica,United States of America,Mixta o desconocida,Frontera EE.UU.-México,Mexico,1
31.743889,-111.096944,2022,Norteamérica,United States of America,Mixta o desconocida,Frontera EE.UU.-México,Desconocido,1
31.70871,-110.88061,2022,Norteamérica,United States of America,Mixta o desconocida,Frontera EE.UU.-México,Desconocido,1
31.42272,-110.77547,2022,Norteamérica,United States of America,Condiciones ambientales extremas,Frontera EE.UU.-México,Mexico,1
32.100171,-111.382204,2022,Norteamérica,United States of America,Condiciones ambientales extremas,Frontera EE.UU.-México,Mexico,1
31.82078,-112.51583,2022,Norteamérica,United States of America,Mixta o desconocida,Frontera EE.UU.-México,Desconocido,1
31.84885,-112.473433,2022,Norteamérica,United States of America,Mixta o desconocida,Frontera EE.UU.-México,Guatemala,1
31.800483,-112.436883,2022,Norteamérica,United States of America,Mixta o desconocida,Frontera EE.UU.-México,Guatemala,1
31.82982,-112.5687,2022,Norteamérica,United States of America,Mixta o desconocida,Frontera EE.UU.-México,Desconocido,1
31.884289,-112.831137,2022,Norteamérica,United States of America,Mixta o desconocida,Frontera EE.UU.-México,Rep. Dominicana,1
31.484091,-111.117096,2022,Norteamérica,United States of America,Mixta o desconocida,Frontera EE.UU.-México,Guatemala,1
32.32169,-113.24019,2022,Norteamérica,United States of America,Mixta o desconocida,Frontera EE.UU.-México,Desconocido,1
31.46757,-111.17747,2022,Norteamérica,United States of America,Mixta o desconocida,Frontera EE.UU.-México,El Salvador,1
31.46327,-111.48268,2022,Norteamérica,United States of America,Mixta o desconocida,Frontera EE.UU.-México,Desconocido,1
32.43111,-113.13286,2022,Norteamérica,United States of America,Mixta o desconocida,Frontera EE.UU.-México,Desconocido,1
32.44849,-113.13407,2022,Norteamérica,United States of America,Mixta o desconocida,Frontera EE.UU.-México,Desconocido,1
32.44538,-113.13481,2022,Norteamérica,United States of America,Mixta o desconocida,Frontera EE.UU.-México,Desconocido,1
31.66915,-111.0677,2022,Norteamérica,United States of America,Mixta o desconocida,Frontera EE.UU.-México,Mexico,1
32.20053,-113.13171,2022,Norteamérica,United States of America,Mixta o desconocida,Frontera EE.UU.-México,Desconocido,1
31.977,-112.128,2022,Norteamérica,United States of America,Mixta o desconocida,Frontera EE.UU.-México,Desconocido,1
31.980053,-112.132096,2022,Norteamérica,United States of America,Mixta o desconocida,Frontera EE.UU.-México,Desconocido,1
31.379167,-109.70075,2022,Norteamérica,United States of America,Ahogamiento,Frontera EE.UU.-México,Mexico,1
31.984896,-112.139679,2022,Norteamérica,United States of America,Mixta o desconocida,Frontera EE.UU.-México,Mexico,1
31.984745,-112.14043,2022,Norteamérica,United States of America,Mixta o desconocida,Frontera EE.UU.-México,Desconocido,1
31.97781,-112.13866,2022,Norteamérica,United States of America,Mixta o desconocida,Frontera EE.UU.-México,Mexico,1
31.9817,-111.3315,2022,Norteamérica,United States of America,Mixta o desconocida,Frontera EE.UU.-México,Guatemala,1
31.85138,-111.57458,2022,Norteamérica,United States of America,Violencia,Frontera EE.UU.-México,Guatemala,1
32.376949,-111.498134,2022,Norteamérica,United States of America,Mixta o desconocida,Frontera EE.UU.-México,Mexico,1
31.7218,-111.50664,2022,Norteamérica,United States of America,Mixta o desconocida,Frontera EE.UU.-México,Desconocido,1
32.472078,-113.138395,2022,Norteamérica,United States of America,Mixta o desconocida,Frontera EE.UU.-México,Desconocido,1
31.66124,-111.16589,2022,Norteamérica,United States of America,Mixta o desconocida,Frontera EE.UU.-México,Desconocido,1
30.42503,-102.239,2022,Norteamérica,United States of America,Mixta o desconocida,Frontera EE.UU.-México,Desconocido,1
30.33431,101.81618,2022,Norteamérica,United States of America,Mixta o desconocida,Frontera EE.UU.-México,Desconocido,1
29.98876,-102.3575,2022,Norteamérica,United States of America,Mixta o desconocida,Frontera EE.UU.-México,Desconocido,1
29.909,-101.7609,2022,Norteamérica,United States of America,Mixta o desconocida,Frontera EE.UU.-México,Desconocido,1
29.90606,-102.10989,2022,Norteamérica,United States of America,Mixta o desconocida,Frontera EE.UU.-México,Desconocido,1
29.89553,-101.84912,2022,Norteamérica,United States of America,Mixta o desconocida,Frontera EE.UU.-México,Desconocido,1
30.06086,-102.29424,2022,Norteamérica,United States of America,Mixta o desconocida,Frontera EE.UU.-México,Desconocido,1
30.0442,-102.1134,2022,Norteamérica,United States of America,Mixta o desconocida,Frontera EE.UU.-México,Desconocido,1
29.899597,-101.799197,2022,Norteamérica,United States of America,Mixta o desconocida,Frontera EE.UU.-México,Desconocido,1
29.94657,-101.76691,2022,Norteamérica,United States of America,Mixta o desconocida,Frontera EE.UU.-México,Desconocido,1
29.84786,-102.08442,2022,Norteamérica,United States of America,Mixta o desconocida,Frontera EE.UU.-México,Desconocido,1
30.2412,-102.4424,2022,Norteamérica,United States of America,Mixta o desconocida,Frontera EE.UU.-México,Desconocido,1
29.88728,-101.85535,2022,Norteamérica,United States of America,Mixta o desconocida,Frontera EE.UU.-México,Desconocido,1
30.043516,-101.776434,2022,Norteamérica,United States of America,Mixta o desconocida,Frontera EE.UU.-México,Desconocido,1
29.980959,-104.45847,2022,Norteamérica,United States of America,Mixta o desconocida,Frontera EE.UU.-México,Guatemala,1
29.334778,-103.797695,2022,Norteamérica,United States of America,Mixta o desconocida,Frontera EE.UU.-México,Desconocido,1
29.561305,-104.350127,2022,Norteamérica,United States of America,Mixta o desconocida,Frontera EE.UU.-México,Mexico,1
23.055673,-81.20764,2022,Caribe,Cuba,Ahogamiento,Caribe hacia EE.UU.,Cuba,16
23.093821,-82.458903,2022,Caribe,Cuba,Ahogamiento,Caribe hacia EE.UU.,Cuba,18
8.466973,-77.687466,2022,Centroamérica,Panama,Ahogamiento,Tapón del Darién,Ecuador,3
8.534813,-77.501605,2022,Centroamérica,Panama,Ahogamiento,Tapón del Darién,Ecuador,2
31.791348,-106.165595,2022,Norteamérica,United States of America,Condiciones ambientales extremas,Frontera EE.UU.-México,Brazil,1
31.504994,-106.162408,2022,Norteamérica,United States of America,Ahogamiento,Frontera EE.UU.-México,Guatemala,1
31.724355,-106.366456,2022,Norteamérica,United States of America,Ahogamiento,Frontera EE.UU.-México,Mexico,1
31.562936,-106.278382,2022,Norteamérica,United States of America,Violencia,Frontera EE.UU.-México,Mexico,1
31.579881,-106.284045,2022,Norteamérica,United States of America,Violencia,Frontera EE.UU.-México,Mexico,1
31.782808,-106.473951,2022,Norteamérica,United States of America,Muerte accidental,Frontera EE.UU.-México,Mexico,1
27.856545,-98.532686,2022,Norteamérica,United States of America,Accidente de transporte,Frontera EE.UU.-México,Desconocido,1
31.756423,-106.350146,2022,Norteamérica,United States of America,Muerte accidental,Frontera EE.UU.-México,Mexico,1
29.245722,-99.741488,2022,Norteamérica,United States of America,Accidente de transporte,Frontera EE.UU.-México,Mexico,2
23.05516,-82.549163,2022,Caribe,Cuba,Ahogamiento,Caribe hacia EE.UU.,Cuba,28
32.62774,-116.01633,2022,Norteamérica,United States of America,Condiciones ambientales extremas,Frontera EE.UU.-México,Desconocido,1
32.83105,-144.77425,2022,Norteamérica,United States of America,Condiciones ambientales extremas,Frontera EE.UU.-México,Desconocido,1
32.734828,-116.032934,2022,Norteamérica,United States of America,Condiciones ambientales extremas,Frontera EE.UU.-México,Desconocido,1
32.736945,-114.643016,2022,Norteamérica,United States of America,Condiciones ambientales extremas,Frontera EE.UU.-México,Desconocido,1
32.686399,-115.506555,2022,Norteamérica,United States of America,Ahogamiento,Frontera EE.UU.-México,Desconocido,1
32.80281,-114.82131,2022,Norteamérica,United States of America,Violencia,Frontera EE.UU.-México,Desconocido,1
32.6338,-115.138,2022,Norteamérica,United States of America,Condiciones ambientales extremas,Frontera EE.UU.-México,Desconocido,1
32.80842,-114.82867,2022,Norteamérica,United States of America,Condiciones ambientales extremas,Frontera EE.UU.-México,Desconocido,1
32.712701,-114.943039,2022,Norteamérica,United States of America,Ahogamiento,Frontera EE.UU.-México,Desconocido,1
32.775853,-115.026125,2022,Norteamérica,United States of America,Condiciones ambientales extremas,Frontera EE.UU.-México,Desconocido,1
32.662321,-115.537829,2022,Norteamérica,United States of America,Ahogamiento,Frontera EE.UU.-México,Desconocido,1
32.711615,-114.942787,2022,Norteamérica,United States of America,Ahogamiento,Frontera EE.UU.-México,Desconocido,1
32.712692,-114.943082,2022,Norteamérica,United States of America,Ahogamiento,Frontera EE.UU.-México,Desconocido,1
32.72226,-114.91383,2022,Norteamérica,United States of America,Condiciones ambientales extremas,Frontera EE.UU.-México,Desconocido,1
32.71165,-114.94273,2022,Norteamérica,United States of America,Ahogamiento,Frontera EE.UU.-México,Desconocido,1
32.65556,-115.62878,2022,Norteamérica,United States of America,Ahogamiento,Frontera EE.UU.-México,Desconocido,1
32.671228,-115.526591,2022,Norteamérica,United States of America,Ahogamiento,Frontera EE.UU.-México,Desconocido,1
32.714466,-114.942426,2022,Norteamérica,United States of America,Ahogamiento,Frontera EE.UU.-México,Desconocido,1
32.713771,-114.943252,2022,Norteamérica,United States of America,Ahogamiento,Frontera EE.UU.-México,Desconocido,1
32.72998,-114.71513,2022,Norteamérica,United States of America,Ahogamiento,Frontera EE.UU.-México,Desconocido,1
32.721149,-114.864373,2022,Norteamérica,United States of America,Condiciones ambientales extremas,Frontera EE.UU.-México,Desconocido,1
32.745388,-114.862396,2022,Norteamérica,United States of America,Condiciones ambientales extremas,Frontera EE.UU.-México,Desconocido,1
32.71159,-114.94267,2022,Norteamérica,United States of America,Ahogamiento,Frontera EE.UU.-México,Desconocido,1
32.71881,-114.72041,2022,Norteamérica,United States of America,Ahogamiento,Frontera EE.UU.-México,Desconocido,1
32.71146,-114.9408,2022,Norteamérica,United States of America,Ahogamiento,Frontera EE.UU.-México,Desconocido,1
33.00263,-115.07841,2022,Norteamérica,United States of America,Condiciones ambientales extremas,Frontera EE.UU.-México,Desconocido,1
32.97226,-115.18452,2022,Norteamérica,United States of America,Ahogamiento,Frontera EE.UU.-México,Desconocido,1
32.970308,-115.182992,2022,Norteamérica,United States of America,Ahogamiento,Frontera EE.UU.-México,Desconocido,1
32.712945,-114.942857,2022,Norteamérica,United States of America,Ahogamiento,Frontera EE.UU.-México,Desconocido,1
32.67129,-116.04549,2022,Norteamérica,United States of America,Condiciones ambientales extremas,Frontera EE.UU.-México,Desconocido,1
32.71781,-114.78615,2022,Norteamérica,United States of America,Ahogamiento,Frontera EE.UU.-México,Desconocido,1
32.70538,-115.03065,2022,Norteamérica,United States of America,Ahogamiento,Frontera EE.UU.-México,Desconocido,1
32.70153,-115.48228,2022,Norteamérica,United States of America,Ahogamiento,Frontera EE.UU.-México,Desconocido,1
32.66681,-115.50448,2022,Norteamérica,United States of America,Ahogamiento,Frontera EE.UU.-México,Desconocido,1
32.712035,-114.9435,2022,Norteamérica,United States of America,Ahogamiento,Frontera EE.UU.-México,Desconocido,2
32.71193,-114.94317,2022,Norteamérica,United States of America,Ahogamiento,Frontera EE.UU.-México,Desconocido,2
32.709856,115.032154,2022,Norteamérica,United States of America,Ahogamiento,Frontera EE.UU.-México,Desconocido,1
28.695428,-100.510909,2022,Centroamérica,Mexico,Ahogamiento,Frontera EE.UU.-México,Colombia,1
8.443908,-77.616875,2022,Centroamérica,Panama,Mixta o desconocida,Tapón del Darién,Desconocido,4
8.443908,-77.616875,2022,Centroamérica,Panama,Mixta o desconocida,Tapón del Darién,Desconocido,8
8.443908,-77.616875,2022,Centroamérica,Panama,Mixta o desconocida,Tapón del Darién,Desconocido,3
8.443908,-77.616875,2022,Centroamérica,Panama,Mixta o desconocida,Tapón del Darién,Desconocido,5
8.443908,-77.616875,2022,Centroamérica,Panama,Mixta o desconocida,Tapón del Darién,Desconocido,10
8.443908,-77.616875,2022,Centroamérica,Panama,Mixta o desconocida,Tapón del Darién,Desconocido,2
8.443908,-77.616875,2022,Centroamérica,Panama,Mixta o desconocida,Tapón del Darién,Desconocido,11
8.443908,-77.616875,2022,Centroamérica,Panama,Mixta o desconocida,Tapón del Darién,Desconocido,1
8.443908,-77.616875,2022,Centroamérica,Panama,Mixta o desconocida,Tapón del Darién,Desconocido,2
8.443908,-77.616875,2022,Centroamérica,Panama,Mixta o desconocida,Tapón del Darién,Desconocido,10
8.443908,-77.616875,2022,Centroamérica,Panama,Mixta o desconocida,Tapón del Darién,Desconocido,1
8.443908,-77.616875,2022,Centroamérica,Panama,Mixta o desconocida,Tapón del Darién,Desconocido,2
8.443908,-77.616875,2022,Centroamérica,Panama,Mixta o desconocida,Tapón del Darién,Desconocido,4
8.443908,-77.616875,2022,Centroamérica,Panama,Mixta o desconocida,Tapón del Darién,Desconocido,1
8.443908,-77.616875,2022,Centroamérica,Panama,Mixta o desconocida,Tapón del Darién,Desconocido,1
8.443908,-77.616875,2022,Centroamérica,Panama,Mixta o desconocida,Tapón del Darién,Desconocido,4
8.443908,-77.616875,2022,Centroamérica,Panama,Mixta o desconocida,Tapón del Darién,Desconocido,2
8.443908,-77.616875,2022,Centroamérica,Panama,Mixta o desconocida,Tapón del Darién,Desconocido,2
8.443908,-77.616875,2022,Centroamérica,Panama,Mixta o desconocida,Tapón del Darién,Desconocido,1
8.443908,-77.616875,2022,Centroamérica,Panama,Mixta o desconocida,Tapón del Darién,Desconocido,3
8.443908,-77.616875,2022,Centroamérica,Panama,Mixta o desconocida,Tapón del Darién,Desconocido,3
8.443908,-77.616875,2022,Centroamérica,Panama,Mixta o desconocida,Tapón del Darién,Desconocido,1
8.443908,-77.616875,2022,Centroamérica,Panama,Mixta o desconocida,Tapón del Darién,Desconocido,1
8.443908,-77.616875,2022,Centroamérica,Panama,Mixta o desconocida,Tapón del Darién,Desconocido,1
8.443908,-77.616875,2022,Centroamérica,Panama,Mixta o desconocida,Tapón del Darién,Desconocido,2
8.443908,-77.616875,2022,Centroamérica,Panama,Mixta o desconocida,Tapón del Darién,Desconocido,5
8.443908,-77.616875,2022,Centroamérica,Panama,Mixta o desconocida,Tapón del Darién,Desconocido,2
8.443908,-77.616875,2022,Centroamérica,Panama,Mixta o desconocida,Tapón del Darién,Desconocido,1
8.443908,-77.616875,2022,Centroamérica,Panama,Mixta o desconocida,Tapón del Darién,Desconocido,1
8.443908,-77.616875,2022,Centroamérica,Panama,Mixta o desconocida,Tapón del Darién,Desconocido,1
8.468681,-77.691421,2022,Centroamérica,Panama,Violencia,Tapón del Darién,Venezuela,1
23.052843,-82.557925,2022,Caribe,Cuba,Ahogamiento,Caribe hacia EE.UU.,Cuba,1
28.698446,-100.510035,2022,Norteamérica,United States of America,Ahogamiento,Frontera EE.UU.-México,Nicaragua,1
31.793386,-107.891579,2022,Norteamérica,United States of America,Condiciones ambientales extremas,Frontera EE.UU.-México,Mexico,1
31.80696,-108.23972,2022,Norteamérica,United States of America,Condiciones ambientales extremas,Frontera EE.UU.-México,Desconocido,1
31.40267,-109.01613,2022,Norteamérica,United States of America,Condiciones ambientales extremas,Frontera EE.UU.-México,Mexico,1
28.698446,-100.510035,2022,Norteamérica,United States of America,Ahogamiento,Frontera EE.UU.-México,Nicaragua,1
31.653244,-108.643595,2022,Norteamérica,United States of America,Condiciones ambientales extremas,Frontera EE.UU.-México,Desconocido,1
32.047152,-106.774861,2022,Norteamérica,United States of America,Enfermedad o falta de atención,Frontera EE.UU.-México,Guatemala,1
31.952998,-106.707692,2022,Norteamérica,United States of America,Condiciones ambientales extremas,Frontera EE.UU.-México,Guatemala,1
31.785844,-106.528011,2022,Norteamérica,United States of America,Ahogamiento,Frontera EE.UU.-México,Mexico,1
31.80359,-106.6607,2022,Norteamérica,United States of America,Condiciones ambientales extremas,Frontera EE.UU.-México,Mexico,1
31.798566,-106.553227,2022,Norteamérica,United States of America,Condiciones ambientales extremas,Frontera EE.UU.-México,El Salvador,1
31.814957,-106.616758,2022,Norteamérica,United States of America,Condiciones ambientales extremas,Frontera EE.UU.-México,Mexico,1
31.944718,-108.331064,2022,Norteamérica,United States of America,Condiciones ambientales extremas,Frontera EE.UU.-México,Desconocido,1
31.796122,-106.594203,2022,Norteamérica,United States of America,Mixta o desconocida,Frontera EE.UU.-México,Guatemala,1
31.80287,-106.60691,2022,Norteamérica,United States of America,Condiciones ambientales extremas,Frontera EE.UU.-México,Mexico,1
31.89079,-108.75593,2022,Norteamérica,United States of America,Condiciones ambientales extremas,Frontera EE.UU.-México,Mexico,1
31.77626,-108.74617,2022,Norteamérica,United States of America,Condiciones ambientales extremas,Frontera EE.UU.-México,Mexico,1
31.798448,-106.54535,2022,Norteamérica,United States of America,Accidente de transporte,Frontera EE.UU.-México,Mexico,1
31.784155,-106.600251,2022,Norteamérica,United States of America,Condiciones ambientales extremas,Frontera EE.UU.-México,Guatemala,1
31.80732,-106.64827,2022,Norteamérica,United States of America,Mixta o desconocida,Frontera EE.UU.-México,Mexico,1
8.501061,-77.550506,2022,Centroamérica,Panama,Mixta o desconocida,Tapón del Darién,Haiti,1
8.501061,-77.550506,2022,Centroamérica,Panama,Mixta o desconocida,Tapón del Darién,Haiti,2
8.501061,-77.550506,2022,Centroamérica,Panama,Mixta o desconocida,Tapón del Darién,Angola,1
8.444309,-77.61843,2022,Centroamérica,Panama,Mixta o desconocida,Tapón del Darién,Haiti,1
8.444309,-77.61843,2022,Centroamérica,Panama,Mixta o desconocida,Tapón del Darién,Haiti,1
8.444309,-77.61843,2022,Centroamérica,Panama,Mixta o desconocida,Tapón del Darién,Haiti,2
8.444309,-77.61843,2022,Centroamérica,Panama,Mixta o desconocida,Tapón del Darién,Angola,1
32.535043,-117.115922,2022,Centroamérica,Mexico,Muerte accidental,Frontera EE.UU.-México,India,1
31.562829,-106.278586,2022,Norteamérica,United States of America,Violencia,Frontera EE.UU.-México,Mexico,1
31.707031,-106.288992,2022,Norteamérica,United States of America,Enfermedad o falta de atención,Frontera EE.UU.-México,Guatemala,1
31.89369,-106.74556,2022,Norteamérica,United States of America,Mixta o desconocida,Frontera EE.UU.-México,Ecuador,1
31.79324,-107.891536,2022,Norteamérica,United States of America,Mixta o desconocida,Frontera EE.UU.-México,Desconocido,1
31.79324,-107.89154,2022,Norteamérica,United States of America,Mixta o desconocida,Frontera EE.UU.-México,Desconocido,1
31.935578,-106.717302,2022,Norteamérica,United States of America,Enfermedad o falta de atención,Frontera EE.UU.-México,Mexico,1
32.1396,-108.0319,2022,Norteamérica,United States of America,Mixta o desconocida,Frontera EE.UU.-México,Desconocido,1
32.188927,-108.071793,2022,Norteamérica,United States of America,Mixta o desconocida,Frontera EE.UU.-México,Mexico,1
31.818749,-107.849992,2022,Norteamérica,United States of America,Condiciones ambientales extremas,Frontera EE.UU.-México,Mexico,1
31.82,-106.77,2022,Norteamérica,United States of America,Condiciones ambientales extremas,Frontera EE.UU.-México,Mexico,1
31.785127,-106.52841,2022,Norteamérica,United States of America,Ahogamiento,Frontera EE.UU.-México,Mexico,1
31.79652,-106.55369,2022,Norteamérica,United States of America,Mixta o desconocida,Frontera EE.UU.-México,Mexico,1
32.181322,-107.891422,2022,Norteamérica,United States of America,Mixta o desconocida,Frontera EE.UU.-México,Mexico,1
31.873634,-106.710134,2022,Norteamérica,United States of America,Enfermedad o falta de atención,Frontera EE.UU.-México,Mexico,1
31.79133,-106.67968,2022,Norteamérica,United States of America,Condiciones ambientales extremas,Frontera EE.UU.-México,Guatemala,1
32.04963,-107.606283,2022,Norteamérica,United States of America,Condiciones ambientales extremas,Frontera EE.UU.-México,Mexico,1
31.922153,-106.721198,2022,Norteamérica,United States of America,Mixta o desconocida,Frontera EE.UU.-México,Ecuador,1
31.93323,-106.77945,2022,Norteamérica,United States of America,Condiciones ambientales extremas,Frontera EE.UU.-México,Mexico,1
31.944699,-108.33106,2022,Norteamérica,United States of America,Condiciones ambientales extremas,Frontera EE.UU.-México,Mexico,1
31.816477,-106.812153,2022,Norteamérica,United States of America,Condiciones ambientales extremas,Frontera EE.UU.-México,Guatemala,1
31.816477,-106.812153,2022,Norteamérica,United States of America,Condiciones ambientales extremas,Frontera EE.UU.-México,Guatemala,1
31.80742,-106.71,2022,Norteamérica,United States of America,Mixta o desconocida,Frontera EE.UU.-México,Mexico,1
32.047412,-107.387904,2022,Norteamérica,United States of America,Mixta o desconocida,Frontera EE.UU.-México,Mexico,1
32.02978,-107.34427,2022,Norteamérica,United States of America,Condiciones ambientales extremas,Frontera EE.UU.-México,Mexico,1
32.038612,-107.365005,2022,Norteamérica,United States of America,Condiciones ambientales extremas,Frontera EE.UU.-México,Mexico,1
32.124,-107.9454,2022,Norteamérica,United States of America,Mixta o desconocida,Frontera EE.UU.-México,Guatemala,1
31.82818,-106.77043,2022,Norteamérica,United States of America,Condiciones ambientales extremas,Frontera EE.UU.-México,Mexico,1
32.169605,-107.939437,2022,Norteamérica,United States of America,Condiciones ambientales extremas,Frontera EE.UU.-México,Mexico,1
31.80705,-106.79655,2022,Norteamérica,United States of America,Mixta o desconocida,Frontera EE.UU.-México,Mexico,1
31.85473,-106.7274,2022,Norteamérica,United States of America,Condiciones ambientales extremas,Frontera EE.UU.-México,Mexico,1
31.94712,-107.80045,2022,Norteamérica,United States of America,Mixta o desconocida,Frontera EE.UU.-México,Guatemala,1
32.210221,-108.08549,2022,Norteamérica,United States of America,Condiciones ambientales extremas,Frontera EE.UU.-México,Mexico,1
31.79803,-106.708758,2022,Norteamérica,United States of America,Condiciones ambientales extremas,Frontera EE.UU.-México,Mexico,1
32.0751,107.43403,2022,Norteamérica,United States of America,Condiciones ambientales extremas,Frontera EE.UU.-México,Guatemala,1
31.805542,-106.61277,2022,Norteamérica,United States of America,Mixta o desconocida,Frontera EE.UU.-México,Mexico,1
31.799569,-106.726195,2022,Norteamérica,United States of America,Mixta o desconocida,Frontera EE.UU.-México,Guatemala,1
31.80042,-106.604,2022,Norteamérica,United States of America,Mixta o desconocida,Frontera EE.UU.-México,Mexico,1
31.801082,-107.00135,2022,Norteamérica,United States of America,Mixta o desconocida,Frontera EE.UU.-México,Mexico,1
32.323673,-106.728667,2022,Norteamérica,United States of America,Enfermedad o falta de atención,Frontera EE.UU.-México,Mexico,1
31.789748,-106.913844,2022,Norteamérica,United States of America,Mixta o desconocida,Frontera EE.UU.-México,El Salvador,1
31.80357,-106.62228,2022,Norteamérica,United States of America,Mixta o desconocida,Frontera EE.UU.-México,Desconocido,1
32.338367,-108.70742,2022,Norteamérica,United States of America,Condiciones ambientales extremas,Frontera EE.UU.-México,Mexico,1
31.86087,-106.69674,2022,Norteamérica,United States of America,Mixta o desconocida,Frontera EE.UU.-México,Mexico,1
32.19914,-113.05184,2022,Norteamérica,United States of America,Condiciones ambientales extremas,Frontera EE.UU.-México,Guatemala,1
31.44556,-109.38406,2022,Norteamérica,United States of America,Condiciones ambientales extremas,Frontera EE.UU.-México,Guatemala,1
32.60485,-116.929874,2022,Norteamérica,United States of America,Condiciones ambientales extremas,Frontera EE.UU.-México,Mexico,1
32.961889,-117.192652,2022,Norteamérica,United States of America,Muerte accidental,Frontera EE.UU.-México,Mexico,1
32.53644,-117.106332,2022,Norteamérica,United States of America,Muerte accidental,Frontera EE.UU.-México,Desconocido,1
32.555132,-116.908989,2022,Norteamérica,United States of America,Muerte accidental,Frontera EE.UU.-México,Desconocido,1
32.638093,-116.844072,2022,Norteamérica,United States of America,Enfermedad o falta de atención,Frontera EE.UU.-México,Mexico,1
32.693341,-116.892531,2022,Norteamérica,United States of America,Condiciones ambientales extremas,Frontera EE.UU.-México,Mexico,1
32.779604,-117.012599,2022,Norteamérica,United States of America,Condiciones ambientales extremas,Frontera EE.UU.-México,Mexico,1
32.658739,-116.271585,2022,Norteamérica,United States of America,Condiciones ambientales extremas,Frontera EE.UU.-México,Mexico,1
32.716505,-117.256833,2022,Norteamérica,United States of America,Ahogamiento,Frontera EE.UU.-México,Mexico,1
32.552716,-117.094904,2022,Norteamérica,United States of America,Ahogamiento,Frontera EE.UU.-México,Desconocido,1
32.754493,-117.166449,2022,Norteamérica,United States of America,Muerte accidental,Frontera EE.UU.-México,Mexico,1
32.548236,-117.00473,2022,Norteamérica,United States of America,Mixta o desconocida,Frontera EE.UU.-México,Mexico,1
32.671228,-116.927289,2022,Norteamérica,United States of America,Condiciones ambientales extremas,Frontera EE.UU.-México,Desconocido,1
32.662983,-116.268627,2022,Norteamérica,United States of America,Accidente de transporte,Frontera EE.UU.-México,Mexico,1
32.539657,-117.069995,2022,Norteamérica,United States of America,Muerte accidental,Frontera EE.UU.-México,Mexico,1
32.638584,-116.776641,2022,Norteamérica,United States of America,Condiciones ambientales extremas,Frontera EE.UU.-México,Mexico,1
32.614426,-116.805081,2022,Norteamérica,United States of America,Condiciones ambientales extremas,Frontera EE.UU.-México,Desconocido,1
32.615734,-116.875924,2022,Norteamérica,United States of America,Condiciones ambientales extremas,Frontera EE.UU.-México,Mexico,1
32.645395,-116.860822,2022,Norteamérica,United States of America,Condiciones ambientales extremas,Frontera EE.UU.-México,Mexico,1
32.627053,-116.829555,2022,Norteamérica,United States of America,Mixta o desconocida,Frontera EE.UU.-México,Mexico,1
32.628444,-116.85998,2022,Norteamérica,United States of America,Mixta o desconocida,Frontera EE.UU.-México,Desconocido,1
32.60805,-116.88281,2022,Norteamérica,United States of America,Condiciones ambientales extremas,Frontera EE.UU.-México,Mexico,1
32.569724,-116.762748,2022,Norteamérica,United States of America,Condiciones ambientales extremas,Frontera EE.UU.-México,Mexico,1
32.572264,-116.838387,2022,Norteamérica,United States of America,Condiciones ambientales extremas,Frontera EE.UU.-México,Mexico,1
32.554902,-116.888306,2022,Norteamérica,United States of America,Muerte accidental,Frontera EE.UU.-México,Mexico,1
32.615311,-116.826388,2022,Norteamérica,United States of America,Condiciones ambientales extremas,Frontera EE.UU.-México,Mexico,1
32.577083,-117.134828,2022,Norteamérica,United States of America,Ahogamiento,Frontera EE.UU.-México,Mexico,1
32.577083,-117.134828,2022,Norteamérica,United States of America,Ahogamiento,Frontera EE.UU.-México,Mexico,1
32.577083,-117.134828,2022,Norteamérica,United States of America,Ahogamiento,Frontera EE.UU.-México,Mexico,1
45.0324623,-73.51884136,2023,Norteamérica,Canada,Condiciones ambientales extremas,Sin ruta registrada,Haiti,1
27.52455119,-99.52556516,2023,Centroamérica,Mexico,Ahogamiento,Frontera EE.UU.-México,Desconocido,1
28.66773682,-100.503332,2023,Centroamérica,Mexico,Ahogamiento,Frontera EE.UU.-México,Desconocido,1
28.714334,-100.455678,2023,Norteamérica,United States of America,Enfermedad o falta de atención,Frontera EE.UU.-México,Cuba,1
24.429539,-82.211683,2023,Caribe,Cuba,Ahogamiento,Caribe hacia EE.UU.,Cuba,2
23.046759,-80.925969,2023,Caribe,Cuba,Ahogamiento,Caribe hacia EE.UU.,Cuba,25
28.661091,-100.54084,2023,Centroamérica,Mexico,Violencia,Frontera EE.UU.-México,El Salvador,1
31.736812,-106.509618,2023,Centroamérica,Mexico,Mixta o desconocida,Frontera EE.UU.-México,Ecuador,1
22.51442,-79.453847,2023,Caribe,Cuba,Ahogamiento,Caribe hacia EE.UU.,Cuba,10
19.660697,-71.734428,2023,Caribe,Dominican Republic,Ahogamiento,Haití a Rep. Dominicana,Haiti,4
27.495627,-99.516229,2023,Centroamérica,Mexico,Muerte accidental,Frontera EE.UU.-México,Desconocido,1
28.701532,-100.529216,2023,Centroamérica,Mexico,Mixta o desconocida,Frontera EE.UU.-México,Honduras,1
19.139006,-69.638542,2023,Caribe,Dominican Republic,Ahogamiento,Rep. Dominicana a Puerto Rico,Rep. Dominicana,13
12.647071,-82.891503,2023,Caribe,Colombia,Ahogamiento,Sin ruta registrada,Venezuela,26
29.347032,-100.867173,2023,Norteamérica,United States of America,Accidente de transporte,Frontera EE.UU.-México,Guatemala,1
28.702423,-100.516284,2023,Centroamérica,Mexico,Violencia,Frontera EE.UU.-México,Mexico,1
25.688443,-100.314975,2023,Centroamérica,Mexico,Violencia,Frontera EE.UU.-México,Cuba,2
23.269464,-80.880242,2023,Caribe,Cuba,Ahogamiento,Caribe hacia EE.UU.,Cuba,15
28.538407,-99.852031,2023,Norteamérica,United States of America,Condiciones ambientales extremas,Frontera EE.UU.-México,Desconocido,1
-4.551278,-81.213387,2023,Sudamérica,Peru,Accidente de transporte,Sin ruta registrada,Haiti,25
4.694080737,-74.13428976,2023,Sudamérica,Colombia,Condiciones ambientales extremas,Sin ruta registrada,Rep. Dominicana,2
28.70532865,-100.5123904,2023,Centroamérica,Mexico,Ahogamiento,Frontera EE.UU.-México,Ecuador,1
32.54076098,-117.0367532,2023,Centroamérica,Mexico,Violencia,Frontera EE.UU.-México,Cuba,1
-16.56502543,-69.03805146,2023,Sudamérica,Peru,Condiciones ambientales extremas,Sin ruta registrada,Haiti,4
31.35030942,-110.8027274,2023,Norteamérica,United States of America,Violencia,Frontera EE.UU.-México,Mexico,1
25.77613656,-100.0528374,2023,Centroamérica,Mexico,Accidente de transporte,Frontera EE.UU.-México,Guatemala,14
27.82570424,-101.1465389,2023,Centroamérica,Mexico,Violencia,Frontera EE.UU.-México,Desconocido,1
-16.30183564,-69.52596682,2023,Sudamérica,Peru,Condiciones ambientales extremas,Sin ruta registrada,Haiti,1
32.55481504,-116.8829611,2023,Centroamérica,Mexico,Violencia,Frontera EE.UU.-México,Mexico,2
8.629331918,-82.21260774,2023,Centroamérica,Panama,Accidente de transporte,Sin ruta registrada,Colombia,41
32.54687727,-116.9824003,2023,Norteamérica,United States of America,Muerte accidental,Frontera EE.UU.-México,Mexico,1
18.73222725,-97.47516935,2023,Centroamérica,Mexico,Accidente de transporte,Sin ruta registrada,Colombia,15
5.556294144,-73.36223602,2023,Sudamérica,Colombia,Accidente de transporte,Sin ruta registrada,Venezuela,3
-16.37827562,-71.51832828,2023,Sudamérica,Peru,Violencia,Sin ruta registrada,Venezuela,1
28.71302263,-100.5090702,2023,Centroamérica,Mexico,Ahogamiento,Frontera EE.UU.-México,Desconocido,1
28.66146825,-100.5407974,2023,Centroamérica,Mexico,Muerte accidental,Frontera EE.UU.-México,Honduras,1
21.82052674,-105.0754111,2023,Centroamérica,Mexico,Violencia,Sin ruta registrada,Mexico,1
26.77274411,-80.03636181,2023,Caribe,United States of America,Mixta o desconocida,Caribe hacia EE.UU.,Haiti,1
44.99984468,-72.0534531,2023,Norteamérica,United States of America,Condiciones ambientales extremas,Sin ruta registrada,Mexico,1
27.36382789,-99.47516547,2023,Norteamérica,United States of America,Accidente de transporte,Frontera EE.UU.-México,Guatemala,3
27.5024969,-99.52839149,2023,Centroamérica,Mexico,Ahogamiento,Frontera EE.UU.-México,Desconocido,1
8.450220881,-77.60517186,2023,Centroamérica,Panama,Ahogamiento,Tapón del Darién,Colombia,6
28.60907837,-100.4442285,2023,Norteamérica,United States of America,Ahogamiento,Frontera EE.UU.-México,Desconocido,1
28.69620768,-100.511021,2023,Centroamérica,Mexico,Ahogamiento,Frontera EE.UU.-México,Desconocido,2
31.8417875,-106.68387,2023,Norteamérica,United States of America,Accidente de transporte,Frontera EE.UU.-México,El Salvador,2
32.27524951,-112.7418244,2023,Norteamérica,United States of America,Enfermedad o falta de atención,Frontera EE.UU.-México,Mexico,1
31.7450149,-106.404001,2023,Norteamérica,United States of America,Muerte accidental,Frontera EE.UU.-México,Honduras,1
28.69542822,-100.5109086,2023,Centroamérica,Mexico,Ahogamiento,Frontera EE.UU.-México,Honduras,1
31.77246008,-106.5153854,2023,Norteamérica,United States of America,Muerte accidental,Frontera EE.UU.-México,Honduras,1
26.07645441,-98.22583817,2023,Centroamérica,Mexico,Ahogamiento,Frontera EE.UU.-México,El Salvador,1
28.67620913,-100.5468491,2023,Centroamérica,Mexico,Accidente de transporte,Frontera EE.UU.-México,Paraguay,1
4.711000915,-74.07191855,2023,Sudamérica,Colombia,Violencia,Sin ruta registrada,Colombia,1
28.33592696,-100.3079046,2023,Centroamérica,Mexico,Ahogamiento,Frontera EE.UU.-México,Mexico,1
27.8976001,-100.1724381,2023,Centroamérica,Mexico,Ahogamiento,Frontera EE.UU.-México,Desconocido,1
28.70920448,-100.5110927,2023,Centroamérica,Mexico,Ahogamiento,Frontera EE.UU.-México,Desconocido,1
31.39624829,-110.2937156,2023,Norteamérica,United States of America,Condiciones ambientales extremas,Frontera EE.UU.-México,Desconocido,2
32.89147055,-117.2534935,2023,Norteamérica,United States of America,Ahogamiento,Frontera EE.UU.-México,Mexico,8
8.467987877,-77.69132392,2023,Centroamérica,Panama,Mixta o desconocida,Tapón del Darién,Venezuela,4
18.50413029,-67.99891392,2023,Caribe,Puerto Rico,Ahogamiento,Rep. Dominicana a Puerto Rico,Rep. Dominicana,3
31.786673,-106.56569,2023,Norteamérica,United States of America,Muerte accidental,Frontera EE.UU.-México,Mexico,1
28.83028604,-100.5758397,2023,Centroamérica,Mexico,Ahogamiento,Frontera EE.UU.-México,Mexico,1
31.72489081,-106.5161188,2023,Centroamérica,Mexico,Violencia,Frontera EE.UU.-México,El Salvador,5
14.70032338,-92.15617584,2023,Centroamérica,Mexico,Accidente de transporte,Sin ruta registrada,Venezuela,3
-11.9498779,-77.0661986,2023,Sudamérica,Peru,Violencia,Sin ruta registrada,Venezuela,1
25.51138765,-103.4257868,2023,Centroamérica,Mexico,Accidente de transporte,Sin ruta registrada,Desconocido,1
32.59603368,-116.8389962,2023,Norteamérica,United States of America,Condiciones ambientales extremas,Frontera EE.UU.-México,Mexico,1
8.480785482,-77.58322586,2023,Centroamérica,Panama,Violencia,Tapón del Darién,Desconocido,1
8.480785482,-77.58322586,2023,Centroamérica,Panama,Mixta o desconocida,Tapón del Darién,Desconocido,2
8.480785482,-77.58322586,2023,Centroamérica,Panama,Mixta o desconocida,Tapón del Darién,Desconocido,1
32.17263448,-110.9358898,2023,Norteamérica,United States of America,Accidente de transporte,Frontera EE.UU.-México,Mexico,1
29.45442775,-98.74161326,2023,Norteamérica,United States of America,Accidente de transporte,Frontera EE.UU.-México,Honduras,2
29.4343026,-98.46126658,2023,Norteamérica,United States of America,Accidente de transporte,Frontera EE.UU.-México,Mexico,1
28.71027392,-100.510292,2023,Centroamérica,Mexico,Ahogamiento,Frontera EE.UU.-México,Desconocido,1
24.158936,-82.00400434,2023,Caribe,United States of America,Ahogamiento,Caribe hacia EE.UU.,Cuba,1
17.22455007,-62.24624492,2023,Caribe,Saint Kitts and Nevis,Ahogamiento,Caribe hacia EE.UU.,Cameroon,16
44.99574468,-74.67902897,2023,Norteamérica,Canada,Ahogamiento,Sin ruta registrada,Canada,8
28.96181707,-99.89981283,2023,Norteamérica,United States of America,Mixta o desconocida,Frontera EE.UU.-México,Desconocido,1
28.68318597,-100.5084667,2023,Centroamérica,Mexico,Ahogamiento,Frontera EE.UU.-México,Desconocido,1
28.68239996,-100.508049,2023,Centroamérica,Mexico,Ahogamiento,Frontera EE.UU.-México,Honduras,1
31.71184656,-106.3735111,2023,Centroamérica,Mexico,Accidente de transporte,Frontera EE.UU.-México,Guatemala,2
28.33119466,-100.302961,2023,Centroamérica,Mexico,Ahogamiento,Frontera EE.UU.-México,Desconocido,1
18.15065801,-94.46518768,2023,Centroamérica,Mexico,Ahogamiento,Sin ruta registrada,Honduras,1
27.47852845,-99.47986373,2023,Centroamérica,Mexico,Ahogamiento,Frontera EE.UU.-México,Desconocido,1
32.5446886,-117.0013319,2023,Centroamérica,Mexico,Violencia,Frontera EE.UU.-México,Haiti,1
32.00007,-111.3269,2023,Norteamérica,United States of America,Mixta o desconocida,Frontera EE.UU.-México,Desconocido,1
31.33550011,-110.293348,2023,Norteamérica,United States of America,Violencia,Frontera EE.UU.-México,Mexico,1
32.35981,-113.11644,2023,Norteamérica,United States of America,Mixta o desconocida,Frontera EE.UU.-México,Desconocido,1
31.76682,-111.0998,2023,Norteamérica,United States of America,Mixta o desconocida,Frontera EE.UU.-México,Desconocido,1
32.280741,-109.829958,2023,Norteamérica,United States of America,Violencia,Frontera EE.UU.-México,Guatemala,1
32.280741,-109.829958,2023,Norteamérica,United States of America,Violencia,Frontera EE.UU.-México,Guatemala,1
32.280741,-109.829958,2023,Norteamérica,United States of America,Violencia,Frontera EE.UU.-México,Guatemala,1
31.898825,-111.146407,2023,Norteamérica,United States of America,Condiciones ambientales extremas,Frontera EE.UU.-México,Mexico,1
32.41946,-111.69153,2023,Norteamérica,United States of America,Mixta o desconocida,Frontera EE.UU.-México,Desconocido,1
31.38842,-109.75703,2023,Norteamérica,United States of America,Mixta o desconocida,Frontera EE.UU.-México,Desconocido,1
32.02348,-112.96187,2023,Norteamérica,United States of America,Mixta o desconocida,Frontera EE.UU.-México,Desconocido,1
31.86746,-110.88667,2023,Norteamérica,United States of America,Mixta o desconocida,Frontera EE.UU.-México,Mexico,1
31.91034,-111.78593,2023,Norteamérica,United States of America,Mixta o desconocida,Frontera EE.UU.-México,Desconocido,1
31.49456,-110.77412,2023,Norteamérica,United States of America,Mixta o desconocida,Frontera EE.UU.-México,Mexico,1
31.897861,-111.390506,2023,Norteamérica,United States of America,Mixta o desconocida,Frontera EE.UU.-México,Desconocido,1
31.69235,-110.87656,2023,Norteamérica,United States of America,Condiciones ambientales extremas,Frontera EE.UU.-México,Mexico,1
31.69421,-110.87716,2023,Norteamérica,United States of America,Condiciones ambientales extremas,Frontera EE.UU.-México,Mexico,1
31.993,-110.176,2023,Norteamérica,United States of America,Violencia,Frontera EE.UU.-México,Mexico,1
32.08369,-111.02767,2023,Norteamérica,United States of America,Condiciones ambientales extremas,Frontera EE.UU.-México,Honduras,1
31.7012,-111.624,2023,Norteamérica,United States of America,Condiciones ambientales extremas,Frontera EE.UU.-México,Guatemala,1
32.01308408,-111.992132,2023,Norteamérica,United States of America,Violencia,Frontera EE.UU.-México,Guatemala,1
32.2089,-111.18503,2023,Norteamérica,United States of America,Mixta o desconocida,Frontera EE.UU.-México,Desconocido,1
31.59236,-111.36519,2023,Norteamérica,United States of America,Mixta o desconocida,Frontera EE.UU.-México,Desconocido,1
31.960493,-112.133909,2023,Norteamérica,United States of America,Mixta o desconocida,Frontera EE.UU.-México,Desconocido,1
31.992774,-112.123053,2023,Norteamérica,United States of America,Mixta o desconocida,Frontera EE.UU.-México,Desconocido,1
32.31692,-113.14223,2023,Norteamérica,United States of America,Mixta o desconocida,Frontera EE.UU.-México,Desconocido,1
32.19323,-112.8705,2023,Norteamérica,United States of America,Mixta o desconocida,Frontera EE.UU.-México,Desconocido,1
32.163554,-112.93559,2023,Norteamérica,United States of America,Mixta o desconocida,Frontera EE.UU.-México,Desconocido,1
31.783223,-111.624052,2023,Norteamérica,United States of America,Mixta o desconocida,Frontera EE.UU.-México,Guatemala,1
31.64694,-111.00583,2023,Norteamérica,United States of America,Mixta o desconocida,Frontera EE.UU.-México,Desconocido,1
31.93013,-111.91537,2023,Norteamérica,United States of America,Mixta o desconocida,Frontera EE.UU.-México,Mexico,1
32.363,-111.6278,2023,Norteamérica,United States of America,Mixta o desconocida,Frontera EE.UU.-México,Desconocido,1
28.79750095,-100.5344659,2023,Centroamérica,Mexico,Ahogamiento,Frontera EE.UU.-México,Desconocido,1
28.69608883,-100.5110061,2023,Centroamérica,Mexico,Ahogamiento,Frontera EE.UU.-México,Ecuador,1
32.54129133,-117.047415,2023,Norteamérica,United States of America,Muerte accidental,Frontera EE.UU.-México,Mexico,1
28.60852075,-100.4442566,2023,Norteamérica,United States of America,Ahogamiento,Frontera EE.UU.-México,Desconocido,1
27.42039536,-99.49093237,2023,Centroamérica,Mexico,Ahogamiento,Frontera EE.UU.-México,Desconocido,1
28.6186814,-100.4449806,2023,Norteamérica,United States of America,Ahogamiento,Frontera EE.UU.-México,Desconocido,1
28.3368505,-100.3087821,2023,Centroamérica,Mexico,Ahogamiento,Frontera EE.UU.-México,Desconocido,1
17.67036139,-95.02977384,2023,Centroamérica,Mexico,Accidente de transporte,Sin ruta registrada,Venezuela,1
-22.45034019,-68.92901584,2023,Sudamérica,Chile,Violencia,Sin ruta registrada,Venezuela,1
26.09433992,-98.271092,2023,Centroamérica,Mexico,Ahogamiento,Frontera EE.UU.-México,China,1
28.72929274,-100.5082163,2023,Centroamérica,Mexico,Ahogamiento,Frontera EE.UU.-México,Desconocido,1
28.66335582,-100.5014575,2023,Centroamérica,Mexico,Ahogamiento,Frontera EE.UU.-México,Desconocido,1
29.30268897,-100.3994823,2023,Norteamérica,United States of America,Accidente de transporte,Frontera EE.UU.-México,Desconocido,3
8.43873263,-77.62376861,2023,Centroamérica,Panama,Condiciones ambientales extremas,Tapón del Darién,Desconocido,2
15.14519326,-92.46738176,2023,Centroamérica,Mexico,Condiciones ambientales extremas,Sin ruta registrada,Honduras,1
23.2703811,-102.3297732,2023,Centroamérica,Mexico,Violencia,Sin ruta registrada,Colombia,4
28.75623457,-100.48782,2023,Norteamérica,United States of America,Accidente de transporte,Frontera EE.UU.-México,Mexico,1
45.0048718,-72.10953108,2023,Norteamérica,United States of America,Condiciones ambientales extremas,Sin ruta registrada,Mexico,1
25.88751275,-97.52319127,2023,Centroamérica,Mexico,Ahogamiento,Frontera EE.UU.-México,Haiti,1
25.89790937,-97.49738325,2023,Centroamérica,Mexico,Ahogamiento,Frontera EE.UU.-México,Venezuela,1
28.33137729,-100.3039461,2023,Centroamérica,Mexico,Ahogamiento,Frontera EE.UU.-México,Mexico,1
28.9539416,-99.63882209,2023,Norteamérica,United States of America,Accidente de transporte,Frontera EE.UU.-México,Desconocido,2
27.4994206,-99.50519635,2023,Centroamérica,Mexico,Ahogamiento,Frontera EE.UU.-México,Mexico,1
25.92343431,-97.43181641,2023,Norteamérica,United States of America,Accidente de transporte,Frontera EE.UU.-México,Venezuela,8
28.72373782,-100.508415,2023,Centroamérica,Mexico,Ahogamiento,Frontera EE.UU.-México,Desconocido,1
32.59660815,-114.6151074,2023,Norteamérica,United States of America,Enfermedad o falta de atención,Frontera EE.UU.-México,Mexico,1
28.81454602,-100.3460024,2023,Norteamérica,United States of America,Condiciones ambientales extremas,Frontera EE.UU.-México,Honduras,1
25.8924766,-97.5038154,2023,Centroamérica,Mexico,Ahogamiento,Frontera EE.UU.-México,Desconocido,1
27.89956215,-82.71480897,2023,Norteamérica,United States of America,Mixta o desconocida,Frontera EE.UU.-México,Honduras,1
31.70111395,-106.4470541,2023,Centroamérica,Mexico,Muerte accidental,Frontera EE.UU.-México,Colombia,40
26.19396009,-97.69387765,2023,Norteamérica,United States of America,Enfermedad o falta de atención,Frontera EE.UU.-México,Desconocido,1
14.96425454,-92.14737955,2023,Centroamérica,Mexico,Enfermedad o falta de atención,Sin ruta registrada,Guatemala,1
28.70380312,-100.5122052,2023,Centroamérica,Mexico,Ahogamiento,Frontera EE.UU.-México,Mexico,1
29.32778504,-100.9297621,2023,Centroamérica,Mexico,Ahogamiento,Frontera EE.UU.-México,Desconocido,1
27.4715254,-99.48364811,2023,Centroamérica,Mexico,Ahogamiento,Frontera EE.UU.-México,Cuba,1
29.33829718,-100.9423234,2023,Centroamérica,Mexico,Ahogamiento,Frontera EE.UU.-México,Desconocido,1
8.454776871,-77.67328555,2023,Centroamérica,Panama,Ahogamiento,Tapón del Darién,Venezuela,3
-33.61863737,-70.59061434,2023,Sudamérica,Chile,Violencia,Sin ruta registrada,Venezuela,1
31.73905444,-106.4832605,2023,Centroamérica,Mexico,Accidente de transporte,Frontera EE.UU.-México,Nicaragua,1
27.68529784,-101.2992004,2023,Centroamérica,Mexico,Accidente de transporte,Frontera EE.UU.-México,Desconocido,1
31.74892004,-106.481255,2023,Norteamérica,United States of America,Ahogamiento,Frontera EE.UU.-México,Desconocido,1
14.43383063,-89.18282736,2023,Centroamérica,Honduras,Enfermedad o falta de atención,Sin ruta registrada,Jamaica,1
-20.23072243,-70.13569742,2023,Sudamérica,Chile,Violencia,Sin ruta registrada,Colombia,1
28.66144,-100.5406794,2023,Centroamérica,Mexico,Enfermedad o falta de atención,Frontera EE.UU.-México,Honduras,1
22.45339872,-100.6997286,2023,Centroamérica,Mexico,Violencia,Sin ruta registrada,Honduras,1
14.92175497,-92.25126837,2023,Centroamérica,Mexico,Enfermedad o falta de atención,Sin ruta registrada,Haiti,1
28.70636802,-100.5129884,2023,Centroamérica,Mexico,Mixta o desconocida,Frontera EE.UU.-México,Honduras,1
26.1282623,-98.32956234,2023,Centroamérica,Mexico,Ahogamiento,Frontera EE.UU.-México,Desconocido,1
49.00029415,-97.24486457,2023,Norteamérica,United States of America,Mixta o desconocida,Sin ruta registrada,Desconocido,1
29.08386068,-100.4712086,2023,Norteamérica,United States of America,Mixta o desconocida,Frontera EE.UU.-México,Mexico,1
-29.95454057,-71.33567095,2023,Sudamérica,Chile,Violencia,Sin ruta registrada,Venezuela,1
31.7669031,-106.4946869,2023,Norteamérica,United States of America,Violencia,Frontera EE.UU.-México,Honduras,1
18.22800859,-72.3176204,2023,Caribe,Haiti,Ahogamiento,Sin ruta registrada,Haiti,1
19.29392472,-69.20003238,2023,Caribe,Dominican Republic,Ahogamiento,Rep. Dominicana a Puerto Rico,Rep. Dominicana,1
-18.31138895,-70.2313322,2023,Sudamérica,Peru,Mixta o desconocida,Sin ruta registrada,Venezuela,1
28.72943903,-100.5082585,2023,Centroamérica,Mexico,Ahogamiento,Frontera EE.UU.-México,Desconocido,1
28.70539194,-100.5123301,2023,Centroamérica,Mexico,Ahogamiento,Frontera EE.UU.-México,Desconocido,1
27.10927688,-104.8734808,2023,Centroamérica,Mexico,Accidente de transporte,Frontera EE.UU.-México,Desconocido,1
28.68078146,-100.5075565,2023,Centroamérica,Mexico,Ahogamiento,Frontera EE.UU.-México,Desconocido,1
28.50694826,-99.86079143,2023,Norteamérica,United States of America,Condiciones ambientales extremas,Frontera EE.UU.-México,Mexico,1
28.81185588,-100.5195489,2023,Norteamérica,United States of America,Mixta o desconocida,Frontera EE.UU.-México,Mexico,1
28.66337,-100.5014191,2023,Centroamérica,Mexico,Ahogamiento,Frontera EE.UU.-México,Desconocido,1
28.69684489,-100.5110343,2023,Centroamérica,Mexico,Ahogamiento,Frontera EE.UU.-México,Mexico,1
28.66411021,-100.5522152,2023,Centroamérica,Mexico,Accidente de transporte,Frontera EE.UU.-México,Mexico,1
31.73452516,-106.4586148,2023,Centroamérica,Mexico,Accidente de transporte,Frontera EE.UU.-México,Venezuela,1
28.66377364,-100.5073919,2023,Centroamérica,Mexico,Accidente de transporte,Frontera EE.UU.-México,Ghana,1
25.70237578,-100.330864,2023,Centroamérica,Mexico,Violencia,Sin ruta registrada,Honduras,1
8.456673645,-77.67523132,2023,Centroamérica,Panama,Condiciones ambientales extremas,Tapón del Darién,Venezuela,1
26.92869453,-101.4538834,2023,Centroamérica,Mexico,Accidente de transporte,Frontera EE.UU.-México,Desconocido,1
28.84532608,-100.5377969,2023,Norteamérica,United States of America,Condiciones ambientales extremas,Frontera EE.UU.-México,Mexico,1
24.6251148,-79.70239296,2023,Caribe,Bahamas,Condiciones ambientales extremas,Caribe hacia EE.UU.,Cuba,1
25.89718005,-97.49702529,2023,Centroamérica,Mexico,Ahogamiento,Frontera EE.UU.-México,Desconocido,1
33.33035383,-111.5876758,2023,Norteamérica,United States of America,Enfermedad o falta de atención,Frontera EE.UU.-México,Desconocido,1
24.80536922,-100.3261804,2023,Centroamérica,Mexico,Accidente de transporte,Frontera EE.UU.-México,Honduras,3
28.72968321,-100.5080782,2023,Centroamérica,Mexico,Ahogamiento,Frontera EE.UU.-México,Mexico,1
28.64319053,-100.6059863,2023,Centroamérica,Mexico,Condiciones ambientales extremas,Frontera EE.UU.-México,Guatemala,1
18.94687061,-67.43847944,2023,Caribe,Puerto Rico,Ahogamiento,Rep. Dominicana a Puerto Rico,Rep. Dominicana,1
45.00342182,-74.64071026,2023,Norteamérica,Canada,Ahogamiento,Sin ruta registrada,Desconocido,1
28.70759599,-100.5110795,2023,Norteamérica,United States of America,Ahogamiento,Frontera EE.UU.-México,Desconocido,2
28.70759599,-100.5110795,2023,Norteamérica,United States of America,Ahogamiento,Frontera EE.UU.-México,Desconocido,1
28.70759599,-100.5110795,2023,Norteamérica,United States of America,Ahogamiento,Frontera EE.UU.-México,Desconocido,1
29.55381837,-104.3958951,2023,Centroamérica,Mexico,Condiciones ambientales extremas,Frontera EE.UU.-México,Desconocido,1
28.73955001,-100.5064634,2023,Norteamérica,United States of America,Ahogamiento,Frontera EE.UU.-México,Desconocido,1
28.72357924,-100.507413,2023,Norteamérica,United States of America,Ahogamiento,Frontera EE.UU.-México,Guatemala,2
28.94272811,-100.644684,2023,Norteamérica,United States of America,Ahogamiento,Frontera EE.UU.-México,Honduras,1
11.08586077,-84.6279081,2023,Centroamérica,Nicaragua,Accidente de transporte,Sin ruta registrada,Ecuador,1
32.39969,-113.12035,2023,Norteamérica,United States of America,Condiciones ambientales extremas,Frontera EE.UU.-México,Desconocido,1
32.39265,-113.13152,2023,Norteamérica,United States of America,Condiciones ambientales extremas,Frontera EE.UU.-México,Desconocido,1
32.3922,-113.13225,2023,Norteamérica,United States of America,Condiciones ambientales extremas,Frontera EE.UU.-México,Desconocido,1
32.37067,-113.11125,2023,Norteamérica,United States of America,Condiciones ambientales extremas,Frontera EE.UU.-México,Desconocido,1
32.34672,-112.68065,2023,Norteamérica,United States of America,Condiciones ambientales extremas,Frontera EE.UU.-México,Desconocido,1
32.06745673,-111.366656,2023,Norteamérica,United States of America,Violencia,Frontera EE.UU.-México,Mexico,1
32.06745673,-111.366656,2023,Norteamérica,United States of America,Violencia,Frontera EE.UU.-México,Mexico,1
31.79116,-111.80798,2023,Norteamérica,United States of America,Condiciones ambientales extremas,Frontera EE.UU.-México,Desconocido,1
31.954483,-113.02865,2023,Norteamérica,United States of America,Condiciones ambientales extremas,Frontera EE.UU.-México,Desconocido,1
32.344168,-113.110526,2023,Norteamérica,United States of America,Condiciones ambientales extremas,Frontera EE.UU.-México,Desconocido,1
32.17233998,-110.964121,2023,Norteamérica,United States of America,Condiciones ambientales extremas,Frontera EE.UU.-México,Mexico,1
32.34393,-113.10715,2023,Norteamérica,United States of America,Condiciones ambientales extremas,Frontera EE.UU.-México,Desconocido,1
32.306178,-111.34988,2023,Norteamérica,United States of America,Condiciones ambientales extremas,Frontera EE.UU.-México,Honduras,1
32.6839,-111.976,2023,Norteamérica,United States of America,Condiciones ambientales extremas,Frontera EE.UU.-México,Mexico,1
31.50346,-111.418702,2023,Norteamérica,United States of America,Condiciones ambientales extremas,Frontera EE.UU.-México,Mexico,1
31.50705,-111.418426,2023,Norteamérica,United States of America,Condiciones ambientales extremas,Frontera EE.UU.-México,El Salvador,1
31.91974,-111.99138,2023,Norteamérica,United States of America,Condiciones ambientales extremas,Frontera EE.UU.-México,Desconocido,1
31.658901,-111.647429,2023,Norteamérica,United States of America,Condiciones ambientales extremas,Frontera EE.UU.-México,Desconocido,1
31.3338889,-109.378889,2023,Norteamérica,United States of America,Condiciones ambientales extremas,Frontera EE.UU.-México,Mexico,1
31.85615,-111.367917,2023,Norteamérica,United States of America,Condiciones ambientales extremas,Frontera EE.UU.-México,Guatemala,1
31.621572,-111.796203,2023,Norteamérica,United States of America,Condiciones ambientales extremas,Frontera EE.UU.-México,Guatemala,1
31.970125,-111.729789,2023,Norteamérica,United States of America,Condiciones ambientales extremas,Frontera EE.UU.-México,Guatemala,1
31.79088167,-109.813157,2023,Norteamérica,United States of America,Violencia,Frontera EE.UU.-México,Mexico,1
31.88519,-112.14708,2023,Norteamérica,United States of America,Condiciones ambientales extremas,Frontera EE.UU.-México,Guatemala,1
31.791041,-111.495712,2023,Norteamérica,United States of America,Condiciones ambientales extremas,Frontera EE.UU.-México,Desconocido,1
31.792662,-111.810447,2023,Norteamérica,United States of America,Condiciones ambientales extremas,Frontera EE.UU.-México,Guatemala,1
31.46879,-111.20768,2023,Norteamérica,United States of America,Condiciones ambientales extremas,Frontera EE.UU.-México,Desconocido,1
31.61317,-111.39525,2023,Norteamérica,United States of America,Condiciones ambientales extremas,Frontera EE.UU.-México,Mexico,1
31.8612,-111.72915,2023,Norteamérica,United States of America,Condiciones ambientales extremas,Frontera EE.UU.-México,Desconocido,1
31.38137,-109.41022,2023,Norteamérica,United States of America,Condiciones ambientales extremas,Frontera EE.UU.-México,Mexico,1
28.72947721,-100.5082223,2023,Centroamérica,Mexico,Ahogamiento,Frontera EE.UU.-México,Desconocido,1
28.70548522,-100.5085158,2023,Norteamérica,United States of America,Condiciones ambientales extremas,Frontera EE.UU.-México,Desconocido,1
31.74892076,-106.4981358,2023,Centroamérica,Mexico,Accidente de transporte,Frontera EE.UU.-México,Desconocido,1
49.02831207,-119.4321562,2023,Norteamérica,Canada,Mixta o desconocida,Sin ruta registrada,Mexico,1
19.64315027,-99.08474256,2023,Centroamérica,Mexico,Condiciones ambientales extremas,Sin ruta registrada,Honduras,1
28.75757409,-100.4959309,2023,Norteamérica,United States of America,Condiciones ambientales extremas,Frontera EE.UU.-México,Honduras,1
25.59890362,-103.4726661,2023,Centroamérica,Mexico,Accidente de transporte,Frontera EE.UU.-México,Honduras,1
11.05267717,-84.68159341,2023,Centroamérica,Costa Rica,Accidente de transporte,Sin ruta registrada,Venezuela,3
28.74800359,-100.4325899,2023,Norteamérica,United States of America,Condiciones ambientales extremas,Frontera EE.UU.-México,Mexico,1
28.67874699,-100.5158232,2023,Centroamérica,Mexico,Mixta o desconocida,Frontera EE.UU.-México,Honduras,1
7.473888256,-73.20615743,2023,Sudamérica,Colombia,Accidente de transporte,Sin ruta registrada,Venezuela,10
25.78242005,-99.2888583,2023,Centroamérica,Mexico,Mixta o desconocida,Frontera EE.UU.-México,Colombia,1
29.30972638,-100.9003482,2023,Centroamérica,Mexico,Ahogamiento,Frontera EE.UU.-México,Desconocido,1
26.40197413,-99.05274084,2023,Centroamérica,Mexico,Ahogamiento,Frontera EE.UU.-México,Desconocido,1
28.43849616,-100.7546038,2023,Centroamérica,Mexico,Accidente de transporte,Frontera EE.UU.-México,Desconocido,1
7.217752291,-60.52197285,2023,Sudamérica,Guyana,Violencia,Sin ruta registrada,Venezuela,1
25.41226941,-100.9587148,2023,Centroamérica,Mexico,Accidente de transporte,Sin ruta registrada,Guatemala,1
14.90571474,-92.26400615,2023,Centroamérica,Mexico,Muerte accidental,Frontera EE.UU.-México,Honduras,1
32.47419619,-114.7368588,2023,Norteamérica,United States of America,Muerte accidental,Frontera EE.UU.-México,Mexico,1
25.51136119,-103.4257547,2023,Centroamérica,Mexico,Accidente de transporte,Frontera EE.UU.-México,Ecuador,1
19.44222375,-98.16035693,2023,Centroamérica,Mexico,Accidente de transporte,Sin ruta registrada,Honduras,1
18.01024091,-93.69727465,2023,Centroamérica,Mexico,Accidente de transporte,Sin ruta registrada,Honduras,5
28.69628757,-100.509234,2023,Norteamérica,United States of America,Condiciones ambientales extremas,Frontera EE.UU.-México,Ecuador,1
28.69590311,-100.5110668,2023,Centroamérica,Mexico,Ahogamiento,Frontera EE.UU.-México,Ecuador,1
25.0440989,-77.46540033,2023,Caribe,Bahamas,Mixta o desconocida,Sin ruta registrada,Haiti,1
28.70693079,-100.5115537,2023,Norteamérica,United States of America,Mixta o desconocida,Frontera EE.UU.-México,Honduras,1
18.37152662,-68.84077555,2023,Caribe,Dominican Republic,Ahogamiento,Rep. Dominicana a Puerto Rico,Rep. Dominicana,23
28.66310252,-100.5014239,2023,Centroamérica,Mexico,Ahogamiento,Frontera EE.UU.-México,Honduras,1
28.71305277,-100.5072723,2023,Norteamérica,United States of America,Ahogamiento,Frontera EE.UU.-México,Honduras,1
21.56011467,-104.9399556,2023,Centroamérica,Mexico,Accidente de transporte,Sin ruta registrada,Mauritania,18
28.71867099,-100.4259134,2023,Norteamérica,United States of America,Condiciones ambientales extremas,Frontera EE.UU.-México,Desconocido,1
28.70537819,-100.5123334,2023,Centroamérica,Mexico,Ahogamiento,Frontera EE.UU.-México,Honduras,1
19.56553338,-70.94595193,2023,Caribe,Dominican Republic,Accidente de transporte,Sin ruta registrada,Haiti,13
16.2526711,-94.44652634,2023,Centroamérica,Mexico,Ahogamiento,Sin ruta registrada,Senegal,27
25.40084285,-101.0277801,2023,Centroamérica,Mexico,Mixta o desconocida,Frontera EE.UU.-México,Desconocido,1
31.73805763,-106.3928288,2023,Centroamérica,Mexico,Ahogamiento,Frontera EE.UU.-México,Desconocido,1
29.17657017,-102.9462563,2023,Centroamérica,Mexico,Condiciones ambientales extremas,Frontera EE.UU.-México,Mexico,2
29.18818337,-102.9376348,2023,Centroamérica,Mexico,Condiciones ambientales extremas,Frontera EE.UU.-México,Mexico,1
29.19049566,-102.9350747,2023,Centroamérica,Mexico,Condiciones ambientales extremas,Frontera EE.UU.-México,Mexico,1
28.2820446,-100.2918378,2023,Norteamérica,United States of America,Condiciones ambientales extremas,Frontera EE.UU.-México,Mexico,1
28.51087608,-100.3165894,2023,Norteamérica,United States of America,Condiciones ambientales extremas,Frontera EE.UU.-México,Honduras,1
29.71951209,-101.7006857,2023,Centroamérica,Mexico,Condiciones ambientales extremas,Frontera EE.UU.-México,Mexico,1
32.58222899,-116.5485814,2023,Centroamérica,Mexico,Condiciones ambientales extremas,Frontera EE.UU.-México,China,1
28.72367571,-100.5091453,2023,Centroamérica,Mexico,Ahogamiento,Frontera EE.UU.-México,Desconocido,1
18.16325977,-97.26031386,2023,Centroamérica,Mexico,Accidente de transporte,Sin ruta registrada,Mexico,16
28.71150774,-100.5097039,2023,Centroamérica,Mexico,Ahogamiento,Frontera EE.UU.-México,Honduras,1
28.70864209,-100.5116277,2023,Centroamérica,Mexico,Mixta o desconocida,Frontera EE.UU.-México,Desconocido,1
28.69496425,-100.5218395,2023,Centroamérica,Mexico,Enfermedad o falta de atención,Frontera EE.UU.-México,Mexico,1
9.934096798,-84.08779522,2023,Centroamérica,Costa Rica,Enfermedad o falta de atención,Sin ruta registrada,Venezuela,1
28.68455489,-100.5087456,2023,Centroamérica,Mexico,Ahogamiento,Frontera EE.UU.-México,Desconocido,2
28.75018155,-100.5113425,2023,Norteamérica,United States of America,Condiciones ambientales extremas,Frontera EE.UU.-México,Desconocido,1
28.66323535,-100.5014022,2023,Centroamérica,Mexico,Ahogamiento,Frontera EE.UU.-México,Desconocido,2
8.454703791,-77.67339383,2023,Centroamérica,Panama,Ahogamiento,Tapón del Darién,Venezuela,1
13.80020013,-86.57777234,2023,Centroamérica,Honduras,Condiciones ambientales extremas,Sin ruta registrada,Cuba,1
15.05304877,-92.08057025,2023,Centroamérica,Mexico,Accidente de transporte,Sin ruta registrada,Desconocido,8
30.37121789,-104.8999331,2023,Centroamérica,Mexico,Mixta o desconocida,Frontera EE.UU.-México,Desconocido,7
28.70485844,-100.5130077,2023,Centroamérica,Mexico,Condiciones ambientales extremas,Frontera EE.UU.-México,Rep. Dominicana,1
28.67601663,-100.4675845,2023,Norteamérica,United States of America,Condiciones ambientales extremas,Frontera EE.UU.-México,Mexico,1
28.68725766,-100.355903,2023,Norteamérica,United States of America,Condiciones ambientales extremas,Frontera EE.UU.-México,Mexico,1
26.16276844,-97.68771893,2023,Norteamérica,United States of America,Enfermedad o falta de atención,Frontera EE.UU.-México,Desconocido,1
15.65540446,-92.33909569,2023,Centroamérica,Mexico,Violencia,Sin ruta registrada,Desconocido,6
8.405480099,-77.81849482,2023,Centroamérica,Panama,Ahogamiento,Tapón del Darién,Ecuador,1
8.403427795,-77.81368307,2023,Centroamérica,Panama,Enfermedad o falta de atención,Tapón del Darién,Desconocido,1
8.360761539,-77.79146379,2023,Centroamérica,Panama,Enfermedad o falta de atención,Tapón del Darién,Haiti,1
8.501378222,-77.97294914,2023,Centroamérica,Panama,Mixta o desconocida,Tapón del Darién,Venezuela,1
8.466816746,-77.69235051,2023,Centroamérica,Panama,Mixta o desconocida,Tapón del Darién,Haiti,1
8.466829924,-77.69237716,2023,Centroamérica,Panama,Mixta o desconocida,Tapón del Darién,Haiti,1
8.456036776,-77.67234103,2023,Centroamérica,Panama,Mixta o desconocida,Tapón del Darién,Ecuador,1
8.455969393,-77.67234103,2023,Centroamérica,Panama,Violencia,Tapón del Darién,Haiti,1
8.499607369,-77.97210807,2023,Centroamérica,Panama,Enfermedad o falta de atención,Tapón del Darién,Haiti,1
31.76184526,-106.4517527,2023,Centroamérica,Mexico,Violencia,Frontera EE.UU.-México,Nicaragua,1
31.73559972,-106.4818895,2023,Centroamérica,Mexico,Accidente de transporte,Frontera EE.UU.-México,Desconocido,1
28.64043765,-100.5641978,2023,Centroamérica,Mexico,Accidente de transporte,Frontera EE.UU.-México,Desconocido,1
28.69623345,-100.5112105,2023,Centroamérica,Mexico,Ahogamiento,Frontera EE.UU.-México,Desconocido,1
28.70236476,-100.5191458,2023,Centroamérica,Mexico,Enfermedad o falta de atención,Frontera EE.UU.-México,Mexico,1
8.53560043,-82.84047526,2023,Centroamérica,Costa Rica,Enfermedad o falta de atención,Sin ruta registrada,Colombia,1
8.535905078,-82.84219781,2023,Centroamérica,Costa Rica,Enfermedad o falta de atención,Sin ruta registrada,Venezuela,1
8.53560043,-82.84047526,2023,Centroamérica,Costa Rica,Enfermedad o falta de atención,Sin ruta registrada,Venezuela,1
8.53560043,-82.84047526,2023,Centroamérica,Costa Rica,Enfermedad o falta de atención,Sin ruta registrada,Venezuela,1
28.67035648,-100.5001295,2023,Norteamérica,United States of America,Mixta o desconocida,Frontera EE.UU.-México,Nicaragua,1
28.71031456,-100.5107308,2023,Centroamérica,Mexico,Ahogamiento,Frontera EE.UU.-México,Nicaragua,1
14.88265993,-92.30574499,2023,Centroamérica,Mexico,Accidente de transporte,Sin ruta registrada,Desconocido,1
21.81334093,-72.28022723,2023,Caribe,Turks and Caicos Islands,Mixta o desconocida,Sin ruta registrada,Desconocido,1
31.87897404,-112.8121608,2023,Norteamérica,United States of America,Condiciones ambientales extremas,Frontera EE.UU.-México,Bangladesh,1
31.81443676,-106.7147191,2023,Norteamérica,United States of America,Enfermedad o falta de atención,Frontera EE.UU.-México,Mexico,1
27.81119229,-101.142443,2023,Centroamérica,Mexico,Muerte accidental,Frontera EE.UU.-México,Guatemala,1
8.45725746,-77.67885854,2023,Centroamérica,Panama,Enfermedad o falta de atención,Tapón del Darién,Venezuela,1
31.81064013,-106.59753,2023,Norteamérica,United States of America,Condiciones ambientales extremas,Frontera EE.UU.-México,Desconocido,1
31.8213971,-106.611458,2023,Norteamérica,United States of America,Condiciones ambientales extremas,Frontera EE.UU.-México,Desconocido,1
21.98094912,-102.2702352,2023,Centroamérica,Mexico,Muerte accidental,Sin ruta registrada,Venezuela,1
14.03082508,-86.57131891,2023,Centroamérica,Honduras,Enfermedad o falta de atención,Sin ruta registrada,Desconocido,1
14.62531347,-92.24395941,2023,Centroamérica,Mexico,Mixta o desconocida,Sin ruta registrada,Guatemala,1
14.53478033,-89.27909568,2023,Centroamérica,Honduras,Mixta o desconocida,Sin ruta registrada,Cuba,1
28.68152054,-100.5105032,2023,Centroamérica,Mexico,Muerte accidental,Frontera EE.UU.-México,Honduras,1
31.96681493,-111.4336666,2023,Norteamérica,United States of America,Mixta o desconocida,Frontera EE.UU.-México,Mexico,1
8.472255296,-77.69106456,2023,Centroamérica,Panama,Violencia,Tapón del Darién,Colombia,1
8.499109735,-77.98049789,2023,Centroamérica,Panama,Enfermedad o falta de atención,Tapón del Darién,Desconocido,1
8.618798791,-77.40820032,2023,Centroamérica,Panama,Violencia,Tapón del Darién,Haiti,1
8.443617732,-77.61754803,2023,Centroamérica,Panama,Violencia,Tapón del Darién,Haiti,1
16.73012377,-92.64047612,2023,Centroamérica,Mexico,Mixta o desconocida,Sin ruta registrada,Cuba,1
28.70427249,-100.512305,2023,Centroamérica,Mexico,Ahogamiento,Frontera EE.UU.-México,Colombia,1
26.53142477,-101.2567332,2023,Centroamérica,Mexico,Condiciones ambientales extremas,Frontera EE.UU.-México,Honduras,1
31.33068807,-106.473086,2023,Centroamérica,Mexico,Condiciones ambientales extremas,Frontera EE.UU.-México,Guatemala,1
15.5245395,-88.04152375,2023,Centroamérica,Honduras,Condiciones ambientales extremas,Sin ruta registrada,Honduras,1
32.54935222,-116.9495094,2023,Norteamérica,United States of America,Muerte accidental,Frontera EE.UU.-México,Guatemala,1
28.70767825,-100.5108409,2023,Norteamérica,United States of America,Ahogamiento,Frontera EE.UU.-México,Honduras,1
27.70508193,-99.45271104,2023,Norteamérica,United States of America,Mixta o desconocida,Frontera EE.UU.-México,Desconocido,1
-13.53459866,-71.8672196,2023,Sudamérica,Peru,Accidente de transporte,Sin ruta registrada,Venezuela,4
22.41165383,-102.2749325,2023,Centroamérica,Mexico,Muerte accidental,Sin ruta registrada,Desconocido,1
8.431735049,-82.45276131,2023,Centroamérica,Panama,Mixta o desconocida,Tapón del Darién,Venezuela,1
8.457085971,-77.67856369,2023,Centroamérica,Panama,Violencia,Tapón del Darién,Haiti,1
8.434339689,-77.63566091,2023,Centroamérica,Panama,Ahogamiento,Tapón del Darién,Venezuela,4
15.78818805,-93.3787387,2023,Centroamérica,Mexico,Accidente de transporte,Sin ruta registrada,Cuba,10
32.65374537,-115.4727991,2023,Centroamérica,Mexico,Accidente de transporte,Frontera EE.UU.-México,Colombia,2
32.57131089,-116.6500767,2023,Centroamérica,Mexico,Violencia,Frontera EE.UU.-México,Mexico,2
17.34424818,-93.55699293,2023,Centroamérica,Mexico,Accidente de transporte,Sin ruta registrada,Desconocido,2
27.23270619,-101.4057649,2023,Centroamérica,Mexico,Accidente de transporte,Frontera EE.UU.-México,El Salvador,2
16.55929714,-95.11579996,2023,Centroamérica,Mexico,Condiciones ambientales extremas,Sin ruta registrada,Desconocido,1
28.61990947,-100.410805,2023,Norteamérica,United States of America,Condiciones ambientales extremas,Frontera EE.UU.-México,Honduras,1
19.60609174,-98.31616573,2023,Centroamérica,Mexico,Ahogamiento,Sin ruta registrada,Colombia,2
28.7359228,-100.50626,2023,Norteamérica,United States of America,Ahogamiento,Frontera EE.UU.-México,Desconocido,1
28.72353277,-100.5073568,2023,Norteamérica,United States of America,Ahogamiento,Frontera EE.UU.-México,Honduras,1
32.5568443,-116.8562697,2023,Centroamérica,Mexico,Mixta o desconocida,Frontera EE.UU.-México,Mexico,4
31.35412505,-110.967596,2023,Norteamérica,United States of America,Enfermedad o falta de atención,Frontera EE.UU.-México,Mexico,1
28.71424981,-100.5070276,2023,Norteamérica,United States of America,Ahogamiento,Frontera EE.UU.-México,Desconocido,1
28.70798343,-100.5107437,2023,Norteamérica,United States of America,Ahogamiento,Frontera EE.UU.-México,Desconocido,1
14.00515461,-86.56730818,2023,Centroamérica,Honduras,Enfermedad o falta de atención,Sin ruta registrada,Venezuela,1
29.8958932,-101.1513613,2023,Norteamérica,United States of America,Accidente de transporte,Frontera EE.UU.-México,Mexico,1
19.75277778,-79.84938502,2023,Caribe,Cayman Islands,Ahogamiento,Caribe hacia EE.UU.,Cuba,2
28.7359228,-100.50626,2023,Norteamérica,United States of America,Ahogamiento,Frontera EE.UU.-México,Colombia,1
14.64763696,-90.49660585,2023,Centroamérica,Guatemala,Violencia,Sin ruta registrada,Colombia,1
15.46976946,-88.84459022,2023,Centroamérica,Guatemala,Violencia,Sin ruta registrada,Honduras,1
17.28450603,-96.89746422,2023,Centroamérica,Mexico,Accidente de transporte,Sin ruta registrada,Haiti,18
31.90687,-111.89904,2023,Norteamérica,United States of America,Condiciones ambientales extremas,Frontera EE.UU.-México,Mexico,1
31.36148,-109.22255,2023,Norteamérica,United States of America,Condiciones ambientales extremas,Frontera EE.UU.-México,Mexico,1
31.73279428,-110.35046,2023,Norteamérica,United States of America,Condiciones ambientales extremas,Frontera EE.UU.-México,Mexico,1
31.36811,-111.04407,2023,Norteamérica,United States of America,Mixta o desconocida,Frontera EE.UU.-México,Mexico,1
31.57785,-111.33561,2023,Norteamérica,United States of America,Condiciones ambientales extremas,Frontera EE.UU.-México,Guatemala,1
31.387218,-111.238079,2023,Norteamérica,United States of America,Condiciones ambientales extremas,Frontera EE.UU.-México,Mexico,1
32.05851,-111.36401,2023,Norteamérica,United States of America,Condiciones ambientales extremas,Frontera EE.UU.-México,Colombia,1
32.07225,-112.47622,2023,Norteamérica,United States of America,Mixta o desconocida,Frontera EE.UU.-México,Desconocido,1
31.58798386,-111.239608,2023,Norteamérica,United States of America,Condiciones ambientales extremas,Frontera EE.UU.-México,Mexico,1
31.55961,-111.35003,2023,Norteamérica,United States of America,Mixta o desconocida,Frontera EE.UU.-México,Mexico,1
31.6353,-111.13954,2023,Norteamérica,United States of America,Mixta o desconocida,Frontera EE.UU.-México,Mexico,1
31.629174,-111.149424,2023,Norteamérica,United States of America,Mixta o desconocida,Frontera EE.UU.-México,Guatemala,1
32.405838,-111.723121,2023,Norteamérica,United States of America,Condiciones ambientales extremas,Frontera EE.UU.-México,Guatemala,1
31.9326,-111.86957,2023,Norteamérica,United States of America,Condiciones ambientales extremas,Frontera EE.UU.-México,Guatemala,1
32.0277392,-112.001813,2023,Norteamérica,United States of America,Condiciones ambientales extremas,Frontera EE.UU.-México,Mexico,1
31.82164,-111.907658,2023,Norteamérica,United States of America,Mixta o desconocida,Frontera EE.UU.-México,Desconocido,1
31.83958,-111.912325,2023,Norteamérica,United States of America,Condiciones ambientales extremas,Frontera EE.UU.-México,Guatemala,1
31.92721,-112.36,2023,Norteamérica,United States of America,Condiciones ambientales extremas,Frontera EE.UU.-México,Mexico,1
31.33527,-109.37805,2023,Norteamérica,United States of America,Enfermedad o falta de atención,Frontera EE.UU.-México,Mexico,1
31.702073,-112.026101,2023,Norteamérica,United States of America,Mixta o desconocida,Frontera EE.UU.-México,Desconocido,1
31.899167,-112.676167,2023,Norteamérica,United States of America,Condiciones ambientales extremas,Frontera EE.UU.-México,Mexico,1
31.9258718,-112.802311,2023,Norteamérica,United States of America,Condiciones ambientales extremas,Frontera EE.UU.-México,Guatemala,1
31.93011,-111.41917,2023,Norteamérica,United States of America,Condiciones ambientales extremas,Frontera EE.UU.-México,Guatemala,1
31.90216,-111.86239,2023,Norteamérica,United States of America,Condiciones ambientales extremas,Frontera EE.UU.-México,Guatemala,1
32.022823,-110.941623,2023,Norteamérica,United States of America,Condiciones ambientales extremas,Frontera EE.UU.-México,Mexico,1
31.45721,-109.06571,2023,Norteamérica,United States of America,Condiciones ambientales extremas,Frontera EE.UU.-México,Mexico,1
31.7787,-111.83163,2023,Norteamérica,United States of America,Condiciones ambientales extremas,Frontera EE.UU.-México,Guatemala,1
31.89821,-111.851,2023,Norteamérica,United States of America,Mixta o desconocida,Frontera EE.UU.-México,Desconocido,1
31.55516,-111.33535,2023,Norteamérica,United States of America,Condiciones ambientales extremas,Frontera EE.UU.-México,Guatemala,1
32.03779,-112.32059,2023,Norteamérica,United States of America,Condiciones ambientales extremas,Frontera EE.UU.-México,Desconocido,1
32.03779,-112.32059,2023,Norteamérica,United States of America,Condiciones ambientales extremas,Frontera EE.UU.-México,Desconocido,1
32.473525,-111.795155,2023,Norteamérica,United States of America,Mixta o desconocida,Frontera EE.UU.-México,Guatemala,1
31.4426589,-109.826547,2023,Norteamérica,United States of America,Violencia,Frontera EE.UU.-México,Guatemala,1
31.83517,-111.39818,2023,Norteamérica,United States of America,Condiciones ambientales extremas,Frontera EE.UU.-México,Desconocido,1
31.82864,-111.39869,2023,Norteamérica,United States of America,Condiciones ambientales extremas,Frontera EE.UU.-México,Guatemala,1
31.850065,-111.776051,2023,Norteamérica,United States of America,Mixta o desconocida,Frontera EE.UU.-México,Guatemala,1
31.837535,-111.859055,2023,Norteamérica,United States of America,Condiciones ambientales extremas,Frontera EE.UU.-México,Guatemala,1
31.58946,-111.33029,2023,Norteamérica,United States of America,Condiciones ambientales extremas,Frontera EE.UU.-México,Guatemala,1
31.36199,-111.09084,2023,Norteamérica,United States of America,Condiciones ambientales extremas,Frontera EE.UU.-México,Mexico,1
31.56417,-111.4051,2023,Norteamérica,United States of America,Condiciones ambientales extremas,Frontera EE.UU.-México,Mexico,1
32.416844,-112.321667,2023,Norteamérica,United States of America,Mixta o desconocida,Frontera EE.UU.-México,Desconocido,1
31.5736111,-109.178056,2023,Norteamérica,United States of America,Condiciones ambientales extremas,Frontera EE.UU.-México,Mexico,1
31.894483,-111.854683,2023,Norteamérica,United States of America,Condiciones ambientales extremas,Frontera EE.UU.-México,Mexico,1
32.304141,-113.257297,2023,Norteamérica,United States of America,Condiciones ambientales extremas,Frontera EE.UU.-México,Mexico,1
31.468334,-109.389301,2023,Norteamérica,United States of America,Mixta o desconocida,Frontera EE.UU.-México,Desconocido,1
31.840633,-111.779746,2023,Norteamérica,United States of America,Mixta o desconocida,Frontera EE.UU.-México,Guatemala,1
32.13398408,-110.926363,2023,Norteamérica,United States of America,Accidente de transporte,Frontera EE.UU.-México,Mexico,1
31.65369,-111.13683,2023,Norteamérica,United States of America,Condiciones ambientales extremas,Frontera EE.UU.-México,Guatemala,1
31.3925,-109.317,2023,Norteamérica,United States of America,Condiciones ambientales extremas,Frontera EE.UU.-México,Mexico,1
31.89712,-111.74242,2023,Norteamérica,United States of America,Condiciones ambientales extremas,Frontera EE.UU.-México,Mexico,1
31.814989,-111.25161,2023,Norteamérica,United States of America,Condiciones ambientales extremas,Frontera EE.UU.-México,Honduras,1
31.546067,-111.743067,2023,Norteamérica,United States of America,Condiciones ambientales extremas,Frontera EE.UU.-México,Guatemala,1
32.07571752,-110.919139,2023,Norteamérica,United States of America,Mixta o desconocida,Frontera EE.UU.-México,Desconocido,1
31.84389,-111.2468,2023,Norteamérica,United States of America,Mixta o desconocida,Frontera EE.UU.-México,Desconocido,1
31.72586,-111.82315,2023,Norteamérica,United States of America,Condiciones ambientales extremas,Frontera EE.UU.-México,Mexico,1
31.90331,-111.76676,2023,Norteamérica,United States of America,Condiciones ambientales extremas,Frontera EE.UU.-México,Guatemala,1
31.36723009,-110.213946,2023,Norteamérica,United States of America,Condiciones ambientales extremas,Frontera EE.UU.-México,Guatemala,1
31.80044,-111.83352,2023,Norteamérica,United States of America,Mixta o desconocida,Frontera EE.UU.-México,Guatemala,1
31.395367,-110.776893,2023,Norteamérica,United States of America,Mixta o desconocida,Frontera EE.UU.-México,Mexico,1
31.7771,-111.63708,2023,Norteamérica,United States of America,Mixta o desconocida,Frontera EE.UU.-México,Guatemala,1
31.70986,-111.77679,2023,Norteamérica,United States of America,Mixta o desconocida,Frontera EE.UU.-México,Desconocido,1
31.3868,-111.10223,2023,Norteamérica,United States of America,Mixta o desconocida,Frontera EE.UU.-México,Desconocido,1
32.4045,-113.295,2023,Norteamérica,United States of America,Mixta o desconocida,Frontera EE.UU.-México,Desconocido,1
31.86538,-111.86182,2023,Norteamérica,United States of America,Condiciones ambientales extremas,Frontera EE.UU.-México,Guatemala,1
31.829617,-111.537183,2023,Norteamérica,United States of America,Condiciones ambientales extremas,Frontera EE.UU.-México,Guatemala,1
31.79016,-111.9115,2023,Norteamérica,United States of America,Condiciones ambientales extremas,Frontera EE.UU.-México,Guatemala,1
31.96958,-111.42093,2023,Norteamérica,United States of America,Condiciones ambientales extremas,Frontera EE.UU.-México,Guatemala,1
31.3340158,-110.96896,2023,Norteamérica,United States of America,Condiciones ambientales extremas,Frontera EE.UU.-México,Mexico,1
31.61895,-111.76166,2023,Norteamérica,United States of America,Condiciones ambientales extremas,Frontera EE.UU.-México,Mexico,1
31.804505,-111.253276,2023,Norteamérica,United States of America,Mixta o desconocida,Frontera EE.UU.-México,Honduras,1
31.480073,-109.24605,2023,Norteamérica,United States of America,Condiciones ambientales extremas,Frontera EE.UU.-México,Mexico,1
32.446467,-113.135567,2023,Norteamérica,United States of America,Mixta o desconocida,Frontera EE.UU.-México,Mexico,1
31.34875212,-109.545518,2023,Norteamérica,United States of America,Violencia,Frontera EE.UU.-México,Mexico,1
31.46151,-109.4665,2023,Norteamérica,United States of America,Condiciones ambientales extremas,Frontera EE.UU.-México,Mexico,1
32.1049,-112.02528,2023,Norteamérica,United States of America,Condiciones ambientales extremas,Frontera EE.UU.-México,Guatemala,1
32.3091667,-111.868056,2023,Norteamérica,United States of America,Mixta o desconocida,Frontera EE.UU.-México,Desconocido,1
31.752623,-111.702997,2023,Norteamérica,United States of America,Condiciones ambientales extremas,Frontera EE.UU.-México,Guatemala,1
31.65322,-111.85648,2023,Norteamérica,United States of America,Mixta o desconocida,Frontera EE.UU.-México,Guatemala,1
32.14987,-111.55561,2023,Norteamérica,United States of America,Condiciones ambientales extremas,Frontera EE.UU.-México,Guatemala,1
32.246989,-113.057283,2023,Norteamérica,United States of America,Mixta o desconocida,Frontera EE.UU.-México,Desconocido,1
32.19949,-113.05528,2023,Norteamérica,United States of America,Mixta o desconocida,Frontera EE.UU.-México,Desconocido,1
32.307465,-111.35946,2023,Norteamérica,United States of America,Mixta o desconocida,Frontera EE.UU.-México,Mexico,1
32.04938,-111.3646,2023,Norteamérica,United States of America,Condiciones ambientales extremas,Frontera EE.UU.-México,Guatemala,1
31.86247,-111.90578,2023,Norteamérica,United States of America,Mixta o desconocida,Frontera EE.UU.-México,Mexico,1
31.92649,-112.12507,2023,Norteamérica,United States of America,Mixta o desconocida,Frontera EE.UU.-México,Desconocido,1
31.804817,-111.826067,2023,Norteamérica,United States of America,Mixta o desconocida,Frontera EE.UU.-México,Guatemala,1
31.68962,-110.86278,2023,Norteamérica,United States of America,Mixta o desconocida,Frontera EE.UU.-México,Desconocido,1
31.85124,-112.12402,2023,Norteamérica,United States of America,Mixta o desconocida,Frontera EE.UU.-México,Desconocido,1
31.75393,-111.97301,2023,Norteamérica,United States of America,Mixta o desconocida,Frontera EE.UU.-México,Mexico,1
32.1032667,-111.321023,2023,Norteamérica,United States of America,Mixta o desconocida,Frontera EE.UU.-México,Desconocido,1
31.67986,-111.85368,2023,Norteamérica,United States of America,Condiciones ambientales extremas,Frontera EE.UU.-México,Guatemala,1
32.135983,-112.6403,2023,Norteamérica,United States of America,Mixta o desconocida,Frontera EE.UU.-México,Mexico,1
29.08385399,-100.4712316,2023,Norteamérica,United States of America,Accidente de transporte,Frontera EE.UU.-México,Mexico,1
26.6725536,-101.3823687,2023,Centroamérica,Mexico,Muerte accidental,Frontera EE.UU.-México,Honduras,1
31.71187775,-106.3735109,2023,Centroamérica,Mexico,Muerte accidental,Frontera EE.UU.-México,Desconocido,2
28.65673608,-106.0801912,2023,Centroamérica,Mexico,Condiciones ambientales extremas,Frontera EE.UU.-México,Cuba,1
19.67112691,-81.08434156,2023,Caribe,Cayman Islands,Ahogamiento,Caribe hacia EE.UU.,Cuba,2
28.70468544,-100.516723,2023,Centroamérica,Mexico,Violencia,Frontera EE.UU.-México,Mexico,1
-19.27125692,-68.6257058,2023,Sudamérica,Chile,Condiciones ambientales extremas,Sin ruta registrada,Bolivia,1
16.55414619,-94.61435433,2023,Centroamérica,Mexico,Muerte accidental,Sin ruta registrada,Desconocido,1
18.12652572,-94.45735768,2023,Centroamérica,Mexico,Muerte accidental,Sin ruta registrada,El Salvador,1
29.02857073,-100.1552081,2023,Norteamérica,United States of America,Condiciones ambientales extremas,Frontera EE.UU.-México,Mexico,1
29.28233361,-98.65918426,2023,Norteamérica,United States of America,Muerte accidental,Frontera EE.UU.-México,Desconocido,1
15.33973661,-88.4001299,2023,Centroamérica,Honduras,Enfermedad o falta de atención,Sin ruta registrada,Cuba,1
31.75016748,-106.6556099,2023,Centroamérica,Mexico,Violencia,Frontera EE.UU.-México,Guatemala,2
16.07664167,-93.76383224,2023,Centroamérica,Mexico,Condiciones ambientales extremas,Sin ruta registrada,Haiti,1
25.40300574,-101.0271331,2023,Centroamérica,Mexico,Mixta o desconocida,Sin ruta registrada,Honduras,1
32.54156785,-117.061009,2023,Norteamérica,United States of America,Enfermedad o falta de atención,Frontera EE.UU.-México,Guinea,1
8.513118563,-77.28391851,2023,Sudamérica,Colombia,Mixta o desconocida,Sin ruta registrada,Venezuela,1
32.54037295,-117.0601299,2023,Norteamérica,United States of America,Enfermedad o falta de atención,Frontera EE.UU.-México,Guinea,1
14.74801279,-92.17112063,2023,Centroamérica,Mexico,Ahogamiento,Sin ruta registrada,Cuba,2
29.07536733,-100.6394247,2023,Norteamérica,United States of America,Mixta o desconocida,Frontera EE.UU.-México,Honduras,1
28.66335868,-100.501601,2023,Centroamérica,Mexico,Ahogamiento,Frontera EE.UU.-México,Desconocido,1
17.98786547,-94.11282364,2023,Centroamérica,Mexico,Violencia,Sin ruta registrada,Guatemala,1
14.701687,-92.11357025,2023,Centroamérica,Guatemala,Accidente de transporte,Sin ruta registrada,Cuba,1
28.70782112,-100.5109821,2023,Norteamérica,United States of America,Ahogamiento,Frontera EE.UU.-México,Desconocido,1
28.70043845,-100.5117279,2023,Centroamérica,Mexico,Ahogamiento,Frontera EE.UU.-México,Desconocido,1
14.74941904,-88.77155679,2023,Centroamérica,Honduras,Accidente de transporte,Sin ruta registrada,Venezuela,4
31.78518692,-106.5991776,2023,Norteamérica,United States of America,Condiciones ambientales extremas,Frontera EE.UU.-México,Mexico,1
28.70377504,-100.5122168,2023,Centroamérica,Mexico,Ahogamiento,Frontera EE.UU.-México,Desconocido,1
25.88943132,-97.50762976,2023,Norteamérica,United States of America,Ahogamiento,Frontera EE.UU.-México,Haiti,2
14.55333784,-92.21728146,2023,Centroamérica,Mexico,Ahogamiento,Sin ruta registrada,Desconocido,1
31.76936142,-106.509529,2023,Norteamérica,United States of America,Accidente de transporte,Frontera EE.UU.-México,Desconocido,1
29.08557404,-100.4705532,2023,Norteamérica,United States of America,Condiciones ambientales extremas,Frontera EE.UU.-México,Mexico,1
25.88826045,-97.52269509,2023,Norteamérica,United States of America,Ahogamiento,Frontera EE.UU.-México,Haiti,1
28.65956513,-100.4826349,2023,Norteamérica,United States of America,Condiciones ambientales extremas,Frontera EE.UU.-México,Venezuela,1
31.8296264,-107.8856526,2023,Norteamérica,United States of America,Condiciones ambientales extremas,Frontera EE.UU.-México,Desconocido,1
28.67391328,-100.5034336,2023,Norteamérica,United States of America,Ahogamiento,Frontera EE.UU.-México,Desconocido,1
12.86344184,-82.08315938,2023,Caribe,Colombia,Ahogamiento,Sin ruta registrada,Desconocido,38
25.91331374,-97.50978356,2023,Norteamérica,United States of America,Mixta o desconocida,Frontera EE.UU.-México,Colombia,1
14.90145367,-92.27452411,2023,Centroamérica,Mexico,Mixta o desconocida,Sin ruta registrada,Honduras,1
14.88257683,-92.27949068,2023,Centroamérica,Mexico,Enfermedad o falta de atención,Sin ruta registrada,Haiti,1
14.87655146,-92.30753987,2023,Centroamérica,Mexico,Enfermedad o falta de atención,Sin ruta registrada,Desconocido,1
28.69437149,-100.5109311,2023,Centroamérica,Mexico,Ahogamiento,Frontera EE.UU.-México,Honduras,2
16.28298237,-94.20655868,2023,Centroamérica,Mexico,Accidente de transporte,Sin ruta registrada,Peru,1
28.947198,-99.656421,2023,Norteamérica,United States of America,Accidente de transporte,Frontera EE.UU.-México,Honduras,4
21.662054,-101.315172,2023,Centroamérica,Mexico,Accidente de transporte,Sin ruta registrada,Desconocido,1
28.708651,-100.510702,2023,Norteamérica,United States of America,Ahogamiento,Frontera EE.UU.-México,Venezuela,1
32.5415294,-117.03701,2023,Centroamérica,Mexico,Ahogamiento,Frontera EE.UU.-México,Guinea,1
29.23682294,-105.1103124,2023,Centroamérica,Mexico,Violencia,Frontera EE.UU.-México,Mexico,11
28.34557412,-100.3153534,2023,Centroamérica,Mexico,Ahogamiento,Frontera EE.UU.-México,Desconocido,1
28.34557412,-100.3153534,2023,Centroamérica,Mexico,Ahogamiento,Frontera EE.UU.-México,Desconocido,1
-37.01791228,-73.16290124,2023,Sudamérica,Chile,Muerte accidental,Sin ruta registrada,Venezuela,14
28.5338689,-100.4045339,2023,Centroamérica,Mexico,Ahogamiento,Frontera EE.UU.-México,Desconocido,1
28.3460631,-100.3153236,2023,Centroamérica,Mexico,Ahogamiento,Frontera EE.UU.-México,Honduras,1
24.86588009,-102.843923,2023,Centroamérica,Mexico,Accidente de transporte,Frontera EE.UU.-México,Honduras,1
16.43369006,-95.01324854,2023,Centroamérica,Mexico,Enfermedad o falta de atención,Sin ruta registrada,Guinea,1
27.83199896,-101.1385135,2023,Centroamérica,Mexico,Accidente de transporte,Frontera EE.UU.-México,Honduras,1
25.51161009,-103.4256707,2023,Centroamérica,Mexico,Accidente de transporte,Sin ruta registrada,Honduras,1
8.463610283,-77.69197459,2023,Centroamérica,Panama,Mixta o desconocida,Tapón del Darién,Venezuela,1
28.7481471,-100.5149679,2023,Centroamérica,Mexico,Ahogamiento,Frontera EE.UU.-México,Desconocido,1
8.467826865,-77.68955479,2023,Centroamérica,Panama,Mixta o desconocida,Tapón del Darién,Ecuador,1
28.70869927,-100.5101572,2023,Norteamérica,United States of America,Ahogamiento,Frontera EE.UU.-México,Venezuela,2
28.20720979,-100.6183228,2023,Centroamérica,Mexico,Condiciones ambientales extremas,Frontera EE.UU.-México,Desconocido,1
8.446141023,-77.61817814,2023,Centroamérica,Panama,Mixta o desconocida,Tapón del Darién,Venezuela,1
8.467826865,-77.68955479,2023,Centroamérica,Panama,Ahogamiento,Tapón del Darién,Venezuela,1
8.444121749,-77.61840779,2023,Centroamérica,Panama,Ahogamiento,Tapón del Darién,Venezuela,1
31.761457,-106.394158,2023,Norteamérica,United States of America,Accidente de transporte,Frontera EE.UU.-México,Desconocido,2
28.709069,-100.511201,2023,Centroamérica,Mexico,Ahogamiento,Frontera EE.UU.-México,Colombia,2
28.682721,-100.508256,2023,Centroamérica,Mexico,Ahogamiento,Frontera EE.UU.-México,Honduras,1
28.663194,-100.501522,2023,Centroamérica,Mexico,Ahogamiento,Frontera EE.UU.-México,Desconocido,2
28.702959,-100.510824,2023,Norteamérica,United States of America,Ahogamiento,Frontera EE.UU.-México,Desconocido,2
28.693038,-100.509997,2023,Norteamérica,United States of America,Ahogamiento,Frontera EE.UU.-México,Desconocido,1
14.946347,-92.253025,2023,Centroamérica,Mexico,Mixta o desconocida,Sin ruta registrada,Cuba,1
28.626562,-106.029702,2023,Centroamérica,Mexico,Mixta o desconocida,Sin ruta registrada,Desconocido,1
25.833865,-101.128851,2023,Centroamérica,Mexico,Accidente de transporte,Sin ruta registrada,Desconocido,1
28.647329,-100.473151,2023,Norteamérica,United States of America,Ahogamiento,Frontera EE.UU.-México,Colombia,2
27.68427,-101.301354,2023,Centroamérica,Mexico,Accidente de transporte,Sin ruta registrada,Desconocido,1
25.92175878,-100.3710001,2023,Centroamérica,Mexico,Muerte accidental,Sin ruta registrada,Desconocido,1
25.89760105,-97.49733609,2023,Centroamérica,Mexico,Mixta o desconocida,Frontera EE.UU.-México,Honduras,1
28.60856548,-100.4435616,2023,Norteamérica,United States of America,Ahogamiento,Frontera EE.UU.-México,Colombia,2
28.66806922,-100.5029188,2023,Centroamérica,Mexico,Ahogamiento,Frontera EE.UU.-México,Desconocido,1
28.67768641,-100.5060063,2023,Centroamérica,Mexico,Ahogamiento,Frontera EE.UU.-México,Desconocido,1
28.66472219,-100.5018784,2023,Centroamérica,Mexico,Ahogamiento,Frontera EE.UU.-México,Desconocido,1
28.67417069,-100.5052417,2023,Centroamérica,Mexico,Ahogamiento,Frontera EE.UU.-México,Desconocido,1
-19.26813693,-68.62484751,2023,Sudamérica,Chile,Condiciones ambientales extremas,Sin ruta registrada,Venezuela,1
31.7809,-111.5528,2023,Norteamérica,United States of America,Mixta o desconocida,Frontera EE.UU.-México,Mexico,1
28.653228,-100.553828,2023,Centroamérica,Mexico,Violencia,Frontera EE.UU.-México,Mexico,1
28.663412,-100.501467,2023,Centroamérica,Mexico,Ahogamiento,Frontera EE.UU.-México,Desconocido,2
28.670668,-100.50234,2023,Norteamérica,United States of America,Ahogamiento,Frontera EE.UU.-México,Desconocido,1
18.851145,-97.081542,2023,Centroamérica,Mexico,Accidente de transporte,Sin ruta registrada,Desconocido,1
31.331111,-110.942197,2023,Centroamérica,Mexico,Enfermedad o falta de atención,Frontera EE.UU.-México,Senegal,1
28.530913,-100.400851,2023,Centroamérica,Mexico,Ahogamiento,Frontera EE.UU.-México,Honduras,1
32.616359,-116.213024,2023,Norteamérica,United States of America,Accidente de transporte,Frontera EE.UU.-México,Mexico,1
28.658696,-100.489497,2023,Norteamérica,United States of America,Ahogamiento,Frontera EE.UU.-México,Desconocido,1
27.843988,-101.121281,2023,Centroamérica,Mexico,Accidente de transporte,Sin ruta registrada,Ecuador,1
28.690499,-100.510346,2023,Centroamérica,Mexico,Ahogamiento,Frontera EE.UU.-México,Honduras,2
31.880609,-112.818685,2023,Norteamérica,United States of America,Condiciones ambientales extremas,Frontera EE.UU.-México,India,1
12.467155,-69.878643,2023,Caribe,Aruba,Ahogamiento,Sin ruta registrada,Venezuela,9
25.373813,-103.470392,2023,Centroamérica,Mexico,Accidente de transporte,Sin ruta registrada,Cameroon,1
19.418375,-98.136541,2023,Centroamérica,Mexico,Violencia,Sin ruta registrada,Desconocido,1
16.443318,-95.01667,2023,Centroamérica,Mexico,Violencia,Sin ruta registrada,Ecuador,1
20.305439,-103.186074,2023,Centroamérica,Mexico,Violencia,Sin ruta registrada,Venezuela,1
22.163121,-101.000631,2023,Centroamérica,Mexico,Condiciones ambientales extremas,Sin ruta registrada,Ghana,1
8.453547,-77.671393,2023,Centroamérica,Panama,Ahogamiento,Tapón del Darién,Venezuela,1
8.516345,-77.645466,2023,Centroamérica,Panama,Ahogamiento,Tapón del Darién,Venezuela,1
8.516345,-77.645466,2023,Centroamérica,Panama,Ahogamiento,Tapón del Darién,Venezuela,1
8.467482,-77.688923,2023,Centroamérica,Panama,Ahogamiento,Tapón del Darién,Desconocido,1
8.443317,-77.617991,2023,Centroamérica,Panama,Ahogamiento,Tapón del Darién,Venezuela,1
8.443317,-77.617991,2023,Centroamérica,Panama,Ahogamiento,Tapón del Darién,Venezuela,1
44.984004,-73.438661,2023,Norteamérica,United States of America,Ahogamiento,Sin ruta registrada,Mexico,1
28.5631555,-99.934555,2023,Norteamérica,United States of America,Accidente de transporte,Frontera EE.UU.-México,Desconocido,1
25.73449094,-102.4476876,2023,Centroamérica,Mexico,Accidente de transporte,Sin ruta registrada,Ecuador,1
25.88632862,-97.51624178,2023,Centroamérica,Mexico,Ahogamiento,Frontera EE.UU.-México,Haiti,2
12.19643519,-82.94903572,2023,Caribe,Nicaragua,Ahogamiento,Sin ruta registrada,Venezuela,2
20.66967817,-103.335553,2023,Centroamérica,Mexico,Enfermedad o falta de atención,Sin ruta registrada,Venezuela,1
28.71163538,-100.5135563,2023,Centroamérica,Mexico,Ahogamiento,Frontera EE.UU.-México,Cuba,1
22.01250214,-102.2552517,2023,Centroamérica,Mexico,Accidente de transporte,Sin ruta registrada,Desconocido,1
16.547866,-94.95011289,2023,Centroamérica,Mexico,Accidente de transporte,Sin ruta registrada,Desconocido,1
23.68963493,-81.55912169,2023,Caribe,Cuba,Ahogamiento,Caribe hacia EE.UU.,Cuba,36
-2.048172,-60.027576,2023,Sudamérica,Brazil,Violencia,Sin ruta registrada,Venezuela,1
28.66300392,-100.5013801,2023,Centroamérica,Mexico,Ahogamiento,Frontera EE.UU.-México,Peru,1
22.78553207,-102.6112231,2023,Centroamérica,Mexico,Muerte accidental,Sin ruta registrada,Venezuela,1
31.36506,-110.8986,2023,Norteamérica,United States of America,Condiciones ambientales extremas,Frontera EE.UU.-México,Mexico,1
31.980887,-113.149878,2023,Norteamérica,United States of America,Enfermedad o falta de atención,Frontera EE.UU.-México,India,1
32.1495208,-110.9086118,2023,Norteamérica,United States of America,Enfermedad o falta de atención,Frontera EE.UU.-México,Mexico,1
31.964079,-110.434722,2023,Norteamérica,United States of America,Condiciones ambientales extremas,Frontera EE.UU.-México,Mexico,1
32.015,-111.885,2023,Norteamérica,United States of America,Condiciones ambientales extremas,Frontera EE.UU.-México,Guatemala,1
31.4433,-109.41216,2023,Norteamérica,United States of America,Mixta o desconocida,Frontera EE.UU.-México,Mexico,1
31.7718,-111.5513,2023,Norteamérica,United States of America,Mixta o desconocida,Frontera EE.UU.-México,Mexico,1
31.77657,-111.84641,2023,Norteamérica,United States of America,Condiciones ambientales extremas,Frontera EE.UU.-México,Guatemala,1
32.02199,-112.08416,2023,Norteamérica,United States of America,Mixta o desconocida,Frontera EE.UU.-México,Desconocido,1
31.77526,-112.16536,2023,Norteamérica,United States of America,Condiciones ambientales extremas,Frontera EE.UU.-México,Mexico,1
31.43922,-111.12203,2023,Norteamérica,United States of America,Mixta o desconocida,Frontera EE.UU.-México,Desconocido,1
31.702131,-112.000467,2023,Norteamérica,United States of America,Mixta o desconocida,Frontera EE.UU.-México,Mexico,1
31.633167,-110.797528,2023,Norteamérica,United States of America,Condiciones ambientales extremas,Frontera EE.UU.-México,Mexico,1
32.092956,-113.215625,2023,Norteamérica,United States of America,Condiciones ambientales extremas,Frontera EE.UU.-México,Mexico,1
31.701779,-111.080918,2023,Norteamérica,United States of America,Condiciones ambientales extremas,Frontera EE.UU.-México,Mexico,1
32.402776,-111.657148,2023,Norteamérica,United States of America,Mixta o desconocida,Frontera EE.UU.-México,Mexico,1
31.735547,-111.980671,2023,Norteamérica,United States of America,Mixta o desconocida,Frontera EE.UU.-México,Mexico,1
32.15732,-111.18323,2023,Norteamérica,United States of America,Mixta o desconocida,Frontera EE.UU.-México,Ecuador,1
31.98715,-111.95705,2023,Norteamérica,United States of America,Mixta o desconocida,Frontera EE.UU.-México,Desconocido,1
31.75483,-111.60633,2023,Norteamérica,United States of America,Mixta o desconocida,Frontera EE.UU.-México,Mexico,1
31.958033,-112.3485,2023,Norteamérica,United States of America,Mixta o desconocida,Frontera EE.UU.-México,Desconocido,1
31.47787,-110.73395,2023,Norteamérica,United States of America,Mixta o desconocida,Frontera EE.UU.-México,Mexico,1
31.681389,-111.828056,2023,Norteamérica,United States of America,Mixta o desconocida,Frontera EE.UU.-México,Desconocido,1
31.97023,-111.24434,2023,Norteamérica,United States of America,Mixta o desconocida,Frontera EE.UU.-México,Desconocido,1
31.752582,-111.817938,2023,Norteamérica,United States of America,Mixta o desconocida,Frontera EE.UU.-México,Desconocido,1
32.324,-113.102,2023,Norteamérica,United States of America,Mixta o desconocida,Frontera EE.UU.-México,Desconocido,1
31.959817,-112.49255,2023,Norteamérica,United States of America,Mixta o desconocida,Frontera EE.UU.-México,Mexico,1
32.48753,-111.67424,2023,Norteamérica,United States of America,Condiciones ambientales extremas,Frontera EE.UU.-México,Mexico,1
31.98375,-112.634333,2023,Norteamérica,United States of America,Mixta o desconocida,Frontera EE.UU.-México,Desconocido,1
31.861583,-112.47465,2023,Norteamérica,United States of America,Mixta o desconocida,Frontera EE.UU.-México,Desconocido,1
31.76959,-111.148005,2023,Norteamérica,United States of America,Mixta o desconocida,Frontera EE.UU.-México,Guatemala,1
31.997,-111.66,2023,Norteamérica,United States of America,Enfermedad o falta de atención,Frontera EE.UU.-México,Guatemala,1
31.886778,-111.845111,2023,Norteamérica,United States of America,Condiciones ambientales extremas,Frontera EE.UU.-México,Guatemala,1
31.8042,-111.5952,2023,Norteamérica,United States of America,Mixta o desconocida,Frontera EE.UU.-México,Desconocido,1
31.68447,-111.65502,2023,Norteamérica,United States of America,Mixta o desconocida,Frontera EE.UU.-México,Guatemala,1
32.175328,-111.376481,2023,Norteamérica,United States of America,Mixta o desconocida,Frontera EE.UU.-México,Guatemala,1
31.8388,-111.898385,2023,Norteamérica,United States of America,Mixta o desconocida,Frontera EE.UU.-México,Desconocido,1
31.6239,-110.76634,2023,Norteamérica,United States of America,Mixta o desconocida,Frontera EE.UU.-México,Desconocido,1
31.882766,-112.75026,2023,Norteamérica,United States of America,Mixta o desconocida,Frontera EE.UU.-México,Mexico,1
28.70119033,-100.5129739,2023,Norteamérica,United States of America,Ahogamiento,Frontera EE.UU.-México,Honduras,1
32.53624,-116.711924,2023,Centroamérica,Mexico,Violencia,Frontera EE.UU.-México,Mexico,1
28.69282651,-100.5107974,2023,Centroamérica,Mexico,Ahogamiento,Frontera EE.UU.-México,Desconocido,1
32.61486467,-116.081045,2023,Centroamérica,Mexico,Condiciones ambientales extremas,Frontera EE.UU.-México,Desconocido,1
28.70123131,-100.5116617,2023,Centroamérica,Mexico,Ahogamiento,Frontera EE.UU.-México,Desconocido,2
28.69405399,-100.510929,2023,Centroamérica,Mexico,Ahogamiento,Frontera EE.UU.-México,Desconocido,1
28.69439216,-100.5109492,2023,Centroamérica,Mexico,Ahogamiento,Frontera EE.UU.-México,Desconocido,1
32.57812141,-116.6019047,2023,Centroamérica,Mexico,Condiciones ambientales extremas,Frontera EE.UU.-México,Mexico,1
28.69348259,-100.5109985,2023,Centroamérica,Mexico,Ahogamiento,Frontera EE.UU.-México,Desconocido,1
28.69312966,-100.5108751,2023,Centroamérica,Mexico,Ahogamiento,Frontera EE.UU.-México,Desconocido,1
28.69474756,-100.510976,2023,Centroamérica,Mexico,Ahogamiento,Frontera EE.UU.-México,Desconocido,1
28.68997755,-100.5103356,2023,Centroamérica,Mexico,Ahogamiento,Frontera EE.UU.-México,Desconocido,1
25.88226673,-97.49768404,2023,Centroamérica,Mexico,Ahogamiento,Frontera EE.UU.-México,Desconocido,1
32.57197396,-116.6677969,2023,Centroamérica,Mexico,Condiciones ambientales extremas,Frontera EE.UU.-México,Desconocido,1
28.6915397,-100.5107055,2023,Centroamérica,Mexico,Ahogamiento,Frontera EE.UU.-México,Burkina Faso,1
28.6915397,-100.5107055,2023,Centroamérica,Mexico,Ahogamiento,Frontera EE.UU.-México,Desconocido,1
29.33321572,-100.9413913,2023,Centroamérica,Mexico,Ahogamiento,Frontera EE.UU.-México,Desconocido,1
29.28858889,-101.0118369,2023,Centroamérica,Mexico,Condiciones ambientales extremas,Frontera EE.UU.-México,Desconocido,1
16.70990791,-93.11237514,2023,Centroamérica,Mexico,Accidente de transporte,Sin ruta registrada,Ecuador,1
28.6915397,-100.5107055,2023,Centroamérica,Mexico,Ahogamiento,Frontera EE.UU.-México,Desconocido,1
25.88196554,-97.49772997,2023,Centroamérica,Mexico,Ahogamiento,Frontera EE.UU.-México,Desconocido,1
31.54663,-106.227625,2023,Norteamérica,United States of America,Ahogamiento,Frontera EE.UU.-México,Guatemala,1
31.5981048,-106.2815499,2023,Norteamérica,United States of America,Muerte accidental,Frontera EE.UU.-México,Mexico,1
31.586372,-106.286064,2023,Norteamérica,United States of America,Muerte accidental,Frontera EE.UU.-México,Mexico,1
32.583618,-116.63881,2023,Norteamérica,United States of America,Mixta o desconocida,Frontera EE.UU.-México,Desconocido,1
32.582667,-116.887594,2023,Norteamérica,United States of America,Condiciones ambientales extremas,Frontera EE.UU.-México,Mexico,1
32.673931,-116.749322,2023,Norteamérica,United States of America,Condiciones ambientales extremas,Frontera EE.UU.-México,Mexico,1
32.585791,-116.839797,2023,Norteamérica,United States of America,Condiciones ambientales extremas,Frontera EE.UU.-México,Mexico,1
32.650399,-116.93413,2023,Norteamérica,United States of America,Ahogamiento,Frontera EE.UU.-México,Mexico,1
32.605815,-116.472574,2023,Norteamérica,United States of America,Enfermedad o falta de atención,Frontera EE.UU.-México,Desconocido,1
32.6532957,-116.8579848,2023,Norteamérica,United States of America,Mixta o desconocida,Frontera EE.UU.-México,Mexico,1
32.750921,-117.160715,2023,Norteamérica,United States of America,Muerte accidental,Frontera EE.UU.-México,Desconocido,1
32.6532957,-116.8579848,2023,Norteamérica,United States of America,Condiciones ambientales extremas,Frontera EE.UU.-México,Desconocido,1
32.57771,-116.838684,2023,Norteamérica,United States of America,Condiciones ambientales extremas,Frontera EE.UU.-México,Mexico,1
32.619713,-116.634817,2023,Norteamérica,United States of America,Condiciones ambientales extremas,Frontera EE.UU.-México,Desconocido,1
32.750921,-117.160715,2023,Norteamérica,United States of America,Muerte accidental,Frontera EE.UU.-México,Desconocido,1
32.639872,-116.779549,2023,Norteamérica,United States of America,Mixta o desconocida,Frontera EE.UU.-México,Desconocido,1
32.593621,-116.616005,2023,Norteamérica,United States of America,Mixta o desconocida,Frontera EE.UU.-México,Mexico,1
32.589443,-116.837071,2023,Norteamérica,United States of America,Enfermedad o falta de atención,Frontera EE.UU.-México,Desconocido,1
29.38119,-102.15202,2023,Norteamérica,United States of America,Ahogamiento,Frontera EE.UU.-México,Mexico,1
30.0406,-102.5394,2023,Norteamérica,United States of America,Condiciones ambientales extremas,Frontera EE.UU.-México,Mexico,1
29.94776,-102.10069,2023,Norteamérica,United States of America,Condiciones ambientales extremas,Frontera EE.UU.-México,Mexico,1
30.17206,-102.07406,2023,Norteamérica,United States of America,Condiciones ambientales extremas,Frontera EE.UU.-México,Mexico,1
30.116075,-102.486248,2023,Norteamérica,United States of America,Condiciones ambientales extremas,Frontera EE.UU.-México,Mexico,1
30.07544,-101.79172,2023,Norteamérica,United States of America,Condiciones ambientales extremas,Frontera EE.UU.-México,Mexico,1
29.9074639,-102.0443,2023,Norteamérica,United States of America,Condiciones ambientales extremas,Frontera EE.UU.-México,Mexico,1
23.479677,-80.607785,2023,Caribe,Cuba,Ahogamiento,Caribe hacia EE.UU.,Cuba,32
31.7909533,-106.56148,2023,Norteamérica,United States of America,Mixta o desconocida,Frontera EE.UU.-México,Desconocido,1
31.82667,-106.6605433,2023,Norteamérica,United States of America,Mixta o desconocida,Frontera EE.UU.-México,El Salvador,1
32.034286,-108.13353,2023,Norteamérica,United States of America,Enfermedad o falta de atención,Frontera EE.UU.-México,Mexico,1
31.91366,-106.68152,2023,Norteamérica,United States of America,Condiciones ambientales extremas,Frontera EE.UU.-México,Mexico,1
31.80008,-106.55341,2023,Norteamérica,United States of America,Condiciones ambientales extremas,Frontera EE.UU.-México,Mexico,1
31.84657,-106.63581,2023,Norteamérica,United States of America,Condiciones ambientales extremas,Frontera EE.UU.-México,Mexico,1
31.8233,-106.60664,2023,Norteamérica,United States of America,Condiciones ambientales extremas,Frontera EE.UU.-México,Guatemala,1
31.80191,-106.609,2023,Norteamérica,United States of America,Condiciones ambientales extremas,Frontera EE.UU.-México,Guatemala,1
31.7906785,-106.85464,2023,Norteamérica,United States of America,Condiciones ambientales extremas,Frontera EE.UU.-México,Guatemala,1
31.81878,-106.72781,2023,Norteamérica,United States of America,Condiciones ambientales extremas,Frontera EE.UU.-México,Honduras,1
31.8075796,-106.5930543,2023,Norteamérica,United States of America,Condiciones ambientales extremas,Frontera EE.UU.-México,El Salvador,1
31.79993,-106.66316,2023,Norteamérica,United States of America,Condiciones ambientales extremas,Frontera EE.UU.-México,Mexico,1
31.81878,-106.72781,2023,Norteamérica,United States of America,Mixta o desconocida,Frontera EE.UU.-México,Desconocido,1
31.8075796,-106.5930543,2023,Norteamérica,United States of America,Mixta o desconocida,Frontera EE.UU.-México,Mexico,1
31.79993,-106.66316,2023,Norteamérica,United States of America,Mixta o desconocida,Frontera EE.UU.-México,Desconocido,1
31.80069,-106.64473,2023,Norteamérica,United States of America,Condiciones ambientales extremas,Frontera EE.UU.-México,Mexico,1
31.81697,-106.60139,2023,Norteamérica,United States of America,Mixta o desconocida,Frontera EE.UU.-México,El Salvador,1
31.7839924,-106.74983,2023,Norteamérica,United States of America,Condiciones ambientales extremas,Frontera EE.UU.-México,Desconocido,1
31.784585,-106.67947,2023,Norteamérica,United States of America,Condiciones ambientales extremas,Frontera EE.UU.-México,Guatemala,1
31.69212,-109.01952,2023,Norteamérica,United States of America,Condiciones ambientales extremas,Frontera EE.UU.-México,Mexico,1
31.8836069,-106.7438985,2023,Norteamérica,United States of America,Condiciones ambientales extremas,Frontera EE.UU.-México,Mexico,1
31.82666,-106.63888,2023,Norteamérica,United States of America,Mixta o desconocida,Frontera EE.UU.-México,Mexico,1
31.78652386,-106.5814897,2023,Norteamérica,United States of America,Condiciones ambientales extremas,Frontera EE.UU.-México,Mexico,1
31.798878,-106.641709,2023,Norteamérica,United States of America,Condiciones ambientales extremas,Frontera EE.UU.-México,Mexico,1
31.95663372,-106.6838869,2023,Norteamérica,United States of America,Mixta o desconocida,Frontera EE.UU.-México,Desconocido,1
31.80805,-106.62888,2023,Norteamérica,United States of America,Mixta o desconocida,Frontera EE.UU.-México,Desconocido,1
31.80447,-106.688105,2023,Norteamérica,United States of America,Condiciones ambientales extremas,Frontera EE.UU.-México,Mexico,1
31.814913,-106.765031,2023,Norteamérica,United States of America,Mixta o desconocida,Frontera EE.UU.-México,Desconocido,1
31.82838,-106.63639,2023,Norteamérica,United States of America,Condiciones ambientales extremas,Frontera EE.UU.-México,Mexico,1
31.80429,-106.71789,2023,Norteamérica,United States of America,Mixta o desconocida,Frontera EE.UU.-México,Desconocido,1
31.80722,-106.72694,2023,Norteamérica,United States of America,Condiciones ambientales extremas,Frontera EE.UU.-México,Mexico,1
31.970461,-106.68529,2023,Norteamérica,United States of America,Mixta o desconocida,Frontera EE.UU.-México,Guatemala,1
31.87675463,-106.6499033,2023,Norteamérica,United States of America,Mixta o desconocida,Frontera EE.UU.-México,Mexico,1
31.8118683,-106.63565,2023,Norteamérica,United States of America,Condiciones ambientales extremas,Frontera EE.UU.-México,Mexico,1
31.82078435,-106.6057691,2023,Norteamérica,United States of America,Condiciones ambientales extremas,Frontera EE.UU.-México,Mexico,1
31.82168,-106.62288,2023,Norteamérica,United States of America,Condiciones ambientales extremas,Frontera EE.UU.-México,Rep. Dominicana,1
31.84396,-106.70478,2023,Norteamérica,United States of America,Condiciones ambientales extremas,Frontera EE.UU.-México,Mexico,1
31.80113,-106.71698,2023,Norteamérica,United States of America,Enfermedad o falta de atención,Frontera EE.UU.-México,Mexico,1
31.80878,-106.68986,2023,Norteamérica,United States of America,Mixta o desconocida,Frontera EE.UU.-México,Mexico,1
31.8122187,-106.69332,2023,Norteamérica,United States of America,Mixta o desconocida,Frontera EE.UU.-México,Guatemala,1
31.807677,-106.608845,2023,Norteamérica,United States of America,Mixta o desconocida,Frontera EE.UU.-México,Guatemala,1
31.85738,-106.71588,2023,Norteamérica,United States of America,Mixta o desconocida,Frontera EE.UU.-México,Mexico,1
31.80454,-106.63939,2023,Norteamérica,United States of America,Mixta o desconocida,Frontera EE.UU.-México,Guatemala,1
31.83591,-107.60046,2023,Norteamérica,United States of America,Mixta o desconocida,Frontera EE.UU.-México,Guatemala,1
31.7948595,-106.56315,2023,Norteamérica,United States of America,Condiciones ambientales extremas,Frontera EE.UU.-México,Colombia,1
31.8175,-106.75,2023,Norteamérica,United States of America,Condiciones ambientales extremas,Frontera EE.UU.-México,Guatemala,1
31.79611,-106.60194,2023,Norteamérica,United States of America,Mixta o desconocida,Frontera EE.UU.-México,Honduras,1
32.0723,-107.42814,2023,Norteamérica,United States of America,Condiciones ambientales extremas,Frontera EE.UU.-México,Mexico,1
32.0722636,-107.42793,2023,Norteamérica,United States of America,Condiciones ambientales extremas,Frontera EE.UU.-México,Mexico,1
31.8011042,-106.55884,2023,Norteamérica,United States of America,Mixta o desconocida,Frontera EE.UU.-México,Peru,1
31.8026721,-106.60799,2023,Norteamérica,United States of America,Condiciones ambientales extremas,Frontera EE.UU.-México,Mexico,1
31.7981,-106.5473,2023,Norteamérica,United States of America,Condiciones ambientales extremas,Frontera EE.UU.-México,Guatemala,1
31.969364,-106.690544,2023,Norteamérica,United States of America,Mixta o desconocida,Frontera EE.UU.-México,Guatemala,1
32.1156,-106.6651,2023,Norteamérica,United States of America,Condiciones ambientales extremas,Frontera EE.UU.-México,Desconocido,1
31.796067,-106.710108,2023,Norteamérica,United States of America,Condiciones ambientales extremas,Frontera EE.UU.-México,Mexico,1
31.8992913,-108.28013,2023,Norteamérica,United States of America,Condiciones ambientales extremas,Frontera EE.UU.-México,Mexico,1
31.84903,-106.72704,2023,Norteamérica,United States of America,Condiciones ambientales extremas,Frontera EE.UU.-México,Mexico,1
31.81018,-106.62214,2023,Norteamérica,United States of America,Mixta o desconocida,Frontera EE.UU.-México,El Salvador,1
31.81637,-106.74665,2023,Norteamérica,United States of America,Mixta o desconocida,Frontera EE.UU.-México,Mexico,1
31.80428,-106.71793,2023,Norteamérica,United States of America,Mixta o desconocida,Frontera EE.UU.-México,Mexico,1
31.86948,-106.73646,2023,Norteamérica,United States of America,Condiciones ambientales extremas,Frontera EE.UU.-México,Desconocido,1
31.79125,-106.70239,2023,Norteamérica,United States of America,Mixta o desconocida,Frontera EE.UU.-México,Mexico,1
31.79557,-106.62052,2023,Norteamérica,United States of America,Mixta o desconocida,Frontera EE.UU.-México,Mexico,1
31.95037,-106.74313,2023,Norteamérica,United States of America,Mixta o desconocida,Frontera EE.UU.-México,Mexico,1
31.8863,-106.74437,2023,Norteamérica,United States of America,Condiciones ambientales extremas,Frontera EE.UU.-México,Mexico,1
31.79938,-106.90999,2023,Norteamérica,United States of America,Mixta o desconocida,Frontera EE.UU.-México,Guatemala,1
31.810693,-106.746274,2023,Norteamérica,United States of America,Mixta o desconocida,Frontera EE.UU.-México,Mexico,1
31.8198,-106.63584,2023,Norteamérica,United States of America,Mixta o desconocida,Frontera EE.UU.-México,Mexico,1
31.78869,-106.61043,2023,Norteamérica,United States of America,Condiciones ambientales extremas,Frontera EE.UU.-México,Mexico,1
31.80218,-106.87184,2023,Norteamérica,United States of America,Mixta o desconocida,Frontera EE.UU.-México,Guatemala,1
31.82086,-106.78575,2023,Norteamérica,United States of America,Mixta o desconocida,Frontera EE.UU.-México,Mexico,1
31.79605,-106.55073,2023,Norteamérica,United States of America,Mixta o desconocida,Frontera EE.UU.-México,Guatemala,1
31.92594,-107.36588,2023,Norteamérica,United States of America,Condiciones ambientales extremas,Frontera EE.UU.-México,Mexico,1
31.7906404,-106.5532234,2023,Norteamérica,United States of America,Condiciones ambientales extremas,Frontera EE.UU.-México,Mexico,1
31.82189,-106.75186,2023,Norteamérica,United States of America,Mixta o desconocida,Frontera EE.UU.-México,Desconocido,1
32.2000271,-107.43362,2023,Norteamérica,United States of America,Condiciones ambientales extremas,Frontera EE.UU.-México,Mexico,1
31.7885002,-106.54951,2023,Norteamérica,United States of America,Condiciones ambientales extremas,Frontera EE.UU.-México,Mexico,1
31.7845158,-106.7173021,2023,Norteamérica,United States of America,Condiciones ambientales extremas,Frontera EE.UU.-México,Mexico,1
31.784503,-106.7173085,2023,Norteamérica,United States of America,Condiciones ambientales extremas,Frontera EE.UU.-México,Mexico,1
31.8471,-106.73926,2023,Norteamérica,United States of America,Mixta o desconocida,Frontera EE.UU.-México,Guatemala,1
31.79878,-106.592,2023,Norteamérica,United States of America,Mixta o desconocida,Frontera EE.UU.-México,Mexico,1
31.76365,-108.22346,2023,Norteamérica,United States of America,Mixta o desconocida,Frontera EE.UU.-México,Mexico,1
31.80586,-106.78761,2023,Norteamérica,United States of America,Mixta o desconocida,Frontera EE.UU.-México,Guatemala,1
31.81079,-106.78934,2023,Norteamérica,United States of America,Condiciones ambientales extremas,Frontera EE.UU.-México,Guatemala,1
31.79549,-106.59445,2023,Norteamérica,United States of America,Condiciones ambientales extremas,Frontera EE.UU.-México,Guatemala,1
31.80197,-106.61749,2023,Norteamérica,United States of America,Mixta o desconocida,Frontera EE.UU.-México,Mexico,1
31.8278263,-106.78441,2023,Norteamérica,United States of America,Mixta o desconocida,Frontera EE.UU.-México,Ecuador,1
33.2201491,-107.25395,2023,Norteamérica,United States of America,Mixta o desconocida,Frontera EE.UU.-México,Mexico,1
33.2201491,-107.25395,2023,Norteamérica,United States of America,Mixta o desconocida,Frontera EE.UU.-México,Guatemala,1
31.8166889,-106.82062,2023,Norteamérica,United States of America,Enfermedad o falta de atención,Frontera EE.UU.-México,Mexico,1
31.81099,-106.76213,2023,Norteamérica,United States of America,Condiciones ambientales extremas,Frontera EE.UU.-México,Guatemala,1
31.79667,-106.70896,2023,Norteamérica,United States of America,Mixta o desconocida,Frontera EE.UU.-México,Guatemala,1
31.7516533,-108.62371,2023,Norteamérica,United States of America,Mixta o desconocida,Frontera EE.UU.-México,Desconocido,1
31.80983,-106.59799,2023,Norteamérica,United States of America,Condiciones ambientales extremas,Frontera EE.UU.-México,Mexico,1
31.8184694,-106.61069,2023,Norteamérica,United States of America,Condiciones ambientales extremas,Frontera EE.UU.-México,Guatemala,1
31.79594,-106.75744,2023,Norteamérica,United States of America,Condiciones ambientales extremas,Frontera EE.UU.-México,Guatemala,1
31.80148,-106.64861,2023,Norteamérica,United States of America,Mixta o desconocida,Frontera EE.UU.-México,Honduras,1
31.81623,-106.63264,2023,Norteamérica,United States of America,Mixta o desconocida,Frontera EE.UU.-México,Guatemala,1
31.857625,-106.733197,2023,Norteamérica,United States of America,Condiciones ambientales extremas,Frontera EE.UU.-México,Mexico,1
31.80815,-106.6362,2023,Norteamérica,United States of America,Mixta o desconocida,Frontera EE.UU.-México,Guatemala,1
32.2416,-107.236,2023,Norteamérica,United States of America,Mixta o desconocida,Frontera EE.UU.-México,Ecuador,1
31.79363,-106.7452,2023,Norteamérica,United States of America,Condiciones ambientales extremas,Frontera EE.UU.-México,Desconocido,1
31.82548,-106.7113,2023,Norteamérica,United States of America,Condiciones ambientales extremas,Frontera EE.UU.-México,Mexico,1
31.83177,-106.74452,2023,Norteamérica,United States of America,Condiciones ambientales extremas,Frontera EE.UU.-México,Guatemala,1
31.8076,-106.72568,2023,Norteamérica,United States of America,Condiciones ambientales extremas,Frontera EE.UU.-México,Mexico,1
31.924871,-106.699884,2023,Norteamérica,United States of America,Mixta o desconocida,Frontera EE.UU.-México,Desconocido,1
31.7951078,-106.64011,2023,Norteamérica,United States of America,Mixta o desconocida,Frontera EE.UU.-México,Guatemala,1
31.89975,-108.08344,2023,Norteamérica,United States of America,Mixta o desconocida,Frontera EE.UU.-México,Mexico,1
31.81423,-106.64149,2023,Norteamérica,United States of America,Mixta o desconocida,Frontera EE.UU.-México,Desconocido,1
31.918093,-106.67265,2023,Norteamérica,United States of America,Mixta o desconocida,Frontera EE.UU.-México,Desconocido,1
31.951104,-106.744715,2023,Norteamérica,United States of America,Mixta o desconocida,Frontera EE.UU.-México,Desconocido,1
31.8645,-106.80247,2023,Norteamérica,United States of America,Mixta o desconocida,Frontera EE.UU.-México,Desconocido,1
31.8645,-106.80247,2023,Norteamérica,United States of America,Mixta o desconocida,Frontera EE.UU.-México,Desconocido,1
31.85728,-106.76504,2023,Norteamérica,United States of America,Mixta o desconocida,Frontera EE.UU.-México,Desconocido,1
31.61317,-111.39525,2023,Norteamérica,United States of America,Mixta o desconocida,Frontera EE.UU.-México,Desconocido,1
32.705387,-115.030638,2023,Norteamérica,United States of America,Mixta o desconocida,Frontera EE.UU.-México,Desconocido,1
32.686238,-115.455169,2023,Norteamérica,United States of America,Ahogamiento,Frontera EE.UU.-México,Desconocido,1
32.71161,-114.92412,2023,Norteamérica,United States of America,Mixta o desconocida,Frontera EE.UU.-México,Desconocido,1
32.403219,-115.246634,2023,Norteamérica,United States of America,Ahogamiento,Frontera EE.UU.-México,Desconocido,1
32.705318,-115.030805,2023,Norteamérica,United States of America,Ahogamiento,Frontera EE.UU.-México,Desconocido,1
32.403189,-115.246678,2023,Norteamérica,United States of America,Ahogamiento,Frontera EE.UU.-México,Desconocido,1
33.082777,115.51618,2023,Norteamérica,United States of America,Ahogamiento,Frontera EE.UU.-México,Desconocido,1
32.740346,-114.804271,2023,Norteamérica,United States of America,Mixta o desconocida,Frontera EE.UU.-México,Desconocido,1
25.862599,-100.350023,2024,Centroamérica,Mexico,Accidente de transporte,Sin ruta registrada,Venezuela,1
28.310041,-100.903046,2024,Centroamérica,Mexico,Accidente de transporte,Frontera EE.UU.-México,Honduras,1
32.534262,-117.124671,2024,Centroamérica,Mexico,Ahogamiento,Frontera EE.UU.-México,Mexico,1
28.707412,-100.512153,2024,Centroamérica,Mexico,Ahogamiento,Frontera EE.UU.-México,Mexico,3
19.579532,-71.7326,2024,Caribe,Dominican Republic,Ahogamiento,Haití a Rep. Dominicana,Haiti,1
27.47853,-99.479495,2024,Centroamérica,Mexico,Ahogamiento,Frontera EE.UU.-México,Desconocido,1
19.8353,-98.991338,2024,Centroamérica,Mexico,Enfermedad o falta de atención,Sin ruta registrada,Haiti,1
26.202764,-98.445646,2024,Centroamérica,Mexico,Ahogamiento,Frontera EE.UU.-México,Desconocido,1
26.052777,-108.786791,2024,Centroamérica,Mexico,Accidente de transporte,Sin ruta registrada,Desconocido,1
29.326981,-100.926655,2024,Norteamérica,United States of America,Ahogamiento,Frontera EE.UU.-México,Honduras,2
19.432642,-99.133955,2024,Centroamérica,Mexico,Enfermedad o falta de atención,Sin ruta registrada,Cuba,1
28.707987,-100.510791,2024,Norteamérica,United States of America,Ahogamiento,Frontera EE.UU.-México,Desconocido,1
28.704121,-100.51021,2024,Norteamérica,United States of America,Ahogamiento,Frontera EE.UU.-México,Nicaragua,1
28.64181,-106.022992,2024,Centroamérica,Mexico,Accidente de transporte,Sin ruta registrada,Desconocido,1
28.711619,-100.555956,2024,Centroamérica,Mexico,Accidente de transporte,Frontera EE.UU.-México,Mexico,1
28.532966,-100.403479,2024,Centroamérica,Mexico,Ahogamiento,Frontera EE.UU.-México,Mexico,1
28.674555,-100.532942,2024,Centroamérica,Mexico,Violencia,Frontera EE.UU.-México,Honduras,2
8.30778,-77.074966,2024,Sudamérica,Colombia,Ahogamiento,Sin ruta registrada,Venezuela,3
28.531628,-100.401633,2024,Centroamérica,Mexico,Ahogamiento,Frontera EE.UU.-México,Desconocido,1
18.48498,-66.904173,2024,Caribe,Puerto Rico,Ahogamiento,Caribe hacia EE.UU.,Desconocido,10
14.439854,-91.375566,2024,Centroamérica,Guatemala,Accidente de transporte,Sin ruta registrada,Cuba,9
32.542227,-117.045358,2024,Norteamérica,United States of America,Ahogamiento,Frontera EE.UU.-México,Desconocido,1
21.335639,-85.530663,2024,Centroamérica,Mexico,Enfermedad o falta de atención,Caribe a Centroamérica,Cuba,1
27.474969,-99.651061,2024,Centroamérica,Mexico,Enfermedad o falta de atención,Sin ruta registrada,Desconocido,1
21.155262,-86.806305,2024,Caribe,Mexico,Condiciones ambientales extremas,Caribe hacia EE.UU.,Cuba,1
28.798112,-100.532578,2024,Norteamérica,United States of America,Ahogamiento,Frontera EE.UU.-México,Mexico,1
28.705122,-100.512299,2024,Centroamérica,Mexico,Ahogamiento,Frontera EE.UU.-México,Desconocido,1
28.66305,-100.501391,2024,Centroamérica,Mexico,Ahogamiento,Frontera EE.UU.-México,Desconocido,1
28.710297,-100.510432,2024,Centroamérica,Mexico,Ahogamiento,Frontera EE.UU.-México,Desconocido,1
28.723602,-100.508444,2024,Centroamérica,Mexico,Ahogamiento,Frontera EE.UU.-México,Desconocido,1
28.608167,-100.44255,2024,Norteamérica,United States of America,Ahogamiento,Frontera EE.UU.-México,Guatemala,5
28.66305,-100.501391,2024,Centroamérica,Mexico,Ahogamiento,Frontera EE.UU.-México,Desconocido,1
14.911625,-92.336185,2024,Centroamérica,Mexico,Muerte accidental,Sin ruta registrada,Ecuador,1
32.542156,-117.039734,2024,Norteamérica,United States of America,Ahogamiento,Frontera EE.UU.-México,Desconocido,1
21.340015,-71.203024,2024,Caribe,Turks and Caicos Islands,Mixta o desconocida,Sin ruta registrada,Desconocido,1
28.72013,-100.508291,2024,Centroamérica,Mexico,Ahogamiento,Frontera EE.UU.-México,Guatemala,1
27.478571,-99.479859,2024,Centroamérica,Mexico,Ahogamiento,Frontera EE.UU.-México,Guatemala,1
28.644893,-100.450299,2024,Norteamérica,United States of America,Mixta o desconocida,Frontera EE.UU.-México,Desconocido,1
14.067079,-87.161314,2024,Centroamérica,Honduras,Muerte accidental,Sin ruta registrada,Venezuela,1
28.608986,-100.444313,2024,Norteamérica,United States of America,Ahogamiento,Frontera EE.UU.-México,Ecuador,1
28.709077,-100.511156,2024,Centroamérica,Mexico,Ahogamiento,Frontera EE.UU.-México,Mexico,1
28.700663,-100.511579,2024,Centroamérica,Mexico,Ahogamiento,Frontera EE.UU.-México,Honduras,2
8.917019,-77.487538,2024,Centroamérica,Panama,Ahogamiento,Tapón del Darién,Desconocido,6
32.53715,-117.08572,2024,Centroamérica,Mexico,Condiciones ambientales extremas,Frontera EE.UU.-México,Colombia,1
8.782201,-77.579323,2024,Centroamérica,Panama,Ahogamiento,Tapón del Darién,Afghanistan,13
28.675828,-100.504407,2024,Norteamérica,United States of America,Ahogamiento,Frontera EE.UU.-México,Honduras,1
26.118232,-98.322233,2024,Centroamérica,Mexico,Ahogamiento,Frontera EE.UU.-México,Desconocido,1
28.696265,-100.511202,2024,Centroamérica,Mexico,Ahogamiento,Frontera EE.UU.-México,Mexico,2
28.711602,-100.509396,2024,Centroamérica,Mexico,Ahogamiento,Frontera EE.UU.-México,Mexico,1
30.71993,-111.833981,2024,Centroamérica,Mexico,Violencia,Frontera EE.UU.-México,Ecuador,3
28.697484,-100.511174,2024,Centroamérica,Mexico,Ahogamiento,Frontera EE.UU.-México,Desconocido,1
28.708887,-100.510038,2024,Norteamérica,United States of America,Ahogamiento,Frontera EE.UU.-México,Honduras,1
28.62489,-100.4464,2024,Norteamérica,United States of America,Ahogamiento,Frontera EE.UU.-México,Honduras,1
26.150886,-98.353396,2024,Centroamérica,Mexico,Ahogamiento,Frontera EE.UU.-México,Guatemala,1
28.701459,-100.511616,2024,Centroamérica,Mexico,Ahogamiento,Frontera EE.UU.-México,Nicaragua,1
28.322827,-100.295384,2024,Centroamérica,Mexico,Ahogamiento,Frontera EE.UU.-México,Rep. Dominicana,1
43.618044,-79.575524,2024,Norteamérica,Canada,Enfermedad o falta de atención,Sin ruta registrada,Kenya,1
32.549722,-116.945556,2024,Norteamérica,United States of America,Muerte accidental,Frontera EE.UU.-México,Mexico,1
28.694467,-100.510922,2024,Centroamérica,Mexico,Ahogamiento,Frontera EE.UU.-México,Nicaragua,2
32.537457,-117.085479,2024,Centroamérica,Mexico,Condiciones ambientales extremas,Frontera EE.UU.-México,Jamaica,1
17.440151,-97.216932,2024,Centroamérica,Mexico,Accidente de transporte,Sin ruta registrada,Cuba,1
28.696242,-100.511297,2024,Centroamérica,Mexico,Ahogamiento,Frontera EE.UU.-México,Guatemala,2
16.125969,-93.795235,2024,Centroamérica,Mexico,Accidente de transporte,Sin ruta registrada,Colombia,2
25.499649,-103.406161,2024,Centroamérica,Mexico,Accidente de transporte,Sin ruta registrada,Venezuela,1
28.707286,-100.451138,2024,Norteamérica,United States of America,Accidente de transporte,Frontera EE.UU.-México,Mexico,1
28.608574,-100.443736,2024,Norteamérica,United States of America,Ahogamiento,Frontera EE.UU.-México,Ecuador,1
11.03028,-84.686664,2024,Centroamérica,Costa Rica,Ahogamiento,Sin ruta registrada,Ecuador,2
18.86366,-68.634811,2024,Caribe,Dominican Republic,Ahogamiento,Rep. Dominicana a Puerto Rico,Rep. Dominicana,37
30.581099,-67.029237,2024,Norteamérica,United States of America,Ahogamiento,Caribe hacia EE.UU.,Desconocido,40
28.710271,-100.517954,2024,Centroamérica,Mexico,Mixta o desconocida,Frontera EE.UU.-México,Guatemala,1
25.391402,-101.033567,2024,Centroamérica,Mexico,Muerte accidental,Sin ruta registrada,Nicaragua,1
18.417213,-67.87477,2024,Caribe,Dominican Republic,Ahogamiento,Rep. Dominicana a Puerto Rico,Rep. Dominicana,30
28.711648,-100.509418,2024,Centroamérica,Mexico,Ahogamiento,Frontera EE.UU.-México,Desconocido,1
28.706963,-100.513782,2024,Centroamérica,Mexico,Enfermedad o falta de atención,Frontera EE.UU.-México,Cuba,1
28.671988,-100.504314,2024,Centroamérica,Mexico,Ahogamiento,Frontera EE.UU.-México,Desconocido,1
32.503214,-117.123517,2024,Centroamérica,Mexico,Ahogamiento,Frontera EE.UU.-México,Desconocido,1
28.723377,-100.509106,2024,Centroamérica,Mexico,Ahogamiento,Frontera EE.UU.-México,Desconocido,1
14.954646,-92.264454,2024,Centroamérica,Mexico,Violencia,Sin ruta registrada,Ecuador,3
18.026475,-94.127017,2024,Centroamérica,Mexico,Violencia,Sin ruta registrada,Guatemala,1
29.339822,-100.406504,2024,Norteamérica,United States of America,Accidente de transporte,Sin ruta registrada,Desconocido,3
29.302912,-100.399987,2024,Norteamérica,United States of America,Accidente de transporte,Frontera EE.UU.-México,Desconocido,3
28.699507,-100.511319,2024,Centroamérica,Mexico,Ahogamiento,Frontera EE.UU.-México,Desconocido,1
26.408786,-99.022841,2024,Norteamérica,United States of America,Ahogamiento,Frontera EE.UU.-México,Desconocido,1
31.928212,-106.730561,2024,Norteamérica,United States of America,Muerte accidental,Frontera EE.UU.-México,Desconocido,1
17.901091,-93.71779,2024,Centroamérica,Mexico,Violencia,Sin ruta registrada,Honduras,1
28.739904,-100.506733,2024,Norteamérica,United States of America,Ahogamiento,Frontera EE.UU.-México,Mexico,1
17.571999,-92.027161,2024,Centroamérica,Mexico,Muerte accidental,Sin ruta registrada,Honduras,1
19.002494,-69.137013,2024,Caribe,Puerto Rico,Ahogamiento,Rep. Dominicana a Puerto Rico,Rep. Dominicana,4
18.848948,-97.536316,2024,Centroamérica,Mexico,Mixta o desconocida,Sin ruta registrada,Desconocido,1
19.821511,-99.000528,2024,Centroamérica,Mexico,Mixta o desconocida,Sin ruta registrada,Venezuela,1
28.701341,-100.511744,2024,Centroamérica,Mexico,Ahogamiento,Frontera EE.UU.-México,Guatemala,1
28.696063,-100.509831,2024,Norteamérica,United States of America,Ahogamiento,Frontera EE.UU.-México,Nicaragua,1
31.800501,-106.603251,2024,Norteamérica,United States of America,Enfermedad o falta de atención,Frontera EE.UU.-México,Desconocido,1
15.008087,-92.40126,2024,Centroamérica,Mexico,Accidente de transporte,Sin ruta registrada,Honduras,1
19.019627,-69.267549,2024,Caribe,Dominican Republic,Ahogamiento,Rep. Dominicana a Puerto Rico,Rep. Dominicana,16
29.644814,-106.340457,2024,Centroamérica,Mexico,Accidente de transporte,Sin ruta registrada,Desconocido,2
32.546393,-116.988691,2024,Norteamérica,United States of America,Muerte accidental,Frontera EE.UU.-México,Guatemala,1
44.700965,-73.471908,2024,Norteamérica,United States of America,Enfermedad o falta de atención,Sin ruta registrada,Bangladesh,1
44.997076,-73.633686,2024,Norteamérica,United States of America,Condiciones ambientales extremas,Sin ruta registrada,Senegal,2
14.883379,-92.306204,2024,Centroamérica,Mexico,Violencia,Sin ruta registrada,Haiti,1
17.050884,-96.728867,2024,Centroamérica,Mexico,Mixta o desconocida,Sin ruta registrada,Honduras,1
-19.282171,-68.624082,2024,Sudamérica,Chile,Condiciones ambientales extremas,Sin ruta registrada,Colombia,1
15.671574,-93.212029,2024,Centroamérica,Mexico,Enfermedad o falta de atención,Sin ruta registrada,Ecuador,1
14.909406,-92.259366,2024,Centroamérica,Mexico,Enfermedad o falta de atención,Sin ruta registrada,Venezuela,1
29.309696,-100.900368,2024,Centroamérica,Mexico,Ahogamiento,Frontera EE.UU.-México,Venezuela,1
16.371331,-94.959512,2024,Centroamérica,Mexico,Ahogamiento,Sin ruta registrada,China,8
-19.274903,-68.640168,2024,Sudamérica,Chile,Condiciones ambientales extremas,Sin ruta registrada,Bolivia,1
8.402592,-77.818067,2024,Centroamérica,Panama,Violencia,Tapón del Darién,Colombia,2
16.439555,-95.485771,2024,Centroamérica,Mexico,Accidente de transporte,Sin ruta registrada,Cameroon,3
16.180393,-95.223888,2024,Centroamérica,Mexico,Accidente de transporte,Sin ruta registrada,Haiti,2
16.602655,-93.796342,2024,Centroamérica,Mexico,Accidente de transporte,Sin ruta registrada,Venezuela,1
18.147722,-96.086715,2024,Centroamérica,Mexico,Accidente de transporte,Sin ruta registrada,Desconocido,1
8.445739,-77.618117,2024,Centroamérica,Panama,Ahogamiento,Tapón del Darién,Desconocido,1
8.445746,-77.618116,2024,Centroamérica,Panama,Ahogamiento,Tapón del Darién,Venezuela,1
8.441241,-77.618386,2024,Centroamérica,Panama,Mixta o desconocida,Tapón del Darién,Desconocido,1
8.44427,-77.619215,2024,Centroamérica,Panama,Ahogamiento,Tapón del Darién,Desconocido,1
8.445179,-77.618654,2024,Centroamérica,Panama,Ahogamiento,Tapón del Darién,Desconocido,1
8.439774,-77.6268,2024,Centroamérica,Panama,Condiciones ambientales extremas,Tapón del Darién,Desconocido,1
8.466945,-77.688856,2024,Centroamérica,Panama,Ahogamiento,Tapón del Darién,Desconocido,1
8.468326,-77.689868,2024,Centroamérica,Panama,Enfermedad o falta de atención,Tapón del Darién,Venezuela,2
8.468567,-77.68967,2024,Centroamérica,Panama,Muerte accidental,Tapón del Darién,Desconocido,1
16.325194,-95.246047,2024,Centroamérica,Mexico,Enfermedad o falta de atención,Sin ruta registrada,Desconocido,1
-0.827617,-46.604215,2024,Sudamérica,Brazil,Condiciones ambientales extremas,Ruta atlántica a Canarias,Desconocido,9
17.071612,-92.864151,2024,Centroamérica,Mexico,Violencia,Sin ruta registrada,Mexico,1
31.643067,-106.30235,2024,Norteamérica,United States of America,Ahogamiento,Frontera EE.UU.-México,Desconocido,1
29.356681,-100.937518,2024,Norteamérica,United States of America,Mixta o desconocida,Frontera EE.UU.-México,Desconocido,1
8.466615,-77.700639,2024,Centroamérica,Panama,Violencia,Tapón del Darién,Venezuela,1
8.465174,-77.699547,2024,Centroamérica,Panama,Violencia,Tapón del Darién,Desconocido,1
8.462743,-77.696209,2024,Centroamérica,Panama,Ahogamiento,Tapón del Darién,Desconocido,1
8.463643,-77.695299,2024,Centroamérica,Panama,Ahogamiento,Tapón del Darién,Desconocido,1
8.467515,-77.703492,2024,Centroamérica,Panama,Mixta o desconocida,Tapón del Darién,Venezuela,1
8.19831,-77.249823,2024,Sudamérica,Colombia,Violencia,Tapón del Darién,Ecuador,1
8.456809,-77.709081,2024,Centroamérica,Panama,Mixta o desconocida,Tapón del Darién,Desconocido,1
8.462653,-77.697203,2024,Centroamérica,Panama,Ahogamiento,Tapón del Darién,Colombia,1
8.530432,-82.840174,2024,Centroamérica,Costa Rica,Enfermedad o falta de atención,Sin ruta registrada,Venezuela,1
25.557686,-103.525186,2024,Centroamérica,Mexico,Accidente de transporte,Sin ruta registrada,Venezuela,3
16.477299,-94.355434,2024,Centroamérica,Mexico,Accidente de transporte,Sin ruta registrada,Rep. Dominicana,3
17.082085,-96.718664,2024,Centroamérica,Mexico,Enfermedad o falta de atención,Sin ruta registrada,Nicaragua,1
28.489222,-100.193446,2024,Norteamérica,United States of America,Mixta o desconocida,Frontera EE.UU.-México,Mexico,1
29.783124,-100.966269,2024,Norteamérica,United States of America,Mixta o desconocida,Frontera EE.UU.-México,Desconocido,1
16.575243,-94.835342,2024,Centroamérica,Mexico,Accidente de transporte,Sin ruta registrada,Desconocido,3
7.806844,-73.41224,2024,Sudamérica,Colombia,Violencia,Sin ruta registrada,Venezuela,1
8.462243,-77.701374,2024,Centroamérica,Panama,Ahogamiento,Tapón del Darién,Venezuela,1
8.462559,-77.701208,2024,Centroamérica,Panama,Mixta o desconocida,Tapón del Darién,Colombia,1
8.462559,-77.701208,2024,Centroamérica,Panama,Mixta o desconocida,Tapón del Darién,Venezuela,1
8.462521,-77.700059,2024,Centroamérica,Panama,Ahogamiento,Tapón del Darién,Venezuela,1
8.461688,-77.70182,2024,Centroamérica,Panama,Violencia,Tapón del Darién,Venezuela,1
8.462243,-77.700723,2024,Centroamérica,Panama,Ahogamiento,Tapón del Darién,Desconocido,1
8.462243,-77.700723,2024,Centroamérica,Panama,Ahogamiento,Tapón del Darién,Desconocido,1
8.46242,-77.701795,2024,Centroamérica,Panama,Ahogamiento,Tapón del Darién,Haiti,1
28.697068,-106.093564,2024,Centroamérica,Mexico,Accidente de transporte,Sin ruta registrada,Honduras,1
31.79064,-106.54313,2024,Norteamérica,United States of America,Condiciones ambientales extremas,Frontera EE.UU.-México,El Salvador,1
14.680024,-92.147891,2024,Centroamérica,Mexico,Enfermedad o falta de atención,Sin ruta registrada,Venezuela,1
25.082594,-97.554484,2024,Centroamérica,Mexico,Condiciones ambientales extremas,Frontera EE.UU.-México,Cuba,4
-19.293692,-68.621921,2024,Sudamérica,Chile,Condiciones ambientales extremas,Sin ruta registrada,Bolivia,1
28.629906,-106.034536,2024,Centroamérica,Mexico,Accidente de transporte,Sin ruta registrada,Desconocido,1
19.434838,-99.08619,2024,Centroamérica,Mexico,Accidente de transporte,Sin ruta registrada,Cuba,1
31.67155,-106.339363,2024,Centroamérica,Mexico,Accidente de transporte,Frontera EE.UU.-México,Desconocido,1
8.466998,-77.717449,2024,Centroamérica,Panama,Mixta o desconocida,Tapón del Darién,Desconocido,1
8.466925,-77.717449,2024,Centroamérica,Panama,Mixta o desconocida,Tapón del Darién,Colombia,1
8.465088,-77.720644,2024,Centroamérica,Panama,Mixta o desconocida,Tapón del Darién,Venezuela,1
8.466337,-77.718489,2024,Centroamérica,Panama,Mixta o desconocida,Tapón del Darién,Desconocido,1
8.464087,-77.692266,2024,Centroamérica,Panama,Ahogamiento,Tapón del Darién,Peru,1
8.462356,-77.710247,2024,Centroamérica,Panama,Mixta o desconocida,Tapón del Darién,Peru,1
8.462304,-77.707621,2024,Centroamérica,Panama,Mixta o desconocida,Tapón del Darién,Venezuela,1
8.461628,-77.708199,2024,Centroamérica,Panama,Mixta o desconocida,Tapón del Darién,Colombia,1
28.640088,-99.408286,2024,Norteamérica,United States of America,Accidente de transporte,Frontera EE.UU.-México,Mexico,3
-19.318633,-68.583657,2024,Sudamérica,Chile,Enfermedad o falta de atención,Sin ruta registrada,Venezuela,1
14.915714,-92.263341,2024,Centroamérica,Mexico,Enfermedad o falta de atención,Sin ruta registrada,Bangladesh,1
28.697532,-100.511614,2024,Centroamérica,Mexico,Violencia,Frontera EE.UU.-México,Cuba,1
14.196965,-89.581626,2024,Centroamérica,El Salvador,Accidente de transporte,Sin ruta registrada,Rep. Dominicana,1
14.633829,-90.507985,2024,Centroamérica,Guatemala,Enfermedad o falta de atención,Sin ruta registrada,Rep. Dominicana,2
8.461659,-77.711264,2024,Centroamérica,Panama,Mixta o desconocida,Tapón del Darién,Peru,1
8.460649,-77.699016,2024,Centroamérica,Panama,Mixta o desconocida,Tapón del Darién,Cuba,1
8.46093,-77.70586,2024,Centroamérica,Panama,Mixta o desconocida,Tapón del Darién,Colombia,1
8.461182,-77.707136,2024,Centroamérica,Panama,Mixta o desconocida,Tapón del Darién,Desconocido,1
8.462884,-77.697552,2024,Centroamérica,Panama,Ahogamiento,Tapón del Darién,Venezuela,1
8.460386,-77.696938,2024,Centroamérica,Panama,Mixta o desconocida,Tapón del Darién,Venezuela,1
8.46342,-77.693438,2024,Centroamérica,Panama,Ahogamiento,Tapón del Darién,Venezuela,1
8.461704,-77.700328,2024,Centroamérica,Panama,Mixta o desconocida,Tapón del Darién,Colombia,1
26.099867,-98.282452,2024,Centroamérica,Mexico,Ahogamiento,Frontera EE.UU.-México,Guatemala,1
18.514966,-67.101137,2024,Caribe,Puerto Rico,Mixta o desconocida,Rep. Dominicana a Puerto Rico,Desconocido,1
14.872762,-92.304026,2024,Centroamérica,Mexico,Enfermedad o falta de atención,Sin ruta registrada,Cuba,1
31.760919,-106.508094,2024,Centroamérica,Mexico,Violencia,Frontera EE.UU.-México,Honduras,1
16.432102,-95.03866,2024,Centroamérica,Mexico,Violencia,Sin ruta registrada,Mauritania,1
28.709597,-100.510744,2024,Centroamérica,Mexico,Ahogamiento,Frontera EE.UU.-México,Desconocido,1
8.462729,-77.696801,2024,Centroamérica,Panama,Ahogamiento,Tapón del Darién,Venezuela,1
8.457761,-77.714333,2024,Centroamérica,Panama,Mixta o desconocida,Tapón del Darién,Venezuela,1
8.457358,-77.711782,2024,Centroamérica,Panama,Mixta o desconocida,Tapón del Darién,Colombia,1
8.459579,-77.711373,2024,Centroamérica,Panama,Mixta o desconocida,Tapón del Darién,Venezuela,1
8.543143,-77.448136,2024,Centroamérica,Panama,Muerte accidental,Tapón del Darién,Haiti,2
8.668983,-77.420199,2024,Centroamérica,Panama,Ahogamiento,Tapón del Darién,Venezuela,1
8.543143,-77.448136,2024,Centroamérica,Panama,Muerte accidental,Tapón del Darién,Desconocido,1
8.463246,-77.698369,2024,Centroamérica,Panama,Ahogamiento,Tapón del Darién,Haiti,1
28.707942,-100.510769,2024,Norteamérica,United States of America,Ahogamiento,Frontera EE.UU.-México,Mexico,1
28.929444,-100.618543,2024,Norteamérica,United States of America,Condiciones ambientales extremas,Frontera EE.UU.-México,Mexico,1
28.709597,-100.510744,2024,Centroamérica,Mexico,Ahogamiento,Frontera EE.UU.-México,Desconocido,1
8.543143,-77.448136,2024,Centroamérica,Panama,Muerte accidental,Tapón del Darién,Venezuela,1
8.543143,-77.448136,2024,Centroamérica,Panama,Muerte accidental,Tapón del Darién,Venezuela,1
8.462992,-77.698374,2024,Centroamérica,Panama,Ahogamiento,Tapón del Darién,Desconocido,2
8.462278,-77.701405,2024,Centroamérica,Panama,Violencia,Tapón del Darién,Desconocido,1
8.543143,-77.448136,2024,Centroamérica,Panama,Muerte accidental,Tapón del Darién,Haiti,1
8.462742,-77.697075,2024,Centroamérica,Panama,Ahogamiento,Tapón del Darién,Venezuela,1
8.462742,-77.697075,2024,Centroamérica,Panama,Ahogamiento,Tapón del Darién,Desconocido,1
8.460767,-77.703848,2024,Centroamérica,Panama,Violencia,Tapón del Darién,Venezuela,1
8.543143,-77.448136,2024,Centroamérica,Panama,Muerte accidental,Tapón del Darién,Haiti,2
16.694018,-93.717056,2024,Centroamérica,Mexico,Muerte accidental,Sin ruta registrada,Colombia,1
29.918249,-100.774093,2024,Norteamérica,United States of America,Accidente de transporte,Frontera EE.UU.-México,Desconocido,3
32.534345,-117.123643,2024,Centroamérica,Mexico,Ahogamiento,Frontera EE.UU.-México,Desconocido,1
22.707268,-82.738008,2024,Caribe,Cuba,Ahogamiento,Caribe hacia EE.UU.,Cuba,19
-19.274801,-68.639417,2024,Sudamérica,Chile,Mixta o desconocida,Sin ruta registrada,Bolivia,1
8.464025,-77.692869,2024,Centroamérica,Panama,Ahogamiento,Tapón del Darién,Venezuela,2
8.462624,-77.696431,2024,Centroamérica,Panama,Ahogamiento,Tapón del Darién,Venezuela,3
8.451527,-77.717031,2024,Centroamérica,Panama,Violencia,Tapón del Darién,Desconocido,1
8.543143,-77.448136,2024,Centroamérica,Panama,Muerte accidental,Tapón del Darién,Venezuela,1
8.405536,-77.821364,2024,Centroamérica,Panama,Violencia,Tapón del Darién,Colombia,1
8.421127,-77.753297,2024,Centroamérica,Panama,Violencia,Tapón del Darién,Venezuela,1
8.44863,-77.702423,2024,Centroamérica,Panama,Violencia,Tapón del Darién,Desconocido,4
8.44014,-77.708603,2024,Centroamérica,Panama,Violencia,Tapón del Darién,Venezuela,1
32.272111,-111.449806,2024,Norteamérica,United States of America,Mixta o desconocida,Frontera EE.UU.-México,Guatemala,1
32.18169,-111.929662,2024,Norteamérica,United States of America,Mixta o desconocida,Frontera EE.UU.-México,Desconocido,1
32.007317,-111.356831,2024,Norteamérica,United States of America,Mixta o desconocida,Frontera EE.UU.-México,Desconocido,1
31.45851,-111.31058,2024,Norteamérica,United States of America,Mixta o desconocida,Frontera EE.UU.-México,Mexico,1
31.869,-111.2232,2024,Norteamérica,United States of America,Mixta o desconocida,Frontera EE.UU.-México,Desconocido,1
32.29443,-111.61995,2024,Norteamérica,United States of America,Mixta o desconocida,Frontera EE.UU.-México,Mexico,1
32.12339,-113.11225,2024,Norteamérica,United States of America,Mixta o desconocida,Frontera EE.UU.-México,Desconocido,1
32.375164,-113.124557,2024,Norteamérica,United States of America,Mixta o desconocida,Frontera EE.UU.-México,Desconocido,1
32.112269,-113.11214,2024,Norteamérica,United States of America,Mixta o desconocida,Frontera EE.UU.-México,Desconocido,1
31.611253,-109.220635,2024,Norteamérica,United States of America,Condiciones ambientales extremas,Frontera EE.UU.-México,Guatemala,1
32.34112,-113.15264,2024,Norteamérica,United States of America,Mixta o desconocida,Frontera EE.UU.-México,Desconocido,1
32.230776,-113.166307,2024,Norteamérica,United States of America,Mixta o desconocida,Frontera EE.UU.-México,Desconocido,1
32.35073,-113.13191,2024,Norteamérica,United States of America,Mixta o desconocida,Frontera EE.UU.-México,Desconocido,1
28.335796,-100.239614,2024,Norteamérica,United States of America,Condiciones ambientales extremas,Frontera EE.UU.-México,Mexico,1
28.70875,-100.510269,2024,Norteamérica,United States of America,Ahogamiento,Frontera EE.UU.-México,Guatemala,1
31.82,-106.69,2024,Norteamérica,United States of America,Condiciones ambientales extremas,Frontera EE.UU.-México,Desconocido,1
31.80917,-106.59565,2024,Norteamérica,United States of America,Condiciones ambientales extremas,Frontera EE.UU.-México,Mexico,1
31.82794,-106.62739,2024,Norteamérica,United States of America,Condiciones ambientales extremas,Frontera EE.UU.-México,Ecuador,2
31.819607,-106.659083,2024,Norteamérica,United States of America,Condiciones ambientales extremas,Frontera EE.UU.-México,Desconocido,1
-20.268596,-70.1051,2024,Sudamérica,Chile,Violencia,Sin ruta registrada,Bolivia,1
31.804153,-106.545973,2024,Norteamérica,United States of America,Ahogamiento,Frontera EE.UU.-México,Desconocido,1
31.882521,-112.853842,2024,Centroamérica,Mexico,Condiciones ambientales extremas,Frontera EE.UU.-México,Desconocido,1
28.712922,-100.50854,2024,Centroamérica,Mexico,Ahogamiento,Frontera EE.UU.-México,Honduras,1
28.697566,-100.511057,2024,Centroamérica,Mexico,Ahogamiento,Frontera EE.UU.-México,Desconocido,1
31.562313,-106.456614,2024,Centroamérica,Mexico,Condiciones ambientales extremas,Frontera EE.UU.-México,El Salvador,1
31.651333,-106.325627,2024,Centroamérica,Mexico,Muerte accidental,Frontera EE.UU.-México,El Salvador,1
28.710059,-100.508436,2024,Norteamérica,United States of America,Mixta o desconocida,Frontera EE.UU.-México,Colombia,1
26.51368,-99.064479,2024,Norteamérica,United States of America,Condiciones ambientales extremas,Frontera EE.UU.-México,Desconocido,1
31.495089,-106.443896,2024,Centroamérica,Mexico,Muerte accidental,Frontera EE.UU.-México,Desconocido,1
-19.295512,-68.608793,2024,Sudamérica,Chile,Condiciones ambientales extremas,Sin ruta registrada,Cuba,1
20.016533,-99.216533,2024,Centroamérica,Mexico,Accidente de transporte,Frontera EE.UU.-México,Desconocido,1
32.23346,-113.16379,2024,Norteamérica,United States of America,Mixta o desconocida,Frontera EE.UU.-México,Desconocido,1
31.34787,-110.70348,2024,Norteamérica,United States of America,Ahogamiento,Frontera EE.UU.-México,Mexico,1
31.71566,-111.63423,2024,Norteamérica,United States of America,Violencia,Frontera EE.UU.-México,Mexico,1
32.432,-113.16987,2024,Norteamérica,United States of America,Mixta o desconocida,Frontera EE.UU.-México,Desconocido,1
31.66537,-111.88026,2024,Norteamérica,United States of America,Mixta o desconocida,Frontera EE.UU.-México,Desconocido,1
31.66537,-111.88026,2024,Norteamérica,United States of America,Mixta o desconocida,Frontera EE.UU.-México,Guatemala,1
31.54511,-111.16916,2024,Norteamérica,United States of America,Condiciones ambientales extremas,Frontera EE.UU.-México,Guatemala,1
32.28893,-113.09382,2024,Norteamérica,United States of America,Mixta o desconocida,Frontera EE.UU.-México,Desconocido,1
32.208189,-113.065017,2024,Norteamérica,United States of America,Mixta o desconocida,Frontera EE.UU.-México,Desconocido,1
32.25108,-113.08067,2024,Norteamérica,United States of America,Mixta o desconocida,Frontera EE.UU.-México,Desconocido,1
32.274801,-113.087418,2024,Norteamérica,United States of America,Mixta o desconocida,Frontera EE.UU.-México,Desconocido,1
32.344291,-113.110844,2024,Norteamérica,United States of America,Mixta o desconocida,Frontera EE.UU.-México,Desconocido,1
32.262255,-113.073662,2024,Norteamérica,United States of America,Mixta o desconocida,Frontera EE.UU.-México,Desconocido,1
32.32553,-113.11716,2024,Norteamérica,United States of America,Mixta o desconocida,Frontera EE.UU.-México,Desconocido,1
31.336589,-109.902509,2024,Norteamérica,United States of America,Mixta o desconocida,Frontera EE.UU.-México,Mexico,1
31.96795,-113.05393,2024,Norteamérica,United States of America,Mixta o desconocida,Frontera EE.UU.-México,Desconocido,1
32.31917,-113.08678,2024,Norteamérica,United States of America,Mixta o desconocida,Frontera EE.UU.-México,Desconocido,1
31.763491,-106.529843,2024,Centroamérica,Mexico,Condiciones ambientales extremas,Frontera EE.UU.-México,Mexico,1
16.221443,-94.855525,2024,Centroamérica,Mexico,Ahogamiento,Sin ruta registrada,Desconocido,3
32.401094,-113.115394,2024,Norteamérica,United States of America,Condiciones ambientales extremas,Frontera EE.UU.-México,Mexico,3
31.83622,-106.62352,2024,Norteamérica,United States of America,Condiciones ambientales extremas,Frontera EE.UU.-México,Guatemala,1
31.803495,-106.541822,2024,Norteamérica,United States of America,Ahogamiento,Frontera EE.UU.-México,Mexico,4
31.655484,-106.318806,2024,Norteamérica,United States of America,Ahogamiento,Frontera EE.UU.-México,Desconocido,1
31.810009,-106.72283,2024,Norteamérica,United States of America,Condiciones ambientales extremas,Frontera EE.UU.-México,Guatemala,1
48.901267,-122.616795,2024,Norteamérica,United States of America,Accidente de transporte,Sin ruta registrada,Mexico,1
31.783167,-106.553187,2024,Centroamérica,Mexico,Condiciones ambientales extremas,Frontera EE.UU.-México,Mexico,1
16.215836,-94.85781,2024,Centroamérica,Mexico,Ahogamiento,Sin ruta registrada,Desconocido,3
25.901982,-80.25051,2024,Norteamérica,United States of America,Violencia,Sin ruta registrada,Venezuela,1
25.582281,-103.501274,2024,Centroamérica,Mexico,Accidente de transporte,Sin ruta registrada,Desconocido,1
31.84829,-111.94507,2024,Norteamérica,United States of America,Mixta o desconocida,Frontera EE.UU.-México,Desconocido,1
32.210614,-111.907406,2024,Norteamérica,United States of America,Mixta o desconocida,Frontera EE.UU.-México,Desconocido,1
32.226995,-111.910646,2024,Norteamérica,United States of America,Mixta o desconocida,Frontera EE.UU.-México,Desconocido,1
32.693547,-111.464518,2024,Norteamérica,United States of America,Accidente de transporte,Frontera EE.UU.-México,Guatemala,1
31.935031,-111.624315,2024,Norteamérica,United States of America,Mixta o desconocida,Frontera EE.UU.-México,Guatemala,1
31.8575,-111.92761,2024,Norteamérica,United States of America,Mixta o desconocida,Frontera EE.UU.-México,Mexico,1
31.82767,-111.37371,2024,Norteamérica,United States of America,Condiciones ambientales extremas,Frontera EE.UU.-México,Mexico,1
31.640278,-111.171944,2024,Norteamérica,United States of America,Mixta o desconocida,Frontera EE.UU.-México,Mexico,1
31.640407,-111.169297,2024,Norteamérica,United States of America,Mixta o desconocida,Frontera EE.UU.-México,Desconocido,1
31.36735,-109.91314,2024,Norteamérica,United States of America,Mixta o desconocida,Frontera EE.UU.-México,Mexico,1
31.577831,-111.725536,2024,Norteamérica,United States of America,Mixta o desconocida,Frontera EE.UU.-México,Guatemala,1
31.986323,-111.293131,2024,Norteamérica,United States of America,Mixta o desconocida,Frontera EE.UU.-México,Desconocido,1
31.704333,-111.9985,2024,Norteamérica,United States of America,Mixta o desconocida,Frontera EE.UU.-México,Guatemala,1
31.70187,-111.99752,2024,Norteamérica,United States of America,Mixta o desconocida,Frontera EE.UU.-México,Guatemala,1
27.933521,-99.532775,2024,Norteamérica,United States of America,Mixta o desconocida,Frontera EE.UU.-México,Guatemala,1
32.608443,-116.194159,2024,Centroamérica,Mexico,Mixta o desconocida,Frontera EE.UU.-México,Colombia,1
14.897794,-92.252216,2024,Centroamérica,Mexico,Violencia,Sin ruta registrada,Venezuela,1
9.937195,-83.913192,2024,Centroamérica,Costa Rica,Violencia,Sin ruta registrada,Nicaragua,1
-19.408412,-68.425359,2024,Sudamérica,Chile,Violencia,Sin ruta registrada,Bolivia,1
-19.782812,-68.662259,2024,Sudamérica,Chile,Condiciones ambientales extremas,Sin ruta registrada,Desconocido,1
28.681337,-100.507688,2024,Centroamérica,Mexico,Ahogamiento,Frontera EE.UU.-México,Desconocido,1
31.752221,-106.439962,2024,Centroamérica,Mexico,Enfermedad o falta de atención,Frontera EE.UU.-México,Mexico,1
18.474762,-69.88641,2024,Caribe,Dominican Republic,Enfermedad o falta de atención,Sin ruta registrada,Haiti,1
20.216663,-99.444451,2024,Centroamérica,Mexico,Ahogamiento,Sin ruta registrada,Guatemala,1
12.625127,-81.735461,2024,Sudamérica,Colombia,Ahogamiento,Sin ruta registrada,Desconocido,5
31.77888,-106.392497,2024,Norteamérica,United States of America,Accidente de transporte,Frontera EE.UU.-México,Desconocido,1
31.89617,-111.4331,2024,Norteamérica,United States of America,Condiciones ambientales extremas,Frontera EE.UU.-México,Honduras,1
31.710833,-111.949667,2024,Norteamérica,United States of America,Mixta o desconocida,Frontera EE.UU.-México,Mexico,1
31.71875,-111.814367,2024,Norteamérica,United States of America,Condiciones ambientales extremas,Frontera EE.UU.-México,Guatemala,1
32.461237,-113.143321,2024,Norteamérica,United States of America,Condiciones ambientales extremas,Frontera EE.UU.-México,Mexico,1
31.56296,-109.24732,2024,Norteamérica,United States of America,Condiciones ambientales extremas,Frontera EE.UU.-México,Mexico,1
31.5494,-109.142167,2024,Norteamérica,United States of America,Condiciones ambientales extremas,Frontera EE.UU.-México,Mexico,1
32.3735,-113.124333,2024,Norteamérica,United States of America,Condiciones ambientales extremas,Frontera EE.UU.-México,Mexico,1
32.339517,-113.168183,2024,Norteamérica,United States of America,Condiciones ambientales extremas,Frontera EE.UU.-México,Mexico,1
32.346417,-113.164933,2024,Norteamérica,United States of America,Condiciones ambientales extremas,Frontera EE.UU.-México,Mexico,1
31.3662,-110.7988,2024,Norteamérica,United States of America,Mixta o desconocida,Frontera EE.UU.-México,Desconocido,1
31.835728,-112.672735,2024,Norteamérica,United States of America,Condiciones ambientales extremas,Frontera EE.UU.-México,Nepal,1
19.781974,-72.253727,2024,Caribe,Haiti,Muerte accidental,Sin ruta registrada,Haiti,40
26.963957,-78.08813,2024,Caribe,Bahamas,Mixta o desconocida,Caribe hacia EE.UU.,Desconocido,60
29.30976,-100.900471,2024,Centroamérica,Mexico,Ahogamiento,Frontera EE.UU.-México,Desconocido,1
31.653314,-106.430577,2024,Centroamérica,Mexico,Accidente de transporte,Frontera EE.UU.-México,Guatemala,2
8.449315,-77.750797,2024,Centroamérica,Panama,Violencia,Tapón del Darién,Venezuela,1
8.463934,-77.692569,2024,Centroamérica,Panama,Violencia,Tapón del Darién,Venezuela,1
8.461763,-77.717084,2024,Centroamérica,Panama,Ahogamiento,Tapón del Darién,Peru,2
8.454151,-77.724314,2024,Centroamérica,Panama,Mixta o desconocida,Tapón del Darién,Colombia,1
8.452248,-77.723361,2024,Centroamérica,Panama,Mixta o desconocida,Tapón del Darién,Venezuela,1
8.451624,-77.721692,2024,Centroamérica,Panama,Ahogamiento,Tapón del Darién,Venezuela,1
8.447912,-77.716763,2024,Centroamérica,Panama,Mixta o desconocida,Tapón del Darién,Venezuela,1
8.447841,-77.716968,2024,Centroamérica,Panama,Violencia,Tapón del Darién,Venezuela,2
8.779814,-77.580658,2024,Centroamérica,Panama,Ahogamiento,Tapón del Darién,Desconocido,10
8.663139,-77.417867,2024,Centroamérica,Panama,Condiciones ambientales extremas,Tapón del Darién,Venezuela,1
8.663139,-77.417867,2024,Centroamérica,Panama,Ahogamiento,Tapón del Darién,Desconocido,16
32.578424,-116.601546,2024,Centroamérica,Mexico,Condiciones ambientales extremas,Frontera EE.UU.-México,Ecuador,1
18.415636,-69.470397,2024,Caribe,Dominican Republic,Ahogamiento,Rep. Dominicana a Puerto Rico,Rep. Dominicana,4
29.318436,-100.91659,2024,Centroamérica,Mexico,Ahogamiento,Frontera EE.UU.-México,Venezuela,1
16.726997,-92.673815,2024,Centroamérica,Mexico,Violencia,Sin ruta registrada,Honduras,2
32.578196,-116.604741,2024,Centroamérica,Mexico,Condiciones ambientales extremas,Frontera EE.UU.-México,Colombia,1
8.115188,-77.226545,2024,Sudamérica,Colombia,Mixta o desconocida,Tapón del Darién,Venezuela,1
8.431824,-77.714922,2024,Centroamérica,Panama,Violencia,Tapón del Darién,Venezuela,2
8.453924,-77.713087,2024,Centroamérica,Panama,Violencia,Tapón del Darién,Desconocido,1
8.452864,-77.712118,2024,Centroamérica,Panama,Violencia,Tapón del Darién,Venezuela,1
8.45135,-77.713292,2024,Centroamérica,Panama,Condiciones ambientales extremas,Tapón del Darién,Venezuela,1
8.450188,-77.713189,2024,Centroamérica,Panama,Violencia,Tapón del Darién,Ecuador,1
8.453015,-77.708392,2024,Centroamérica,Panama,Condiciones ambientales extremas,Tapón del Darién,Venezuela,1
8.452561,-77.70977,2024,Centroamérica,Panama,Violencia,Tapón del Darién,Venezuela,1
8.442919,-77.696705,2024,Centroamérica,Panama,Violencia,Tapón del Darién,Venezuela,1
8.456624,-77.677144,2024,Centroamérica,Panama,Ahogamiento,Tapón del Darién,Venezuela,2
8.776728,-77.586086,2024,Centroamérica,Panama,Ahogamiento,Tapón del Darién,Colombia,1
29.326145,-100.925935,2024,Centroamérica,Mexico,Ahogamiento,Frontera EE.UU.-México,Venezuela,1
28.693979,-100.509946,2024,Norteamérica,United States of America,Ahogamiento,Frontera EE.UU.-México,Honduras,1
17.898327,-94.818662,2024,Centroamérica,Mexico,Violencia,Sin ruta registrada,Desconocido,1
29.276114,-100.411989,2024,Norteamérica,United States of America,Condiciones ambientales extremas,Frontera EE.UU.-México,Mexico,1
32.078288,-107.103506,2024,Norteamérica,United States of America,Condiciones ambientales extremas,Frontera EE.UU.-México,El Salvador,1
22.238198,-83.57159,2024,Caribe,Cuba,Ahogamiento,Caribe hacia EE.UU.,Cuba,12
19.66351,-70.066271,2024,Caribe,Dominican Republic,Condiciones ambientales extremas,Ruta atlántica a Canarias,Mauritania,15
19.200044,-99.146349,2024,Centroamérica,Mexico,Violencia,Sin ruta registrada,Venezuela,2
8.457037,-77.689369,2024,Centroamérica,Panama,Violencia,Tapón del Darién,Venezuela,1
8.449515,-77.701909,2024,Centroamérica,Panama,Violencia,Tapón del Darién,Venezuela,1
8.449006,-77.672555,2024,Centroamérica,Panama,Violencia,Tapón del Darién,Desconocido,1
8.447308,-77.678134,2024,Centroamérica,Panama,Violencia,Tapón del Darién,Desconocido,2
8.454524,-77.660882,2024,Centroamérica,Panama,Violencia,Tapón del Darién,Venezuela,1
28.719469,-100.472031,2024,Norteamérica,United States of America,Ahogamiento,Frontera EE.UU.-México,Desconocido,1
28.741574,-100.507858,2024,Norteamérica,United States of America,Ahogamiento,Frontera EE.UU.-México,Desconocido,1
19.74344,-99.034842,2024,Centroamérica,Mexico,Accidente de transporte,Sin ruta registrada,Honduras,1
-23.042229,-46.956155,2024,Sudamérica,Brazil,Accidente de transporte,Sin ruta registrada,Venezuela,3
6.220636,-75.583722,2024,Sudamérica,Colombia,Violencia,Sin ruta registrada,Venezuela,1
28.691272,-100.510391,2024,Centroamérica,Mexico,Ahogamiento,Frontera EE.UU.-México,Honduras,2
28.495108,-100.262623,2024,Norteamérica,United States of America,Condiciones ambientales extremas,Frontera EE.UU.-México,Mexico,1
28.724044,-100.508355,2024,Centroamérica,Mexico,Ahogamiento,Frontera EE.UU.-México,Desconocido,1
32.553019,-117.022037,2024,Norteamérica,United States of America,Enfermedad o falta de atención,Frontera EE.UU.-México,Colombia,1
15.689181,-93.198046,2024,Centroamérica,Mexico,Accidente de transporte,Sin ruta registrada,Peru,1
-19.257686,-68.629452,2024,Sudamérica,Chile,Condiciones ambientales extremas,Sin ruta registrada,Venezuela,1
-23.429402,-46.47142,2024,Sudamérica,Brazil,Mixta o desconocida,Sin ruta registrada,Ghana,1
8.455853,-77.719307,2024,Centroamérica,Panama,Ahogamiento,Tapón del Darién,Ecuador,1
8.503649,-77.453597,2024,Centroamérica,Panama,Muerte accidental,Tapón del Darién,Haiti,2
8.782255,-77.57955,2024,Centroamérica,Panama,Ahogamiento,Tapón del Darién,Colombia,10
29.34714,-101.020619,2024,Centroamérica,Mexico,Accidente de transporte,Frontera EE.UU.-México,Desconocido,1
16.463199,-94.9971,2024,Centroamérica,Mexico,Accidente de transporte,Sin ruta registrada,Ecuador,3
28.715906,-100.536307,2024,Centroamérica,Mexico,Violencia,Frontera EE.UU.-México,El Salvador,1
27.855363,-101.104286,2024,Centroamérica,Mexico,Accidente de transporte,Frontera EE.UU.-México,Honduras,1
31.606226,-106.459905,2024,Centroamérica,Mexico,Accidente de transporte,Frontera EE.UU.-México,Venezuela,1
32.03401,-110.728223,2024,Norteamérica,United States of America,Accidente de transporte,Frontera EE.UU.-México,Mexico,1
6.284848,-75.562611,2024,Sudamérica,Colombia,Violencia,Sin ruta registrada,Venezuela,1
28.494799,-100.311815,2024,Norteamérica,United States of America,Condiciones ambientales extremas,Frontera EE.UU.-México,Mexico,1
8.503649,-77.453597,2024,Centroamérica,Panama,Muerte accidental,Tapón del Darién,Venezuela,1
8.456097,-77.708962,2024,Centroamérica,Panama,Violencia,Tapón del Darién,Haiti,1
28.729304,-100.508259,2024,Centroamérica,Mexico,Ahogamiento,Frontera EE.UU.-México,Colombia,1
28.723389,-100.508432,2024,Centroamérica,Mexico,Ahogamiento,Frontera EE.UU.-México,Desconocido,1
8.465677,-77.693992,2024,Centroamérica,Panama,Violencia,Tapón del Darién,Haiti,1
14.96431,-92.147289,2024,Centroamérica,Mexico,Ahogamiento,Sin ruta registrada,Guatemala,2
28.696411,-100.51053,2024,Centroamérica,Mexico,Ahogamiento,Frontera EE.UU.-México,Venezuela,1
28.496274,-100.318227,2024,Norteamérica,United States of America,Condiciones ambientales extremas,Frontera EE.UU.-México,Mexico,1
28.510072,-100.334358,2024,Norteamérica,United States of America,Mixta o desconocida,Frontera EE.UU.-México,Desconocido,1
15.63738,-61.423129,2024,Caribe,Dominica,Ahogamiento,Sin ruta registrada,Haiti,1
19.861867,-98.980001,2024,Centroamérica,Mexico,Mixta o desconocida,Sin ruta registrada,Mexico,2
28.305097,-100.355522,2024,Centroamérica,Mexico,Accidente de transporte,Frontera EE.UU.-México,Desconocido,2
15.148092,-92.475644,2024,Centroamérica,Mexico,Violencia,Sin ruta registrada,Egypt,6
8.457764,-77.670053,2024,Centroamérica,Panama,Violencia,Tapón del Darién,Colombia,1
8.453476,-77.670823,2024,Centroamérica,Panama,Ahogamiento,Tapón del Darién,Venezuela,1
31.733098,-106.456011,2024,Centroamérica,Mexico,Violencia,Frontera EE.UU.-México,Venezuela,1
15.162089,-92.536054,2024,Centroamérica,Mexico,Violencia,Sin ruta registrada,Desconocido,2
-19.276072,-68.627053,2024,Sudamérica,Chile,Condiciones ambientales extremas,Sin ruta registrada,Rep. Dominicana,1
-33.433431,-70.650794,2024,Sudamérica,Chile,Violencia,Sin ruta registrada,Colombia,1
31.378391,-110.044024,2024,Norteamérica,United States of America,Condiciones ambientales extremas,Frontera EE.UU.-México,Mexico,1
28.724614,-100.508448,2024,Centroamérica,Mexico,Ahogamiento,Frontera EE.UU.-México,Desconocido,1
16.751671,-93.163329,2024,Centroamérica,Mexico,Violencia,Sin ruta registrada,Desconocido,1
8.456367,-77.67477,2024,Centroamérica,Panama,Ahogamiento,Tapón del Darién,Venezuela,1
19.309887,-98.355016,2024,Centroamérica,Mexico,Violencia,Sin ruta registrada,Cuba,1
28.707733,-100.510849,2024,Norteamérica,United States of America,Ahogamiento,Frontera EE.UU.-México,Desconocido,1
25.66499,-103.409191,2024,Centroamérica,Mexico,Accidente de transporte,Sin ruta registrada,Honduras,1
-16.564044,-69.039575,2024,Sudamérica,Peru,Mixta o desconocida,Sin ruta registrada,Colombia,1
28.71253,-100.509035,2024,Centroamérica,Mexico,Ahogamiento,Frontera EE.UU.-México,Desconocido,2
18.724258,-68.489255,2024,Caribe,Dominican Republic,Violencia,Sin ruta registrada,Haiti,1
14.537251,-92.231481,2024,Centroamérica,Mexico,Mixta o desconocida,Sin ruta registrada,Desconocido,1
29.247523,-100.799383,2024,Centroamérica,Mexico,Ahogamiento,Frontera EE.UU.-México,Mexico,1
29.32695,-100.925971,2024,Norteamérica,United States of America,Ahogamiento,Frontera EE.UU.-México,Venezuela,2
19.021527,-68.977754,2024,Caribe,Dominican Republic,Ahogamiento,Rep. Dominicana a Puerto Rico,Rep. Dominicana,3
32.566268,-117.004499,2024,Norteamérica,United States of America,Accidente de transporte,Frontera EE.UU.-México,Mexico,2
29.309621,-100.900096,2024,Centroamérica,Mexico,Ahogamiento,Frontera EE.UU.-México,Desconocido,1
8.495318,-77.558259,2024,Centroamérica,Panama,Condiciones ambientales extremas,Tapón del Darién,Venezuela,1
47.249239,-122.423784,2024,Norteamérica,United States of America,Enfermedad o falta de atención,Sin ruta registrada,Mexico,1
26.464952,-97.747601,2024,Norteamérica,United States of America,Enfermedad o falta de atención,Frontera EE.UU.-México,Guatemala,1
31.283298,-92.463774,2024,Norteamérica,United States of America,Enfermedad o falta de atención,Sin ruta registrada,Senegal,1
32.501154,-116.092805,2024,Centroamérica,Mexico,Violencia,Frontera EE.UU.-México,Colombia,2
19.079886,-98.237166,2024,Centroamérica,Mexico,Accidente de transporte,Sin ruta registrada,Venezuela,1
21.028935,-101.858438,2024,Centroamérica,Mexico,Violencia,Sin ruta registrada,Nicaragua,1
28.756915,-100.532443,2024,Centroamérica,Mexico,Violencia,Frontera EE.UU.-México,Honduras,1
14.904947,-92.258227,2024,Centroamérica,Mexico,Enfermedad o falta de atención,Sin ruta registrada,Honduras,1
28.70888,-100.510035,2024,Norteamérica,United States of America,Ahogamiento,Frontera EE.UU.-México,Honduras,1
16.571028,-94.701767,2024,Centroamérica,Mexico,Muerte accidental,Sin ruta registrada,Desconocido,1
-33.02377,-71.490995,2024,Sudamérica,Chile,Violencia,Sin ruta registrada,Venezuela,1
14.78537,-92.167577,2024,Centroamérica,Mexico,Ahogamiento,Sin ruta registrada,Desconocido,1
-19.28641,-68.604483,2024,Sudamérica,Chile,Mixta o desconocida,Sin ruta registrada,Venezuela,1
14.888318,-92.282018,2024,Centroamérica,Mexico,Mixta o desconocida,Sin ruta registrada,Venezuela,1
14.977386,-92.278368,2024,Centroamérica,Mexico,Violencia,Sin ruta registrada,Cuba,2
14.906248,-92.263368,2024,Centroamérica,Mexico,Violencia,Sin ruta registrada,Nicaragua,1
20.61247,-99.115138,2024,Centroamérica,Mexico,Violencia,Sin ruta registrada,Mexico,1
14.916211,-92.263742,2024,Centroamérica,Mexico,Violencia,Sin ruta registrada,Desconocido,1
29.349381,-100.968547,2024,Centroamérica,Mexico,Ahogamiento,Frontera EE.UU.-México,Desconocido,1
26.955677,-101.430726,2024,Centroamérica,Mexico,Accidente de transporte,Sin ruta registrada,Desconocido,1
23.132506,-80.775006,2024,Caribe,Cuba,Ahogamiento,Caribe hacia EE.UU.,Cuba,28
24.097667,-81.471971,2024,Caribe,Cuba,Ahogamiento,Caribe hacia EE.UU.,Cuba,17
18.837226,-97.117373,2024,Centroamérica,Mexico,Ahogamiento,Sin ruta registrada,Desconocido,1
32.571388,-116.679771,2024,Centroamérica,Mexico,Ahogamiento,Frontera EE.UU.-México,Nicaragua,1
14.8482,-92.2686,2024,Centroamérica,Mexico,Ahogamiento,Sin ruta registrada,Desconocido,1
19.476307,-99.140003,2024,Centroamérica,Mexico,Ahogamiento,Sin ruta registrada,Desconocido,1
14.848226,-92.266644,2024,Centroamérica,Mexico,Violencia,Sin ruta registrada,Honduras,1
-33.440187,-70.678747,2024,Sudamérica,Chile,Violencia,Sin ruta registrada,Venezuela,1
-19.280361,-68.620815,2024,Sudamérica,Chile,Mixta o desconocida,Sin ruta registrada,Venezuela,1
23.314438,-106.477504,2024,Centroamérica,Mexico,Accidente de transporte,Sin ruta registrada,Desconocido,1
25.59353,-103.505735,2024,Centroamérica,Mexico,Accidente de transporte,Sin ruta registrada,Venezuela,1
28.174482,-101.094121,2024,Centroamérica,Mexico,Condiciones ambientales extremas,Sin ruta registrada,Desconocido,1
32.554183,-117.146787,2024,Norteamérica,United States of America,Ahogamiento,Frontera EE.UU.-México,Mexico,1
14.946447,-92.253414,2024,Centroamérica,Mexico,Muerte accidental,Sin ruta registrada,Desconocido,1
31.80382,-106.61677,2024,Norteamérica,United States of America,Condiciones ambientales extremas,Frontera EE.UU.-México,Mexico,1
31.79881,-106.6636,2024,Norteamérica,United States of America,Condiciones ambientales extremas,Frontera EE.UU.-México,Mexico,1
31.80382,-106.61677,2024,Norteamérica,United States of America,Condiciones ambientales extremas,Frontera EE.UU.-México,Mexico,1
32.024856,-106.629966,2024,Norteamérica,United States of America,Mixta o desconocida,Frontera EE.UU.-México,Mexico,1
31.79649,-106.72697,2024,Norteamérica,United States of America,Mixta o desconocida,Frontera EE.UU.-México,Mexico,1
32.63181,-107.03876,2024,Norteamérica,United States of America,Accidente de transporte,Frontera EE.UU.-México,Guatemala,1
31.81848,-106.64875,2024,Norteamérica,United States of America,Mixta o desconocida,Frontera EE.UU.-México,Desconocido,1
32.11044,-107.57106,2024,Norteamérica,United States of America,Mixta o desconocida,Frontera EE.UU.-México,Desconocido,1
31.80539,-106.79941,2024,Norteamérica,United States of America,Mixta o desconocida,Frontera EE.UU.-México,Mexico,1
32.181328,-107.569137,2024,Norteamérica,United States of America,Mixta o desconocida,Frontera EE.UU.-México,Desconocido,1
34.588621,-106.74608,2024,Norteamérica,United States of America,Violencia,Frontera EE.UU.-México,Mexico,1
31.810433,-106.803898,2024,Norteamérica,United States of America,Mixta o desconocida,Frontera EE.UU.-México,Mexico,1
32.07162,-106.8681,2024,Norteamérica,United States of America,Mixta o desconocida,Frontera EE.UU.-México,Desconocido,1
31.78998,-106.58395,2024,Norteamérica,United States of America,Condiciones ambientales extremas,Frontera EE.UU.-México,Mexico,1
31.86,-106.71,2024,Norteamérica,United States of America,Condiciones ambientales extremas,Frontera EE.UU.-México,Guatemala,1
31.81881,-106.60214,2024,Norteamérica,United States of America,Condiciones ambientales extremas,Frontera EE.UU.-México,Mexico,1
31.83007,-106.71003,2024,Norteamérica,United States of America,Condiciones ambientales extremas,Frontera EE.UU.-México,Mexico,1
31.81677,-106.74893,2024,Norteamérica,United States of America,Condiciones ambientales extremas,Frontera EE.UU.-México,Bolivia,1
31.84296,-106.73164,2024,Norteamérica,United States of America,Condiciones ambientales extremas,Frontera EE.UU.-México,Jordan,1
31.82869,-106.63976,2024,Norteamérica,United States of America,Condiciones ambientales extremas,Frontera EE.UU.-México,Mexico,1
31.81209,-106.8283,2024,Norteamérica,United States of America,Mixta o desconocida,Frontera EE.UU.-México,Mexico,1
31.80211,-106.7111,2024,Norteamérica,United States of America,Condiciones ambientales extremas,Frontera EE.UU.-México,Mexico,1
31.800089,-106.59776,2024,Norteamérica,United States of America,Condiciones ambientales extremas,Frontera EE.UU.-México,Desconocido,1
31.81,-106.59,2024,Norteamérica,United States of America,Condiciones ambientales extremas,Frontera EE.UU.-México,Mexico,1
31.797449,-106.600613,2024,Norteamérica,United States of America,Condiciones ambientales extremas,Frontera EE.UU.-México,Mexico,1
31.8911,-108.75642,2024,Norteamérica,United States of America,Mixta o desconocida,Frontera EE.UU.-México,Desconocido,1
31.87136,-106.7467,2024,Norteamérica,United States of America,Condiciones ambientales extremas,Frontera EE.UU.-México,Mexico,1
31.85,-106.73,2024,Norteamérica,United States of America,Condiciones ambientales extremas,Frontera EE.UU.-México,Mexico,1
32.13917,-108.03255,2024,Norteamérica,United States of America,Mixta o desconocida,Frontera EE.UU.-México,Desconocido,1
31.79,-106.63,2024,Norteamérica,United States of America,Condiciones ambientales extremas,Frontera EE.UU.-México,Mexico,1
31.771314,-108.60071,2024,Norteamérica,United States of America,Condiciones ambientales extremas,Frontera EE.UU.-México,Mexico,1
31.868447,-106.80247,2024,Norteamérica,United States of America,Mixta o desconocida,Frontera EE.UU.-México,Desconocido,1
31.82,-106.69,2024,Norteamérica,United States of America,Condiciones ambientales extremas,Frontera EE.UU.-México,Mexico,1
31.84267,-106.74507,2024,Norteamérica,United States of America,Condiciones ambientales extremas,Frontera EE.UU.-México,Guatemala,1
31.80315,-106.63487,2024,Norteamérica,United States of America,Condiciones ambientales extremas,Frontera EE.UU.-México,Rep. Dominicana,1
31.91492,-106.692432,2024,Norteamérica,United States of America,Condiciones ambientales extremas,Frontera EE.UU.-México,Guatemala,1
31.80222,-106.54782,2024,Norteamérica,United States of America,Ahogamiento,Frontera EE.UU.-México,Guatemala,1
31.87,-106.8,2024,Norteamérica,United States of America,Mixta o desconocida,Frontera EE.UU.-México,Desconocido,1
31.86827,-106.80009,2024,Norteamérica,United States of America,Mixta o desconocida,Frontera EE.UU.-México,Desconocido,1
31.85589,-106.76606,2024,Norteamérica,United States of America,Mixta o desconocida,Frontera EE.UU.-México,Desconocido,1
31.82157,-106.62007,2024,Norteamérica,United States of America,Condiciones ambientales extremas,Frontera EE.UU.-México,Guatemala,1
31.82369,-106.7327,2024,Norteamérica,United States of America,Mixta o desconocida,Frontera EE.UU.-México,Guatemala,1
31.930588,-106.710474,2024,Norteamérica,United States of America,Condiciones ambientales extremas,Frontera EE.UU.-México,Guatemala,1
31.930588,-106.710474,2024,Norteamérica,United States of America,Condiciones ambientales extremas,Frontera EE.UU.-México,Mexico,1
31.930588,-106.710474,2024,Norteamérica,United States of America,Condiciones ambientales extremas,Frontera EE.UU.-México,Mexico,1
31.81829,-106.736,2024,Norteamérica,United States of America,Condiciones ambientales extremas,Frontera EE.UU.-México,Mexico,1
31.79708,-106.60023,2024,Norteamérica,United States of America,Condiciones ambientales extremas,Frontera EE.UU.-México,Mexico,1
31.8197,-106.73088,2024,Norteamérica,United States of America,Condiciones ambientales extremas,Frontera EE.UU.-México,Guatemala,1
31.797425,-106.734108,2024,Norteamérica,United States of America,Condiciones ambientales extremas,Frontera EE.UU.-México,Mexico,1
31.80715,-106.6206,2024,Norteamérica,United States of America,Condiciones ambientales extremas,Frontera EE.UU.-México,Guatemala,1
31.85794,-107.37296,2024,Norteamérica,United States of America,Condiciones ambientales extremas,Frontera EE.UU.-México,Mexico,1
31.84932,-106.74885,2024,Norteamérica,United States of America,Condiciones ambientales extremas,Frontera EE.UU.-México,Mexico,1
31.814,-106.73139,2024,Norteamérica,United States of America,Condiciones ambientales extremas,Frontera EE.UU.-México,Guatemala,1
31.81,-106.62,2024,Norteamérica,United States of America,Condiciones ambientales extremas,Frontera EE.UU.-México,Mexico,1
31.82839,-106.628,2024,Norteamérica,United States of America,Condiciones ambientales extremas,Frontera EE.UU.-México,Mexico,1
31.78997,-106.66009,2024,Norteamérica,United States of America,Mixta o desconocida,Frontera EE.UU.-México,El Salvador,1
31.84388,-106.72504,2024,Norteamérica,United States of America,Mixta o desconocida,Frontera EE.UU.-México,Desconocido,1
31.8302,-106.69828,2024,Norteamérica,United States of America,Condiciones ambientales extremas,Frontera EE.UU.-México,Mexico,1
31.813858,-106.725598,2024,Norteamérica,United States of America,Condiciones ambientales extremas,Frontera EE.UU.-México,Mexico,1
31.809445,-106.72311,2024,Norteamérica,United States of America,Mixta o desconocida,Frontera EE.UU.-México,Ecuador,1
31.818245,-106.734994,2024,Norteamérica,United States of America,Condiciones ambientales extremas,Frontera EE.UU.-México,Mexico,1
31.79849,-106.72544,2024,Norteamérica,United States of America,Condiciones ambientales extremas,Frontera EE.UU.-México,Mexico,1
31.794538,-106.70753,2024,Norteamérica,United States of America,Condiciones ambientales extremas,Frontera EE.UU.-México,Mexico,1
31.8299,-106.70029,2024,Norteamérica,United States of America,Condiciones ambientales extremas,Frontera EE.UU.-México,Mexico,1
31.8022,-106.7173,2024,Norteamérica,United States of America,Condiciones ambientales extremas,Frontera EE.UU.-México,Mexico,1
31.80511,-106.6555,2024,Norteamérica,United States of America,Condiciones ambientales extremas,Frontera EE.UU.-México,Mexico,1
31.80163,-106.62282,2024,Norteamérica,United States of America,Condiciones ambientales extremas,Frontera EE.UU.-México,Guatemala,1
31.81128,-106.71791,2024,Norteamérica,United States of America,Condiciones ambientales extremas,Frontera EE.UU.-México,Guatemala,1
31.843626,-106.725834,2024,Norteamérica,United States of America,Mixta o desconocida,Frontera EE.UU.-México,Guatemala,1
31.824593,-106.63586,2024,Norteamérica,United States of America,Mixta o desconocida,Frontera EE.UU.-México,Guatemala,1
31.819392,-106.7696,2024,Norteamérica,United States of America,Mixta o desconocida,Frontera EE.UU.-México,Desconocido,1
31.80311,-106.72624,2024,Norteamérica,United States of America,Condiciones ambientales extremas,Frontera EE.UU.-México,Ecuador,1
31.80311,-106.72624,2024,Norteamérica,United States of America,Condiciones ambientales extremas,Frontera EE.UU.-México,Guatemala,1
31.80309,-106.72626,2024,Norteamérica,United States of America,Mixta o desconocida,Frontera EE.UU.-México,Mexico,1
31.81851,-106.62725,2024,Norteamérica,United States of America,Condiciones ambientales extremas,Frontera EE.UU.-México,Mexico,1
31.823754,-106.65041,2024,Norteamérica,United States of America,Mixta o desconocida,Frontera EE.UU.-México,Honduras,1
31.81458,-106.74519,2024,Norteamérica,United States of America,Condiciones ambientales extremas,Frontera EE.UU.-México,Mexico,1
31.80835,-106.7269,2024,Norteamérica,United States of America,Condiciones ambientales extremas,Frontera EE.UU.-México,Guatemala,1
31.81342,-106.61772,2024,Norteamérica,United States of America,Condiciones ambientales extremas,Frontera EE.UU.-México,Guatemala,1
31.80926,-106.60639,2024,Norteamérica,United States of America,Condiciones ambientales extremas,Frontera EE.UU.-México,Guatemala,1
31.83133,-106.724694,2024,Norteamérica,United States of America,Mixta o desconocida,Frontera EE.UU.-México,Desconocido,1
31.85,-106.7,2024,Norteamérica,United States of America,Condiciones ambientales extremas,Frontera EE.UU.-México,Mexico,1
35.080894,-106.39172,2024,Norteamérica,United States of America,Mixta o desconocida,Frontera EE.UU.-México,Mexico,1
31.84,-106.89,2024,Norteamérica,United States of America,Condiciones ambientales extremas,Frontera EE.UU.-México,Ecuador,1
31.83395,-106.83364,2024,Norteamérica,United States of America,Condiciones ambientales extremas,Frontera EE.UU.-México,Guatemala,1
31.88932,-106.66994,2024,Norteamérica,United States of America,Condiciones ambientales extremas,Frontera EE.UU.-México,Guatemala,1
31.8221,-106.74612,2024,Norteamérica,United States of America,Mixta o desconocida,Frontera EE.UU.-México,Desconocido,1
32.138076,-107.77631,2024,Norteamérica,United States of America,Condiciones ambientales extremas,Frontera EE.UU.-México,Mexico,1
31.82421,-106.75823,2024,Norteamérica,United States of America,Condiciones ambientales extremas,Frontera EE.UU.-México,Mexico,1
31.79995,-106.83415,2024,Norteamérica,United States of America,Condiciones ambientales extremas,Frontera EE.UU.-México,Guatemala,1
31.81551,-106.71298,2024,Norteamérica,United States of America,Condiciones ambientales extremas,Frontera EE.UU.-México,Desconocido,1
31.829641,-106.661452,2024,Norteamérica,United States of America,Condiciones ambientales extremas,Frontera EE.UU.-México,Guatemala,1
31.83049,-106.73863,2024,Norteamérica,United States of America,Condiciones ambientales extremas,Frontera EE.UU.-México,Guatemala,1
31.868118,-106.676265,2024,Norteamérica,United States of America,Mixta o desconocida,Frontera EE.UU.-México,Desconocido,1
31.82885,-106.65828,2024,Norteamérica,United States of America,Condiciones ambientales extremas,Frontera EE.UU.-México,Mexico,1
31.81,-106.79,2024,Norteamérica,United States of America,Condiciones ambientales extremas,Frontera EE.UU.-México,El Salvador,1
31.8518,-106.65898,2024,Norteamérica,United States of America,Mixta o desconocida,Frontera EE.UU.-México,Mexico,1
31.93756,-106.689025,2024,Norteamérica,United States of America,Condiciones ambientales extremas,Frontera EE.UU.-México,Guatemala,1
31.80883,-106.82489,2024,Norteamérica,United States of America,Condiciones ambientales extremas,Frontera EE.UU.-México,Mexico,1
31.81049,-106.80925,2024,Norteamérica,United States of America,Mixta o desconocida,Frontera EE.UU.-México,Guatemala,1
31.83338,-106.75505,2024,Norteamérica,United States of America,Mixta o desconocida,Frontera EE.UU.-México,Desconocido,1
31.839367,-106.732665,2024,Norteamérica,United States of America,Condiciones ambientales extremas,Frontera EE.UU.-México,Rep. Dominicana,1
31.81958,-106.71703,2024,Norteamérica,United States of America,Condiciones ambientales extremas,Frontera EE.UU.-México,Mexico,1
31.83781,-106.72784,2024,Norteamérica,United States of America,Condiciones ambientales extremas,Frontera EE.UU.-México,Mexico,1
31.83871,-106.74767,2024,Norteamérica,United States of America,Mixta o desconocida,Frontera EE.UU.-México,Desconocido,1
31.81932,-106.62765,2024,Norteamérica,United States of America,Mixta o desconocida,Frontera EE.UU.-México,Guatemala,1
31.80789,-106.66476,2024,Norteamérica,United States of America,Condiciones ambientales extremas,Frontera EE.UU.-México,Mexico,1
32.13949,-108.03204,2024,Norteamérica,United States of America,Mixta o desconocida,Frontera EE.UU.-México,Desconocido,1
31.7886,-106.57419,2024,Norteamérica,United States of America,Condiciones ambientales extremas,Frontera EE.UU.-México,Honduras,1
32.18178,-107.56873,2024,Norteamérica,United States of America,Mixta o desconocida,Frontera EE.UU.-México,Desconocido,1
31.81273,-106.717872,2024,Norteamérica,United States of America,Mixta o desconocida,Frontera EE.UU.-México,Desconocido,1
31.79575,-106.596692,2024,Norteamérica,United States of America,Mixta o desconocida,Frontera EE.UU.-México,Guatemala,1
31.85739,-106.73347,2024,Norteamérica,United States of America,Mixta o desconocida,Frontera EE.UU.-México,Desconocido,1
32.260377,-107.770428,2024,Norteamérica,United States of America,Mixta o desconocida,Frontera EE.UU.-México,Desconocido,1
31.83077,-106.73316,2024,Norteamérica,United States of America,Mixta o desconocida,Frontera EE.UU.-México,Desconocido,1
31.8242,-106.77168,2024,Norteamérica,United States of America,Mixta o desconocida,Frontera EE.UU.-México,Desconocido,1
31.83324,-106.75271,2024,Norteamérica,United States of America,Mixta o desconocida,Frontera EE.UU.-México,Desconocido,1
31.85751,-106.72549,2024,Norteamérica,United States of America,Mixta o desconocida,Frontera EE.UU.-México,Desconocido,1
32.227964,-107.784846,2024,Norteamérica,United States of America,Mixta o desconocida,Frontera EE.UU.-México,Mexico,1
31.842617,-106.612824,2024,Norteamérica,United States of America,Mixta o desconocida,Frontera EE.UU.-México,Desconocido,1
31.814,-106.62231,2024,Norteamérica,United States of America,Condiciones ambientales extremas,Frontera EE.UU.-México,Mexico,1
31.79668,-106.66296,2024,Norteamérica,United States of America,Mixta o desconocida,Frontera EE.UU.-México,Desconocido,1
32.02183,-107.35717,2024,Norteamérica,United States of America,Mixta o desconocida,Frontera EE.UU.-México,Desconocido,1
31.813466,-106.714576,2024,Norteamérica,United States of America,Mixta o desconocida,Frontera EE.UU.-México,Guatemala,1
31.83278,-106.73867,2024,Norteamérica,United States of America,Mixta o desconocida,Frontera EE.UU.-México,Desconocido,1
31.8298,-106.73781,2024,Norteamérica,United States of America,Mixta o desconocida,Frontera EE.UU.-México,Desconocido,1
31.9611,-108.607,2024,Norteamérica,United States of America,Mixta o desconocida,Frontera EE.UU.-México,Desconocido,1
31.904266,-106.564955,2024,Norteamérica,United States of America,Condiciones ambientales extremas,Frontera EE.UU.-México,Guatemala,1
31.834277,-106.580646,2024,Norteamérica,United States of America,Accidente de transporte,Frontera EE.UU.-México,Guatemala,1
26.186766,-98.228261,2024,Norteamérica,United States of America,Condiciones ambientales extremas,Frontera EE.UU.-México,Nicaragua,1
31.772822,-106.436625,2024,Norteamérica,United States of America,Condiciones ambientales extremas,Frontera EE.UU.-México,Desconocido,1
32.819625,-112.142757,2024,Norteamérica,United States of America,Condiciones ambientales extremas,Frontera EE.UU.-México,Guatemala,1
32.819625,-112.142757,2024,Norteamérica,United States of America,Condiciones ambientales extremas,Frontera EE.UU.-México,Guatemala,1
8.450581,-77.717045,2024,Centroamérica,Panama,Muerte accidental,Tapón del Darién,Desconocido,1
2.970181,-78.192644,2024,Sudamérica,Colombia,Ahogamiento,Sin ruta registrada,Desconocido,2
32.360115,-113.332955,2024,Norteamérica,United States of America,Mixta o desconocida,Frontera EE.UU.-México,Desconocido,1
31.3662,-110.7988,2024,Norteamérica,United States of America,Mixta o desconocida,Frontera EE.UU.-México,Desconocido,1
31.89254,-111.49258,2024,Norteamérica,United States of America,Mixta o desconocida,Frontera EE.UU.-México,Guatemala,1
32.221057,-113.119442,2024,Norteamérica,United States of America,Mixta o desconocida,Frontera EE.UU.-México,Desconocido,1
31.37862,-111.09327,2024,Norteamérica,United States of America,Condiciones ambientales extremas,Frontera EE.UU.-México,Mexico,1
32.26821,-113.10797,2024,Norteamérica,United States of America,Mixta o desconocida,Frontera EE.UU.-México,Desconocido,1
32.46404,-113.140467,2024,Norteamérica,United States of America,Mixta o desconocida,Frontera EE.UU.-México,Desconocido,1
32.463843,-113.139958,2024,Norteamérica,United States of America,Mixta o desconocida,Frontera EE.UU.-México,Desconocido,1
31.749495,-111.850043,2024,Norteamérica,United States of America,Condiciones ambientales extremas,Frontera EE.UU.-México,Guatemala,1
32.037483,-112.442,2024,Norteamérica,United States of America,Condiciones ambientales extremas,Frontera EE.UU.-México,Honduras,1
31.434468,-110.965488,2024,Norteamérica,United States of America,Accidente de transporte,Frontera EE.UU.-México,Mexico,1
31.98499,-112.03427,2024,Norteamérica,United States of America,Condiciones ambientales extremas,Frontera EE.UU.-México,Mexico,1
31.66752,-111.85601,2024,Norteamérica,United States of America,Mixta o desconocida,Frontera EE.UU.-México,Desconocido,1
32.385453,-113.128789,2024,Norteamérica,United States of America,Mixta o desconocida,Frontera EE.UU.-México,Desconocido,1
31.79647,-111.84894,2024,Norteamérica,United States of America,Mixta o desconocida,Frontera EE.UU.-México,Guatemala,1
31.90706,-111.87376,2024,Norteamérica,United States of America,Condiciones ambientales extremas,Frontera EE.UU.-México,Guatemala,1
32.44901,-111.76673,2024,Norteamérica,United States of America,Condiciones ambientales extremas,Frontera EE.UU.-México,Ecuador,1
31.89678,-112.43026,2024,Norteamérica,United States of America,Condiciones ambientales extremas,Frontera EE.UU.-México,Guatemala,1
31.57027,-109.07499,2024,Norteamérica,United States of America,Condiciones ambientales extremas,Frontera EE.UU.-México,Mexico,1
31.93501,-112.830988,2024,Norteamérica,United States of America,Mixta o desconocida,Frontera EE.UU.-México,Mexico,1
31.4812,-109.3489,2024,Norteamérica,United States of America,Condiciones ambientales extremas,Frontera EE.UU.-México,Mexico,1
31.473611,-109.418611,2024,Norteamérica,United States of America,Mixta o desconocida,Frontera EE.UU.-México,Mexico,1
31.8604,-111.86221,2024,Norteamérica,United States of America,Condiciones ambientales extremas,Frontera EE.UU.-México,Guatemala,1
31.725267,-111.833217,2024,Norteamérica,United States of America,Mixta o desconocida,Frontera EE.UU.-México,Desconocido,1
31.62152,-111.88079,2024,Norteamérica,United States of America,Mixta o desconocida,Frontera EE.UU.-México,Desconocido,1
31.78585,-111.8569,2024,Norteamérica,United States of America,Condiciones ambientales extremas,Frontera EE.UU.-México,Guatemala,1
31.351111,-110.966944,2024,Norteamérica,United States of America,Mixta o desconocida,Frontera EE.UU.-México,Desconocido,1
31.8246,-111.75861,2024,Norteamérica,United States of America,Mixta o desconocida,Frontera EE.UU.-México,Desconocido,1
31.71582,-110.86983,2024,Norteamérica,United States of America,Condiciones ambientales extremas,Frontera EE.UU.-México,Mexico,1
31.978391,-112.805705,2024,Norteamérica,United States of America,Condiciones ambientales extremas,Frontera EE.UU.-México,Mexico,1
32.07232,-110.91042,2024,Norteamérica,United States of America,Condiciones ambientales extremas,Frontera EE.UU.-México,Mexico,1
31.33513,-110.97488,2024,Norteamérica,United States of America,Condiciones ambientales extremas,Frontera EE.UU.-México,Mexico,1
31.811547,-111.830444,2024,Norteamérica,United States of America,Mixta o desconocida,Frontera EE.UU.-México,Desconocido,1
31.933055,-112.365555,2024,Norteamérica,United States of America,Condiciones ambientales extremas,Frontera EE.UU.-México,Mexico,1
31.56996,-111.64674,2024,Norteamérica,United States of America,Mixta o desconocida,Frontera EE.UU.-México,Desconocido,1
31.58062,-111.23068,2024,Norteamérica,United States of America,Condiciones ambientales extremas,Frontera EE.UU.-México,Mexico,1
31.57418,-111.21822,2024,Norteamérica,United States of America,Condiciones ambientales extremas,Frontera EE.UU.-México,Guatemala,1
32.10514,-111.56123,2024,Norteamérica,United States of America,Mixta o desconocida,Frontera EE.UU.-México,Ecuador,1
31.947533,-112.494433,2024,Norteamérica,United States of America,Mixta o desconocida,Frontera EE.UU.-México,Desconocido,1
32.00415,-112.81203,2024,Norteamérica,United States of America,Condiciones ambientales extremas,Frontera EE.UU.-México,Mexico,1
31.560291,-111.319229,2024,Norteamérica,United States of America,Accidente de transporte,Frontera EE.UU.-México,Mexico,1
31.62718,-109.15486,2024,Norteamérica,United States of America,Condiciones ambientales extremas,Frontera EE.UU.-México,Guatemala,1
31.552705,-110.230439,2024,Norteamérica,United States of America,Condiciones ambientales extremas,Frontera EE.UU.-México,Mexico,1
31.57194,-109.21416,2024,Norteamérica,United States of America,Condiciones ambientales extremas,Frontera EE.UU.-México,Mexico,1
32.0476,-112.64095,2024,Norteamérica,United States of America,Condiciones ambientales extremas,Frontera EE.UU.-México,Mexico,1
31.90108,-112.59732,2024,Norteamérica,United States of America,Condiciones ambientales extremas,Frontera EE.UU.-México,Mexico,1
31.52685,-111.36514,2024,Norteamérica,United States of America,Condiciones ambientales extremas,Frontera EE.UU.-México,Guatemala,1
31.850868,-112.162727,2024,Norteamérica,United States of America,Condiciones ambientales extremas,Frontera EE.UU.-México,Mexico,1
31.774317,-111.636098,2024,Norteamérica,United States of America,Mixta o desconocida,Frontera EE.UU.-México,Desconocido,1
31.42422,-111.30594,2024,Norteamérica,United States of America,Mixta o desconocida,Frontera EE.UU.-México,Desconocido,1
31.83462,-111.94683,2024,Norteamérica,United States of America,Condiciones ambientales extremas,Frontera EE.UU.-México,Mexico,1
31.899875,-111.852589,2024,Norteamérica,United States of America,Mixta o desconocida,Frontera EE.UU.-México,Desconocido,1
31.877511,-111.833692,2024,Norteamérica,United States of America,Mixta o desconocida,Frontera EE.UU.-México,Guatemala,1
31.798117,-111.966417,2024,Norteamérica,United States of America,Condiciones ambientales extremas,Frontera EE.UU.-México,Mexico,1
32.11245,-113.12217,2024,Norteamérica,United States of America,Mixta o desconocida,Frontera EE.UU.-México,Mexico,1
31.523069,-111.502047,2024,Norteamérica,United States of America,Mixta o desconocida,Frontera EE.UU.-México,Desconocido,1
32.032,-112.6398,2024,Norteamérica,United States of America,Condiciones ambientales extremas,Frontera EE.UU.-México,Mexico,1
31.6328,-111.79865,2024,Norteamérica,United States of America,Mixta o desconocida,Frontera EE.UU.-México,Desconocido,1
32.10191,-112.69722,2024,Norteamérica,United States of America,Condiciones ambientales extremas,Frontera EE.UU.-México,Mexico,1
31.37002,-111.0944,2024,Norteamérica,United States of America,Condiciones ambientales extremas,Frontera EE.UU.-México,Mexico,1
31.679667,-111.835483,2024,Norteamérica,United States of America,Mixta o desconocida,Frontera EE.UU.-México,Mexico,1
31.875254,-110.938406,2024,Norteamérica,United States of America,Mixta o desconocida,Frontera EE.UU.-México,Desconocido,1
31.9883,-113.1718,2024,Norteamérica,United States of America,Mixta o desconocida,Frontera EE.UU.-México,Desconocido,1
31.64692,-111.68302,2024,Norteamérica,United States of America,Mixta o desconocida,Frontera EE.UU.-México,Desconocido,1
31.36221,-110.76583,2024,Norteamérica,United States of America,Condiciones ambientales extremas,Frontera EE.UU.-México,Mexico,1
32.25061,-111.57736,2024,Norteamérica,United States of America,Mixta o desconocida,Frontera EE.UU.-México,Desconocido,1
31.9054,-111.772,2024,Norteamérica,United States of America,Condiciones ambientales extremas,Frontera EE.UU.-México,Guatemala,1
31.919789,-111.830634,2024,Norteamérica,United States of America,Condiciones ambientales extremas,Frontera EE.UU.-México,Mexico,1
31.9958,-112.8512,2024,Norteamérica,United States of America,Condiciones ambientales extremas,Frontera EE.UU.-México,Mexico,1
31.80333,-111.84817,2024,Norteamérica,United States of America,Mixta o desconocida,Frontera EE.UU.-México,Guatemala,1
32.05448,-112.57296,2024,Norteamérica,United States of America,Mixta o desconocida,Frontera EE.UU.-México,Desconocido,1
31.74118,-110.80148,2024,Norteamérica,United States of America,Mixta o desconocida,Frontera EE.UU.-México,Desconocido,1
31.681221,-111.090832,2024,Norteamérica,United States of America,Mixta o desconocida,Frontera EE.UU.-México,Desconocido,1
31.665556,-111.1225,2024,Norteamérica,United States of America,Mixta o desconocida,Frontera EE.UU.-México,Desconocido,1
31.343167,-109.896333,2024,Norteamérica,United States of America,Mixta o desconocida,Frontera EE.UU.-México,Desconocido,1
31.982384,-112.863095,2024,Norteamérica,United States of America,Mixta o desconocida,Frontera EE.UU.-México,Desconocido,1
31.85457,-111.32944,2024,Norteamérica,United States of America,Mixta o desconocida,Frontera EE.UU.-México,Desconocido,1
31.61529,-111.60968,2024,Norteamérica,United States of America,Mixta o desconocida,Frontera EE.UU.-México,Desconocido,1
32.220055,-111.81445,2024,Norteamérica,United States of America,Mixta o desconocida,Frontera EE.UU.-México,Desconocido,1
31.39331,-111.07626,2024,Norteamérica,United States of America,Mixta o desconocida,Frontera EE.UU.-México,Desconocido,1
31.70905,-111.37376,2024,Norteamérica,United States of America,Mixta o desconocida,Frontera EE.UU.-México,Desconocido,1
31.9886,-111.29423,2024,Norteamérica,United States of America,Mixta o desconocida,Frontera EE.UU.-México,Desconocido,1
31.945527,-112.792757,2024,Norteamérica,United States of America,Mixta o desconocida,Frontera EE.UU.-México,Desconocido,1
32.11504,-110.99491,2024,Norteamérica,United States of America,Mixta o desconocida,Frontera EE.UU.-México,Desconocido,1
31.82802,-112.4459,2024,Norteamérica,United States of America,Mixta o desconocida,Frontera EE.UU.-México,Desconocido,1
31.33377,-110.97839,2024,Norteamérica,United States of America,Mixta o desconocida,Frontera EE.UU.-México,Desconocido,1
31.864712,-112.467332,2024,Norteamérica,United States of America,Mixta o desconocida,Frontera EE.UU.-México,Desconocido,1
31.6466,-111.681,2024,Norteamérica,United States of America,Mixta o desconocida,Frontera EE.UU.-México,Desconocido,1
31.74761,-111.04926,2024,Norteamérica,United States of America,Mixta o desconocida,Frontera EE.UU.-México,Desconocido,1
32.05448,-112.57296,2024,Norteamérica,United States of America,Mixta o desconocida,Frontera EE.UU.-México,Desconocido,1
32.25091,-113.08148,2024,Norteamérica,United States of America,Mixta o desconocida,Frontera EE.UU.-México,Desconocido,1
32.2653,-113.10238,2024,Norteamérica,United States of America,Mixta o desconocida,Frontera EE.UU.-México,Desconocido,1
32.26766,-113.10685,2024,Norteamérica,United States of America,Mixta o desconocida,Frontera EE.UU.-México,Desconocido,1
32.26017,-113.08439,2024,Norteamérica,United States of America,Mixta o desconocida,Frontera EE.UU.-México,Desconocido,1
32.24892,-113.07849,2024,Norteamérica,United States of America,Mixta o desconocida,Frontera EE.UU.-México,Desconocido,1
32.24879,-113.0768,2024,Norteamérica,United States of America,Mixta o desconocida,Frontera EE.UU.-México,Desconocido,1
31.971057,-112.805871,2024,Norteamérica,United States of America,Enfermedad o falta de atención,Frontera EE.UU.-México,Desconocido,1
28.34576012,-100.8785465,2024,Centroamérica,Mexico,Condiciones ambientales extremas,Frontera EE.UU.-México,Mexico,1
25.51145483,-103.4246743,2024,Centroamérica,Mexico,Accidente de transporte,Sin ruta registrada,Ecuador,2
25.897449,-103.626694,2024,Centroamérica,Mexico,Accidente de transporte,Sin ruta registrada,Venezuela,1
27.289269,-98.492009,2024,Norteamérica,United States of America,Condiciones ambientales extremas,Frontera EE.UU.-México,Rep. Dominicana,1
31.904483,-106.56762,2024,Norteamérica,United States of America,Condiciones ambientales extremas,Frontera EE.UU.-México,Mexico,1
14.915478,-92.620949,2024,Centroamérica,Mexico,Mixta o desconocida,Sin ruta registrada,Cuba,1
33.665291,-115.528601,2024,Norteamérica,United States of America,Ahogamiento,Frontera EE.UU.-México,Desconocido,1
32.90528,-115.21856,2024,Norteamérica,United States of America,Ahogamiento,Frontera EE.UU.-México,Desconocido,1
32.72983,-115.71586,2024,Norteamérica,United States of America,Ahogamiento,Frontera EE.UU.-México,Desconocido,1
32.718372,-114.725778,2024,Norteamérica,United States of America,Muerte accidental,Frontera EE.UU.-México,Desconocido,1
28.61889,-100.44053,2024,Norteamérica,United States of America,Ahogamiento,Frontera EE.UU.-México,Desconocido,1
27.10983,-98.28215,2024,Norteamérica,United States of America,Mixta o desconocida,Frontera EE.UU.-México,Mexico,1
32.54806,-116.970636,2024,Norteamérica,United States of America,Muerte accidental,Frontera EE.UU.-México,Mexico,1
28.727254,-100.507495,2024,Norteamérica,United States of America,Ahogamiento,Frontera EE.UU.-México,Desconocido,1
32.561116,-116.86758,2024,Norteamérica,United States of America,Condiciones ambientales extremas,Frontera EE.UU.-México,Mexico,1
27.055274,-98.095125,2024,Norteamérica,United States of America,Mixta o desconocida,Frontera EE.UU.-México,Desconocido,1
27.14766,-98.09126,2024,Norteamérica,United States of America,Mixta o desconocida,Frontera EE.UU.-México,Guatemala,1
32.586949,-116.66258,2024,Norteamérica,United States of America,Mixta o desconocida,Frontera EE.UU.-México,Desconocido,1
32.582618,-116.617486,2024,Norteamérica,United States of America,Enfermedad o falta de atención,Frontera EE.UU.-México,Mexico,1
28.673231,-100.503725,2024,Norteamérica,United States of America,Ahogamiento,Frontera EE.UU.-México,Desconocido,1
32.541956,-117.057677,2024,Norteamérica,United States of America,Ahogamiento,Frontera EE.UU.-México,Desconocido,1
32.556116,-116.880358,2024,Norteamérica,United States of America,Enfermedad o falta de atención,Frontera EE.UU.-México,Desconocido,1
27.10314,-98.01178,2024,Norteamérica,United States of America,Mixta o desconocida,Frontera EE.UU.-México,Desconocido,1
32.546949,-117.069247,2024,Norteamérica,United States of America,Mixta o desconocida,Frontera EE.UU.-México,Mexico,1
28.702273,-100.510901,2024,Norteamérica,United States of America,Ahogamiento,Frontera EE.UU.-México,Desconocido,1
28.684052,-100.507764,2024,Norteamérica,United States of America,Ahogamiento,Frontera EE.UU.-México,Desconocido,1
32.577227,-116.859803,2024,Norteamérica,United States of America,Violencia,Frontera EE.UU.-México,Desconocido,1
28.555394,-100.27967,2024,Norteamérica,United States of America,Condiciones ambientales extremas,Frontera EE.UU.-México,Honduras,1
32.590005,-116.71758,2024,Norteamérica,United States of America,Enfermedad o falta de atención,Frontera EE.UU.-México,Mexico,1
28.62211,-100.44089,2024,Norteamérica,United States of America,Ahogamiento,Frontera EE.UU.-México,Desconocido,1
28.718683,-100.506576,2024,Norteamérica,United States of America,Ahogamiento,Frontera EE.UU.-México,Mexico,1
28.665569,-100.500874,2024,Norteamérica,United States of America,Ahogamiento,Frontera EE.UU.-México,Desconocido,1
27.13328,-98.01225,2024,Norteamérica,United States of America,Mixta o desconocida,Frontera EE.UU.-México,Honduras,1
28.673348,-100.503618,2024,Norteamérica,United States of America,Ahogamiento,Frontera EE.UU.-México,Nicaragua,1
28.719017,-100.507004,2024,Norteamérica,United States of America,Ahogamiento,Frontera EE.UU.-México,Desconocido,1
32.630706,-116.956393,2024,Norteamérica,United States of America,Mixta o desconocida,Frontera EE.UU.-México,Desconocido,1
32.576116,-116.846469,2024,Norteamérica,United States of America,Mixta o desconocida,Frontera EE.UU.-México,Desconocido,1
32.751089,-117.163085,2024,Norteamérica,United States of America,Muerte accidental,Frontera EE.UU.-México,Mexico,1
27.07347,-98.12525,2024,Norteamérica,United States of America,Mixta o desconocida,Frontera EE.UU.-México,Desconocido,1
29.441191,-98.490989,2024,Norteamérica,United States of America,Condiciones ambientales extremas,Frontera EE.UU.-México,Mexico,1
28.742633,-100.514635,2024,Norteamérica,United States of America,Ahogamiento,Frontera EE.UU.-México,Desconocido,1
32.638616,-116.735358,2024,Norteamérica,United States of America,Mixta o desconocida,Frontera EE.UU.-México,Mexico,1
28.678882,-100.505668,2024,Norteamérica,United States of America,Ahogamiento,Frontera EE.UU.-México,Desconocido,1
32.829542,-117.127894,2024,Norteamérica,United States of America,Muerte accidental,Frontera EE.UU.-México,Desconocido,1
32.716116,-117.257858,2024,Norteamérica,United States of America,Violencia,Frontera EE.UU.-México,Desconocido,1
27.1908,-98.19,2024,Norteamérica,United States of America,Mixta o desconocida,Frontera EE.UU.-México,Desconocido,1
26.9544,-98.10737,2024,Norteamérica,United States of America,Mixta o desconocida,Frontera EE.UU.-México,Desconocido,1
28.405563,-100.255441,2024,Norteamérica,United States of America,Mixta o desconocida,Frontera EE.UU.-México,Desconocido,1
32.539439,-117.066182,2024,Norteamérica,United States of America,Muerte accidental,Frontera EE.UU.-México,Desconocido,1
28.718718,-100.391794,2024,Norteamérica,United States of America,Condiciones ambientales extremas,Frontera EE.UU.-México,El Salvador,1
32.613338,-116.908969,2024,Norteamérica,United States of America,Condiciones ambientales extremas,Frontera EE.UU.-México,Mexico,1
28.862677,-100.46091,2024,Norteamérica,United States of America,Condiciones ambientales extremas,Frontera EE.UU.-México,Mexico,1
28.557923,-100.252268,2024,Norteamérica,United States of America,Condiciones ambientales extremas,Frontera EE.UU.-México,Desconocido,1
32.570838,-116.799247,2024,Norteamérica,United States of America,Condiciones ambientales extremas,Frontera EE.UU.-México,Mexico,1
32.673338,-116.894803,2024,Norteamérica,United States of America,Mixta o desconocida,Frontera EE.UU.-México,Mexico,1
32.564116,-116.863053,2024,Norteamérica,United States of America,Mixta o desconocida,Frontera EE.UU.-México,Desconocido,1
32.65939,-115.5823,2024,Norteamérica,United States of America,Ahogamiento,Frontera EE.UU.-México,Desconocido,1
32.603616,-116.834247,2024,Norteamérica,United States of America,Mixta o desconocida,Frontera EE.UU.-México,Desconocido,1
28.44831,-100.16366,2024,Norteamérica,United States of America,Ahogamiento,Frontera EE.UU.-México,Honduras,1
32.573893,-116.686469,2024,Norteamérica,United States of America,Condiciones ambientales extremas,Frontera EE.UU.-México,Mexico,1
32.604171,-116.752858,2024,Norteamérica,United States of America,Condiciones ambientales extremas,Frontera EE.UU.-México,Mexico,1
32.605282,-116.867303,2024,Norteamérica,United States of America,Condiciones ambientales extremas,Frontera EE.UU.-México,Mexico,1
27.08588,-98.20933,2024,Norteamérica,United States of America,Mixta o desconocida,Frontera EE.UU.-México,Desconocido,1
27.13382,-98.09861,2024,Norteamérica,United States of America,Mixta o desconocida,Frontera EE.UU.-México,Guatemala,1
27.096389,-98.140176,2024,Norteamérica,United States of America,Ahogamiento,Frontera EE.UU.-México,Desconocido,1
32.637505,-116.726469,2024,Norteamérica,United States of America,Mixta o desconocida,Frontera EE.UU.-México,Mexico,1
33.056649,-117.310364,2024,Norteamérica,United States of America,Ahogamiento,Frontera EE.UU.-México,Mexico,1
27.05066,-98.251823,2024,Norteamérica,United States of America,Mixta o desconocida,Frontera EE.UU.-México,Desconocido,1
27.12508,-98.24852,2024,Norteamérica,United States of America,Mixta o desconocida,Frontera EE.UU.-México,Mexico,1
32.534727,-117.127025,2024,Norteamérica,United States of America,Ahogamiento,Frontera EE.UU.-México,Mexico,1
28.708396,-100.510829,2024,Norteamérica,United States of America,Ahogamiento,Frontera EE.UU.-México,Mexico,1
28.725083,-100.50756,2024,Norteamérica,United States of America,Ahogamiento,Frontera EE.UU.-México,Desconocido,1
26.82162,-98.14643,2024,Norteamérica,United States of America,Mixta o desconocida,Frontera EE.UU.-México,Guatemala,1
32.589171,-116.691469,2024,Norteamérica,United States of America,Muerte accidental,Frontera EE.UU.-México,Mexico,1
27.210816,-98.182777,2024,Norteamérica,United States of America,Mixta o desconocida,Frontera EE.UU.-México,Honduras,1
32.538897,-117.087341,2024,Norteamérica,United States of America,Muerte accidental,Frontera EE.UU.-México,Desconocido,1
27.14295,-98.43831,2024,Norteamérica,United States of America,Mixta o desconocida,Frontera EE.UU.-México,Mexico,1
27.23557,-98.4142,2024,Norteamérica,United States of America,Mixta o desconocida,Frontera EE.UU.-México,Mexico,1
32.616881,-116.166134,2024,Norteamérica,United States of America,Mixta o desconocida,Frontera EE.UU.-México,Desconocido,1
32.593514,-116.927207,2024,Norteamérica,United States of America,Condiciones ambientales extremas,Frontera EE.UU.-México,Mexico,1
30.023812,-101.893718,2024,Norteamérica,United States of America,Condiciones ambientales extremas,Frontera EE.UU.-México,Mexico,1
30.02341,-101.894111,2024,Norteamérica,United States of America,Condiciones ambientales extremas,Frontera EE.UU.-México,Mexico,1
27.214292,-98.162633,2024,Norteamérica,United States of America,Mixta o desconocida,Frontera EE.UU.-México,Guatemala,1
32.590838,-116.863691,2024,Norteamérica,United States of America,Condiciones ambientales extremas,Frontera EE.UU.-México,Mexico,1
32.555838,-116.88008,2024,Norteamérica,United States of America,Enfermedad o falta de atención,Frontera EE.UU.-México,Desconocido,1
27.037247,-98.218004,2024,Norteamérica,United States of America,Mixta o desconocida,Frontera EE.UU.-México,Desconocido,1
29.9422,-101.9908,2024,Norteamérica,United States of America,Condiciones ambientales extremas,Frontera EE.UU.-México,Mexico,1
32.568893,-116.822025,2024,Norteamérica,United States of America,Condiciones ambientales extremas,Frontera EE.UU.-México,Mexico,1
32.616949,-116.94258,2024,Norteamérica,United States of America,Condiciones ambientales extremas,Frontera EE.UU.-México,Mexico,1
32.587505,-116.855636,2024,Norteamérica,United States of America,Condiciones ambientales extremas,Frontera EE.UU.-México,Mexico,1
30.211989,-102.507944,2024,Norteamérica,United States of America,Condiciones ambientales extremas,Frontera EE.UU.-México,Desconocido,1
32.549311,-116.952875,2024,Norteamérica,United States of America,Muerte accidental,Frontera EE.UU.-México,Mexico,1
29.996086,-102.430447,2024,Norteamérica,United States of America,Condiciones ambientales extremas,Frontera EE.UU.-México,Desconocido,1
32.716272,-117.295933,2024,Norteamérica,United States of America,Ahogamiento,Frontera EE.UU.-México,Desconocido,1
32.550005,-116.94508,2024,Norteamérica,United States of America,Muerte accidental,Frontera EE.UU.-México,Desconocido,1
32.550005,-116.94508,2024,Norteamérica,United States of America,Muerte accidental,Frontera EE.UU.-México,Desconocido,1
28.69645357,-100.5123512,2025,Centroamérica,Mexico,Mixta o desconocida,Frontera EE.UU.-México,Mexico,1
7.821703287,-72.44996525,2025,Sudamérica,Colombia,Mixta o desconocida,Sin ruta registrada,Venezuela,1
25.529056,-103.45245,2025,Centroamérica,Mexico,Accidente de transporte,Sin ruta registrada,Ecuador,2
25.69965744,-100.3272715,2025,Centroamérica,Mexico,Condiciones ambientales extremas,Sin ruta registrada,Honduras,1
19.00990589,-69.04499124,2025,Caribe,Dominican Republic,Ahogamiento,Rep. Dominicana a Puerto Rico,Rep. Dominicana,5
13.32313256,-81.38315387,2025,Caribe,Colombia,Mixta o desconocida,Sin ruta registrada,Desconocido,6
10.28969014,-60.99941402,2025,Caribe,Trinidad and Tobago,Mixta o desconocida,Sin ruta registrada,Mauritania,5
27.52412408,-99.52551281,2025,Centroamérica,Mexico,Ahogamiento,Frontera EE.UU.-México,Mexico,1
17.29441021,-62.71316995,2025,Caribe,Saint Kitts and Nevis,Mixta o desconocida,Ruta atlántica a Canarias,Mauritania,21
21.18547697,-86.79277685,2025,Centroamérica,Mexico,Ahogamiento,Sin ruta registrada,Cuba,2
28.45861596,-99.233276,2025,Norteamérica,United States of America,Accidente de transporte,Frontera EE.UU.-México,Desconocido,1
-19.27531271,-68.61719928,2025,Sudamérica,Bolivia (Plurinational State of),Condiciones ambientales extremas,Sin ruta registrada,Venezuela,1
12.16425549,-82.7672418,2025,Caribe,Nicaragua,Ahogamiento,Sin ruta registrada,Egypt,9
28.70892767,-100.5098864,2025,Norteamérica,United States of America,Ahogamiento,Frontera EE.UU.-México,Desconocido,1
-33.21277116,-70.68500291,2025,Sudamérica,Chile,Muerte accidental,Sin ruta registrada,Haiti,1
32.749056,-117.260107,2025,Norteamérica,United States of America,Ahogamiento,Frontera EE.UU.-México,Mexico,1
32.58745969,-116.4917835,2025,Centroamérica,Mexico,Muerte accidental,Frontera EE.UU.-México,Mexico,1
-2.665187493,-79.61534953,2025,Sudamérica,Ecuador,Accidente de transporte,Sin ruta registrada,Colombia,1
-19.269845,-68.61993167,2025,Sudamérica,Bolivia (Plurinational State of),Enfermedad o falta de atención,Sin ruta registrada,Rep. Dominicana,1
8.461497352,-77.68776486,2025,Centroamérica,Panama,Ahogamiento,Tapón del Darién,Desconocido,3
9.031282825,-77.80766222,2025,Centroamérica,Panama,Ahogamiento,Tapón del Darién,Venezuela,1
13.68785741,-89.23790925,2025,Centroamérica,El Salvador,Enfermedad o falta de atención,Sin ruta registrada,Nicaragua,1
10.01448763,-62.18798253,2025,Caribe,Venezuela (Bolivarian Republic of),Ahogamiento,Venezuela al Caribe,Venezuela,7
-41.4736134,-72.94555241,2025,Sudamérica,Chile,Muerte accidental,Sin ruta registrada,Desconocido,1
19.64876063,-99.10579854,2025,Centroamérica,Mexico,Violencia,Sin ruta registrada,Cuba,1
28.7965769,-100.5336562,2025,Centroamérica,United States of America,Ahogamiento,Frontera EE.UU.-México,Desconocido,1
11.48501603,-69.6093726,2025,Caribe,Venezuela (Bolivarian Republic of),Ahogamiento,Sin ruta registrada,Venezuela,15
9.853786318,-83.84429312,2025,Centroamérica,Costa Rica,Violencia,Sin ruta registrada,Nicaragua,1
18.15643133,-94.42044677,2025,Centroamérica,Mexico,Mixta o desconocida,Sin ruta registrada,Honduras,2
16.07734752,-93.76394184,2025,Centroamérica,Mexico,Mixta o desconocida,Sin ruta registrada,Cuba,4
6.562295,-42.829401,2025,Sudamérica,Brazil,Condiciones ambientales extremas,Ruta atlántica a Canarias,Desconocido,10
32.599101,-116.805522,2025,Norteamérica,United States of America,Condiciones ambientales extremas,Frontera EE.UU.-México,Desconocido,1
32.583592,-116.833094,2025,Norteamérica,United States of America,Condiciones ambientales extremas,Frontera EE.UU.-México,Desconocido,2
19.64755594,-71.39383541,2025,Caribe,Dominican Republic,Accidente de transporte,Sin ruta registrada,Haiti,2
-18.00201433,-70.26289554,2025,Sudamérica,Peru,Mixta o desconocida,Sin ruta registrada,Venezuela,1
32.2486,-113.08326,2025,Norteamérica,United States of America,Mixta o desconocida,Frontera EE.UU.-México,Desconocido,1
-33.04715645,-71.61259236,2025,Sudamérica,Chile,Violencia,Sin ruta registrada,Venezuela,1
31.5513,-111.1793,2025,Norteamérica,United States of America,Mixta o desconocida,Frontera EE.UU.-México,Desconocido,1
31.52896,-111.29363,2025,Norteamérica,United States of America,Mixta o desconocida,Frontera EE.UU.-México,Desconocido,1
31.38451,-111.23666,2025,Norteamérica,United States of America,Enfermedad o falta de atención,Frontera EE.UU.-México,Desconocido,1
32.38472,-111.50666,2025,Norteamérica,United States of America,Mixta o desconocida,Frontera EE.UU.-México,Desconocido,1
31.724381,-111.961717,2025,Norteamérica,United States of America,Mixta o desconocida,Frontera EE.UU.-México,Desconocido,1
31.61643,-110.75215,2025,Norteamérica,United States of America,Condiciones ambientales extremas,Frontera EE.UU.-México,Desconocido,1
32.038233,-112.52405,2025,Norteamérica,United States of America,Mixta o desconocida,Frontera EE.UU.-México,Desconocido,1
32.32931,-113.11852,2025,Norteamérica,United States of America,Mixta o desconocida,Frontera EE.UU.-México,Desconocido,1
32.32619,-113.107225,2025,Norteamérica,United States of America,Mixta o desconocida,Frontera EE.UU.-México,Desconocido,1
32.32518,-113.12067,2025,Norteamérica,United States of America,Mixta o desconocida,Frontera EE.UU.-México,Desconocido,1
32.31672,-113.12092,2025,Norteamérica,United States of America,Mixta o desconocida,Frontera EE.UU.-México,Desconocido,1
32.31579,-113.12024,2025,Norteamérica,United States of America,Mixta o desconocida,Frontera EE.UU.-México,Desconocido,1
32.314365,-113.124272,2025,Norteamérica,United States of America,Mixta o desconocida,Frontera EE.UU.-México,Desconocido,1
32.316303,-113.130572,2025,Norteamérica,United States of America,Mixta o desconocida,Frontera EE.UU.-México,Desconocido,1
32.3175,-113.14106,2025,Norteamérica,United States of America,Mixta o desconocida,Frontera EE.UU.-México,Desconocido,1
32.33195,-113.12635,2025,Norteamérica,United States of America,Mixta o desconocida,Frontera EE.UU.-México,Desconocido,1
32.32902,-113.12133,2025,Norteamérica,United States of America,Mixta o desconocida,Frontera EE.UU.-México,Desconocido,1
32.076477,-110.89637,2025,Norteamérica,United States of America,Mixta o desconocida,Frontera EE.UU.-México,Desconocido,1
32.3814,-113.12311,2025,Norteamérica,United States of America,Mixta o desconocida,Frontera EE.UU.-México,Desconocido,1
32.3814,-113.12311,2025,Norteamérica,United States of America,Mixta o desconocida,Frontera EE.UU.-México,Desconocido,1
32.336,-112.55177,2025,Norteamérica,United States of America,Mixta o desconocida,Frontera EE.UU.-México,Desconocido,1
32.38184,-113.12317,2025,Norteamérica,United States of America,Mixta o desconocida,Frontera EE.UU.-México,Desconocido,1
31.716677,-109.116728,2025,Norteamérica,United States of America,Mixta o desconocida,Frontera EE.UU.-México,Desconocido,1
32.4477,-113.10842,2025,Norteamérica,United States of America,Mixta o desconocida,Frontera EE.UU.-México,Desconocido,1
6.032600902,-75.6236143,2025,Sudamérica,Colombia,Accidente de transporte,Sin ruta registrada,Venezuela,5
19.49719463,-99.15512473,2025,Centroamérica,Mexico,Mixta o desconocida,Sin ruta registrada,Colombia,2
18.47713548,-69.95911588,2025,Caribe,Dominican Republic,Muerte accidental,Sin ruta registrada,Haiti,1
26.07460736,-80.15102217,2025,Norteamérica,United States of America,Muerte accidental,Sin ruta registrada,Rep. Dominicana,2
29.24923159,-100.8015028,2025,Centroamérica,Mexico,Ahogamiento,Frontera EE.UU.-México,Mexico,1
19.62301367,-71.69198354,2025,Caribe,Dominican Republic,Accidente de transporte,Sin ruta registrada,Haiti,1
28.5335215,-100.404122,2025,Centroamérica,Mexico,Ahogamiento,Frontera EE.UU.-México,Mexico,1
46.5045062,-84.39877272,2025,Norteamérica,Canada,Mixta o desconocida,Sin ruta registrada,Nicaragua,1
29.24988167,-103.0284702,2025,Norteamérica,United States of America,Mixta o desconocida,Frontera EE.UU.-México,Mexico,1
14.67680652,-92.14851152,2025,Centroamérica,Mexico,Mixta o desconocida,Sin ruta registrada,Guatemala,3
14.63837019,-92.17066509,2025,Centroamérica,Mexico,Violencia,Sin ruta registrada,Desconocido,1
-14.02265426,-75.75630447,2025,Norteamérica,Peru,Violencia,Sin ruta registrada,Venezuela,1
32.91443139,-117.3872737,2025,Norteamérica,United States of America,Ahogamiento,Frontera EE.UU.-México,India,4
27.14152211,-79.79018651,2025,Caribe,United States of America,Ahogamiento,Caribe hacia EE.UU.,Desconocido,5
28.18085904,-99.99711964,2025,Norteamérica,United States of America,Condiciones ambientales extremas,Frontera EE.UU.-México,Desconocido,1
15.59801379,-88.36968535,2025,Centroamérica,Honduras,Violencia,Sin ruta registrada,Honduras,1
25.75374056,-100.2866862,2025,Centroamérica,Mexico,Mixta o desconocida,Sin ruta registrada,Honduras,1
6.246947575,-75.57696325,2025,Sudamérica,Colombia,Violencia,Sin ruta registrada,Venezuela,1
14.72051569,-92.42685269,2025,Centroamérica,Mexico,Mixta o desconocida,Sin ruta registrada,Cuba,1
7.155360443,-73.14209538,2025,Sudamérica,Colombia,Violencia,Sin ruta registrada,Venezuela,1
-19.28107401,-68.61174372,2025,Sudamérica,Chile,Enfermedad o falta de atención,Sin ruta registrada,Colombia,1
27.49948729,-99.50873555,2025,Norteamérica,United States of America,Ahogamiento,Frontera EE.UU.-México,Mexico,1
12.71868114,-61.31137202,2025,Caribe,Saint Vincent and the Grenadines,Condiciones ambientales extremas,Ruta atlántica a Canarias,Mali,11
28.19699468,-100.1572872,2025,Norteamérica,United States of America,Mixta o desconocida,Frontera EE.UU.-México,Desconocido,1
7.567024717,-76.61777269,2025,Sudamérica,Colombia,Accidente de transporte,Sin ruta registrada,Venezuela,1
31.33886497,-110.7710002,2025,Norteamérica,United States of America,Condiciones ambientales extremas,Frontera EE.UU.-México,Guatemala,1
31.92018,-112.10591,2025,Norteamérica,United States of America,Mixta o desconocida,Frontera EE.UU.-México,Desconocido,1
32.92666058,-112.6765922,2025,Norteamérica,United States of America,Accidente de transporte,Frontera EE.UU.-México,Desconocido,1
19.41741491,-98.13133703,2025,Centroamérica,Mexico,Mixta o desconocida,Sin ruta registrada,Desconocido,1
32.54003444,-117.0660978,2025,Norteamérica,United States of America,Muerte accidental,Frontera EE.UU.-México,Desconocido,1
32.09973,-112.88289,2025,Norteamérica,United States of America,Mixta o desconocida,Frontera EE.UU.-México,Desconocido,1
31.849644,-111.40982,2025,Norteamérica,United States of America,Mixta o desconocida,Frontera EE.UU.-México,Desconocido,1
14.7214686,-92.28761214,2025,Centroamérica,Mexico,Violencia,Sin ruta registrada,Venezuela,1
9.326728085,-59.76222726,2025,Sudamérica,Venezuela (Bolivarian Republic of),Condiciones ambientales extremas,Sin ruta registrada,Desconocido,14
-19.35760345,-68.48087615,2025,Sudamérica,Chile,Condiciones ambientales extremas,Sin ruta registrada,Venezuela,1
-19.2773964,-68.61125492,2025,Sudamérica,Bolivia (Plurinational State of),Condiciones ambientales extremas,Sin ruta registrada,Colombia,1
5.842791157,-53.78512474,2025,Caribe,French Guiana,Ahogamiento,Sin ruta registrada,Suriname,4
29.17943755,-102.9625761,2025,Centroamérica,Mexico,Condiciones ambientales extremas,Frontera EE.UU.-México,El Salvador,1
28.67651631,-100.5057515,2025,Centroamérica,Mexico,Ahogamiento,Frontera EE.UU.-México,Mexico,1
28.60710667,-100.4426655,2025,Centroamérica,Mexico,Ahogamiento,Frontera EE.UU.-México,Mexico,1
19.48226895,-70.735047,2025,Caribe,Dominican Republic,Muerte accidental,Sin ruta registrada,Haiti,1
14.86610899,-92.30340062,2025,Centroamérica,Mexico,Ahogamiento,Sin ruta registrada,Colombia,1
14.5916877,-92.19277095,2025,Centroamérica,Mexico,Violencia,Sin ruta registrada,Guatemala,1
14.87034982,-92.28858921,2025,Centroamérica,Mexico,Mixta o desconocida,Sin ruta registrada,Cuba,1
31.61987911,-106.4120225,2025,Centroamérica,Mexico,Violencia,Frontera EE.UU.-México,Mexico,1
-19.28038293,-68.62087851,2025,Sudamérica,Chile,Condiciones ambientales extremas,Sin ruta registrada,Venezuela,1
14.62669076,-92.31554323,2025,Centroamérica,Mexico,Violencia,Sin ruta registrada,Desconocido,1
19.42634243,-99.13764286,2025,Centroamérica,Mexico,Violencia,Sin ruta registrada,Colombia,1
-27.39835371,-70.30102068,2025,Sudamérica,Chile,Violencia,Sin ruta registrada,Venezuela,1
18.47871869,-68.39545296,2025,Caribe,Dominican Republic,Ahogamiento,Rep. Dominicana a Puerto Rico,Rep. Dominicana,8
31.79773013,-111.4004963,2025,Norteamérica,United States of America,Condiciones ambientales extremas,Frontera EE.UU.-México,Mexico,1
20.88184851,-97.45092131,2025,Centroamérica,Mexico,Accidente de transporte,Sin ruta registrada,Mexico,2
31.5671171,-106.2821039,2025,Norteamérica,United States of America,Enfermedad o falta de atención,Frontera EE.UU.-México,Honduras,1
31.57490561,-111.3317108,2025,Norteamérica,United States of America,Muerte accidental,Frontera EE.UU.-México,Desconocido,1
0.424560757,-76.90094587,2025,Sudamérica,Colombia,Violencia,Sin ruta registrada,Venezuela,1
-33.43001584,-70.64958021,2025,Sudamérica,Chile,Violencia,Sin ruta registrada,Venezuela,1
8.559256925,-77.3689825,2025,Sudamérica,Colombia,Muerte accidental,Tapón del Darién,Venezuela,1
8.59009342,-77.39305742,2025,Centroamérica,Panama,Condiciones ambientales extremas,Tapón del Darién,Venezuela,1
8.443232146,-77.65998735,2025,Centroamérica,Panama,Muerte accidental,Tapón del Darién,Haiti,2
31.4379783,-111.3051933,2025,Norteamérica,United States of America,Mixta o desconocida,Frontera EE.UU.-México,Mexico,1
19.47368733,-99.1079028,2025,Centroamérica,Mexico,Mixta o desconocida,Sin ruta registrada,Venezuela,2
19.43745634,-99.14716042,2025,Centroamérica,Mexico,Violencia,Sin ruta registrada,Venezuela,1
19.42557265,-99.12569098,2025,Centroamérica,Mexico,Violencia,Sin ruta registrada,Venezuela,1
31.68297833,-106.3814281,2025,Centroamérica,Mexico,Mixta o desconocida,Frontera EE.UU.-México,Desconocido,1
28.51348972,-100.4551375,2025,Centroamérica,Mexico,Mixta o desconocida,Frontera EE.UU.-México,Desconocido,1
28.66312339,-100.5013294,2025,Centroamérica,Mexico,Ahogamiento,Frontera EE.UU.-México,Desconocido,1
6.385129849,-74.76653124,2025,Sudamérica,Colombia,Ahogamiento,Sin ruta registrada,Venezuela,2
18.49727673,-71.86653176,2025,Caribe,Haiti,Violencia,Sin ruta registrada,Haiti,1
28.71939673,-100.5286512,2025,Centroamérica,Mexico,Mixta o desconocida,Frontera EE.UU.-México,Nicaragua,1
9.901319933,-83.95074281,2025,Centroamérica,Costa Rica,Accidente de transporte,Sin ruta registrada,Nicaragua,1
28.49765784,-100.318766,2025,Norteamérica,United States of America,Condiciones ambientales extremas,Frontera EE.UU.-México,Desconocido,1
17.97630123,-76.79474136,2025,Caribe,Jamaica,Enfermedad o falta de atención,Sin ruta registrada,Ecuador,1
28.71339793,-100.5083167,2025,Centroamérica,Mexico,Ahogamiento,Frontera EE.UU.-México,Desconocido,1
14.65132784,-88.87676546,2025,Centroamérica,Honduras,Mixta o desconocida,Sin ruta registrada,Cuba,1
28.67157851,-100.5400387,2025,Centroamérica,Mexico,Accidente de transporte,Frontera EE.UU.-México,Mexico,1
10.39074904,-75.47958654,2025,Sudamérica,Colombia,Violencia,Sin ruta registrada,Venezuela,1
31.76409451,-106.457324,2025,Norteamérica,United States of America,Accidente de transporte,Frontera EE.UU.-México,Ecuador,1
31.77239893,-106.5154075,2025,Norteamérica,United States of America,Ahogamiento,Frontera EE.UU.-México,Guatemala,1
25.89758187,-97.4972372,2025,Centroamérica,Mexico,Ahogamiento,Frontera EE.UU.-México,Desconocido,1
28.75658785,-100.5317743,2025,Centroamérica,Mexico,Ahogamiento,Frontera EE.UU.-México,Desconocido,1
31.78456847,-106.5293708,2025,Norteamérica,United States of America,Condiciones ambientales extremas,Frontera EE.UU.-México,Desconocido,1
16.7506126,-93.08861627,2025,Centroamérica,Mexico,Mixta o desconocida,Sin ruta registrada,Venezuela,1
28.65569904,-100.4848611,2025,Centroamérica,Mexico,Ahogamiento,Frontera EE.UU.-México,Desconocido,1
28.70878741,-100.511412,2025,Centroamérica,Mexico,Ahogamiento,Frontera EE.UU.-México,Desconocido,1
28.36020375,-100.1016039,2025,Norteamérica,United States of America,Mixta o desconocida,Frontera EE.UU.-México,Mexico,1
32.5372661,-117.0939957,2025,Norteamérica,United States of America,Muerte accidental,Frontera EE.UU.-México,Desconocido,1
32.53937195,-117.0389355,2025,Centroamérica,Mexico,Violencia,Frontera EE.UU.-México,Desconocido,1
31.65584184,-106.4142863,2025,Centroamérica,Mexico,Violencia,Frontera EE.UU.-México,Desconocido,1
28.69738703,-100.5110545,2025,Centroamérica,Mexico,Ahogamiento,Frontera EE.UU.-México,Desconocido,1
25.87812804,-97.48617003,2025,Centroamérica,Mexico,Ahogamiento,Frontera EE.UU.-México,Venezuela,1
25.88047462,-97.43029085,2025,Norteamérica,United States of America,Mixta o desconocida,Frontera EE.UU.-México,Guatemala,1
27.47716664,-99.48119599,2025,Centroamérica,Mexico,Ahogamiento,Frontera EE.UU.-México,Mexico,1
31.32325195,-110.3131198,2025,Centroamérica,Mexico,Mixta o desconocida,Frontera EE.UU.-México,Mexico,1
32.6646305,-115.4952948,2025,Centroamérica,Mexico,Mixta o desconocida,Frontera EE.UU.-México,Mexico,1
18.50822545,-67.13616105,2025,Caribe,United States of America,Ahogamiento,Rep. Dominicana a Puerto Rico,Rep. Dominicana,2
14.63738727,-92.17130594,2025,Centroamérica,Mexico,Ahogamiento,Sin ruta registrada,Desconocido,1
31.74884797,-106.4814547,2025,Norteamérica,United States of America,Ahogamiento,Frontera EE.UU.-México,Desconocido,1
-19.26849557,-68.61064762,2025,Sudamérica,Bolivia (Plurinational State of),Condiciones ambientales extremas,Sin ruta registrada,Venezuela,1
31.77716914,-106.5237033,2025,Norteamérica,United States of America,Accidente de transporte,Frontera EE.UU.-México,Guatemala,2
-34.31611577,-55.74442021,2025,Sudamérica,Uruguay,Accidente de transporte,Sin ruta registrada,Cuba,1
31.504524,-111.421415,2025,Norteamérica,United States of America,Mixta o desconocida,Frontera EE.UU.-México,Desconocido,1
31.92828,-112.11071,2025,Norteamérica,United States of America,Mixta o desconocida,Frontera EE.UU.-México,Desconocido,1
31.91536,-112.09806,2025,Norteamérica,United States of America,Mixta o desconocida,Frontera EE.UU.-México,Desconocido,1
31.91744,-112.09698,2025,Norteamérica,United States of America,Mixta o desconocida,Frontera EE.UU.-México,Desconocido,1
32.54905,-111.92746,2025,Norteamérica,United States of America,Mixta o desconocida,Frontera EE.UU.-México,Desconocido,1
31.94677,-112.10864,2025,Norteamérica,United States of America,Mixta o desconocida,Frontera EE.UU.-México,Desconocido,1
31.801666,-112.442168,2025,Norteamérica,United States of America,Mixta o desconocida,Frontera EE.UU.-México,Desconocido,1
32.53406,-111.812,2025,Norteamérica,United States of America,Enfermedad o falta de atención,Frontera EE.UU.-México,Mexico,1
31.95321,-112.88091,2025,Norteamérica,United States of America,Mixta o desconocida,Frontera EE.UU.-México,Desconocido,1
31.8543532,-111.3294012,2025,Norteamérica,United States of America,Mixta o desconocida,Frontera EE.UU.-México,Desconocido,1
31.80466,-111.91146,2025,Norteamérica,United States of America,Mixta o desconocida,Frontera EE.UU.-México,Desconocido,1
31.68916,-112.0288,2025,Norteamérica,United States of America,Mixta o desconocida,Frontera EE.UU.-México,Desconocido,1
31.417519,-110.75828,2025,Norteamérica,United States of America,Muerte accidental,Frontera EE.UU.-México,Mexico,1
31.68848,-111.83887,2025,Norteamérica,United States of America,Condiciones ambientales extremas,Frontera EE.UU.-México,Guatemala,1
32.392621,-113.136091,2025,Norteamérica,United States of America,Mixta o desconocida,Frontera EE.UU.-México,Desconocido,1
32.39,-113.136,2025,Norteamérica,United States of America,Mixta o desconocida,Frontera EE.UU.-México,Desconocido,1
32.4,-113.135,2025,Norteamérica,United States of America,Mixta o desconocida,Frontera EE.UU.-México,Desconocido,1
32.24647,-111.88552,2025,Norteamérica,United States of America,Mixta o desconocida,Frontera EE.UU.-México,Guatemala,1
31.702461,-110.875468,2025,Norteamérica,United States of America,Mixta o desconocida,Frontera EE.UU.-México,Desconocido,1
32.00371,-113.1899,2025,Norteamérica,United States of America,Mixta o desconocida,Frontera EE.UU.-México,Desconocido,1
31.69409,-111.77418,2025,Norteamérica,United States of America,Condiciones ambientales extremas,Frontera EE.UU.-México,Guatemala,1
32.31423,-111.35521,2025,Norteamérica,United States of America,Mixta o desconocida,Frontera EE.UU.-México,Desconocido,1
31.41512,-111.25714,2025,Norteamérica,United States of America,Mixta o desconocida,Frontera EE.UU.-México,Desconocido,1
31.853437,-112.373523,2025,Norteamérica,United States of America,Mixta o desconocida,Frontera EE.UU.-México,Desconocido,1
31.44439,-111.30772,2025,Norteamérica,United States of America,Muerte accidental,Frontera EE.UU.-México,Mexico,1
31.44253,-111.30562,2025,Norteamérica,United States of America,Mixta o desconocida,Frontera EE.UU.-México,Desconocido,1
31.81469,-111.90029,2025,Norteamérica,United States of America,Mixta o desconocida,Frontera EE.UU.-México,Desconocido,1
31.76872,-110.84883,2025,Norteamérica,United States of America,Mixta o desconocida,Frontera EE.UU.-México,Desconocido,1
31.915117,-111.32175,2025,Norteamérica,United States of America,Condiciones ambientales extremas,Frontera EE.UU.-México,Mexico,1
31.73072,-111.96312,2025,Norteamérica,United States of America,Mixta o desconocida,Frontera EE.UU.-México,Mexico,1
31.68949,-111.84598,2025,Norteamérica,United States of America,Mixta o desconocida,Frontera EE.UU.-México,Desconocido,1
31.947033,-112.89995,2025,Norteamérica,United States of America,Mixta o desconocida,Frontera EE.UU.-México,Desconocido,1
31.49315,-111.39883,2025,Norteamérica,United States of America,Mixta o desconocida,Frontera EE.UU.-México,Desconocido,1
31.78458,-111.91489,2025,Norteamérica,United States of America,Condiciones ambientales extremas,Frontera EE.UU.-México,Mexico,1
31.343675,-109.897908,2025,Norteamérica,United States of America,Mixta o desconocida,Frontera EE.UU.-México,Desconocido,1
31.96133,-112.35476,2025,Norteamérica,United States of America,Condiciones ambientales extremas,Frontera EE.UU.-México,Mexico,1
31.994717,-113.174183,2025,Norteamérica,United States of America,Mixta o desconocida,Frontera EE.UU.-México,Desconocido,1
31.83922,-111.82573,2025,Norteamérica,United States of America,Condiciones ambientales extremas,Frontera EE.UU.-México,Mexico,1
32.052433,-112.039667,2025,Norteamérica,United States of America,Mixta o desconocida,Frontera EE.UU.-México,Desconocido,1
31.702692,-111.857239,2025,Norteamérica,United States of America,Mixta o desconocida,Frontera EE.UU.-México,Desconocido,1
31.949839,-112.89621,2025,Norteamérica,United States of America,Mixta o desconocida,Frontera EE.UU.-México,Desconocido,1
32.011787,-112.578455,2025,Norteamérica,United States of America,Mixta o desconocida,Frontera EE.UU.-México,Desconocido,1
31.71663,-111.83004,2025,Norteamérica,United States of America,Mixta o desconocida,Frontera EE.UU.-México,Desconocido,1
32.412,-113.139,2025,Norteamérica,United States of America,Mixta o desconocida,Frontera EE.UU.-México,Desconocido,1
32.478359,-113.166784,2025,Norteamérica,United States of America,Mixta o desconocida,Frontera EE.UU.-México,Desconocido,1
32.489336,-113.093239,2025,Norteamérica,United States of America,Mixta o desconocida,Frontera EE.UU.-México,Desconocido,1
31.41417,-111.2389,2025,Norteamérica,United States of America,Mixta o desconocida,Frontera EE.UU.-México,Desconocido,1
31.87903,-112.62459,2025,Norteamérica,United States of America,Condiciones ambientales extremas,Frontera EE.UU.-México,Mexico,1
31.93243,-112.80083,2025,Norteamérica,United States of America,Condiciones ambientales extremas,Frontera EE.UU.-México,El Salvador,1
31.385533,-110.303767,2025,Norteamérica,United States of America,Mixta o desconocida,Frontera EE.UU.-México,Desconocido,1
31.3335,-110.951,2025,Norteamérica,United States of America,Enfermedad o falta de atención,Frontera EE.UU.-México,Mexico,1
28.60838586,-100.4440491,2025,Norteamérica,United States of America,Ahogamiento,Frontera EE.UU.-México,Desconocido,1
15.00575745,-92.40089729,2025,Centroamérica,Mexico,Accidente de transporte,Sin ruta registrada,Haiti,1
26.37563042,-98.86097192,2025,Norteamérica,United States of America,Enfermedad o falta de atención,Frontera EE.UU.-México,Mexico,1
31.79754983,-106.9275226,2025,Norteamérica,United States of America,Condiciones ambientales extremas,Frontera EE.UU.-México,Mexico,1
27.60681075,-99.47831911,2025,Norteamérica,United States of America,Enfermedad o falta de atención,Frontera EE.UU.-México,Cuba,1
27.50703103,-99.44878996,2025,Norteamérica,United States of America,Mixta o desconocida,Frontera EE.UU.-México,Mexico,1
-11.95037673,-77.08517035,2025,Sudamérica,Peru,Violencia,Sin ruta registrada,Venezuela,1
25.41074162,-101.0105808,2025,Centroamérica,Mexico,Enfermedad o falta de atención,Sin ruta registrada,Honduras,1
45.00855627,-72.4553053,2025,Norteamérica,United States of America,Mixta o desconocida,Sin ruta registrada,Desconocido,1
26.91478689,-104.5722259,2025,Centroamérica,Mexico,Accidente de transporte,Frontera EE.UU.-México,Guatemala,6
-33.2966471,-70.88899678,2025,Sudamérica,Chile,Violencia,Sin ruta registrada,Venezuela,1
9.579666837,-79.32927793,2025,Centroamérica,Panama,Ahogamiento,Sin ruta registrada,Colombia,1
32.56452279,-117.1323448,2025,Norteamérica,United States of America,Ahogamiento,Frontera EE.UU.-México,Desconocido,4
18.60184623,-77.94161714,2025,Caribe,Jamaica,Ahogamiento,Sin ruta registrada,Cuba,16
18.5156574,-67.10126318,2025,Caribe,Puerto Rico,Ahogamiento,Rep. Dominicana a Puerto Rico,Desconocido,3
14.8851458,-92.24768595,2025,Centroamérica,Mexico,Mixta o desconocida,Sin ruta registrada,Cuba,1
28.78352124,-100.5296022,2025,Norteamérica,United States of America,Mixta o desconocida,Frontera EE.UU.-México,Mexico,1
28.78352124,-100.5296022,2025,Norteamérica,United States of America,Mixta o desconocida,Frontera EE.UU.-México,Mexico,1
29.12980474,-100.0660133,2025,Norteamérica,United States of America,Mixta o desconocida,Frontera EE.UU.-México,Mexico,1
28.23057563,-100.0743232,2025,Norteamérica,United States of America,Mixta o desconocida,Frontera EE.UU.-México,Mexico,1
8.541690456,-82.83744353,2025,Centroamérica,Panama,Violencia,Tapón del Darién,Colombia,1
18.80933251,-97.19524557,2025,Centroamérica,Mexico,Accidente de transporte,Sin ruta registrada,Desconocido,1
32.55053582,-116.934718,2025,Norteamérica,United States of America,Muerte accidental,Frontera EE.UU.-México,Desconocido,1
26.3607476,-98.89174499,2025,Norteamérica,United States of America,Violencia,Frontera EE.UU.-México,Mexico,1
9.554867882,-79.25109712,2025,Caribe,Panama,Ahogamiento,Tapón del Darién,Venezuela,1
27.49854285,-99.51564889,2025,Centroamérica,Mexico,Ahogamiento,Frontera EE.UU.-México,Mexico,1
19.89364177,-77.29355744,2025,Caribe,Cuba,Mixta o desconocida,Sin ruta registrada,Cuba,2
26.35377824,-98.79334668,2025,Norteamérica,United States of America,Violencia,Frontera EE.UU.-México,Mexico,1
19.81875733,-77.30670481,2025,Caribe,Cuba,Ahogamiento,Sin ruta registrada,Jamaica,2
10.1036691,-84.8743745,2025,Centroamérica,Costa Rica,Mixta o desconocida,Sin ruta registrada,Nicaragua,1
9.553125111,-79.24973231,2025,Centroamérica,Panama,Ahogamiento,Sin ruta registrada,Venezuela,1
14.05244523,-90.346186,2025,Centroamérica,Guatemala,Enfermedad o falta de atención,Sin ruta registrada,India,1
14.03139724,-90.310686,2025,Centroamérica,Guatemala,Violencia,Sin ruta registrada,India,2
3.254756684,-60.11582506,2025,Sudamérica,Brazil,Accidente de transporte,Sin ruta registrada,Cuba,2
11.0338619,-84.71370534,2025,Centroamérica,Costa Rica,Violencia,Sin ruta registrada,Nicaragua,1
18.87969346,-71.72430733,2025,Caribe,Dominican Republic,Enfermedad o falta de atención,Sin ruta registrada,Haiti,1
18.3927926,-70.03455388,2025,Caribe,Dominican Republic,Enfermedad o falta de atención,Sin ruta registrada,Haiti,1
18.14611646,-96.08555154,2026,Centroamérica,Mexico,Accidente de transporte,Sin ruta registrada,Desconocido,1
28.72922264,-100.5082263,2026,Centroamérica,Mexico,Ahogamiento,Frontera EE.UU.-México,Mexico,1
19.50610743,-98.88442409,2026,Centroamérica,Mexico,Muerte accidental,Sin ruta registrada,Cuba,4
28.70380439,-100.5119885,2026,Centroamérica,Mexico,Ahogamiento,Frontera EE.UU.-México,Mexico,1
31.17105601,-105.3623354,2026,Norteamérica,United States of America,Condiciones ambientales extremas,Frontera EE.UU.-México,Guatemala,1
25.59104801,-103.484501,2026,Centroamérica,Mexico,Muerte accidental,Sin ruta registrada,El Salvador,1
16.97952077,-96.50258342,2026,Centroamérica,Mexico,Violencia,Sin ruta registrada,Honduras,1
18.87548039,-71.63394948,2026,Caribe,Dominican Republic,Violencia,Haití a Rep. Dominicana,Haiti,5
9.559769719,-78.94971459,2026,Caribe,Panama,Ahogamiento,Tapón del Darién,Colombia,3
26.37907957,-98.95682297,2026,Centroamérica,Mexico,Ahogamiento,Frontera EE.UU.-México,Desconocido,1
18.58953255,-87.31624943,2026,Centroamérica,Mexico,Ahogamiento,Caribe a Centroamérica,Cuba,8
28.69931827,-100.5112964,2026,Centroamérica,Mexico,Ahogamiento,Frontera EE.UU.-México,Honduras,1
16.97049124,-96.7565466,2026,Centroamérica,Mexico,Ahogamiento,Sin ruta registrada,Haiti,2
19.04607894,-96.42294524,2026,Centroamérica,Mexico,Violencia,Sin ruta registrada,Mexico,1
22.22479092,-102.2779094,2026,Centroamérica,Mexico,Accidente de transporte,Sin ruta registrada,Honduras,3
21.32717671,-86.79924681,2026,Centroamérica,Mexico,Ahogamiento,Sin ruta registrada,Cuba,2
-33.39106799,-70.6579766,2026,Sudamérica,Chile,Violencia,Sin ruta registrada,Venezuela,1
34.41144108,70.397975,2026,Sudamérica,Afghanistan,Accidente de transporte,Sin ruta registrada,Afghanistan,1
28.68533706,-100.5087708,2026,Centroamérica,Mexico,Ahogamiento,Frontera EE.UU.-México,Mexico,1
28.70516691,-100.5122667,2026,Centroamérica,Mexico,Ahogamiento,Frontera EE.UU.-México,Mexico,1
28.69617725,-100.5109806,2026,Centroamérica,Mexico,Ahogamiento,Frontera EE.UU.-México,Desconocido,1
17.98776295,-92.94169643,2026,Centroamérica,Mexico,Mixta o desconocida,Sin ruta registrada,Cuba,1
28.69618512,-100.5109611,2026,Centroamérica,Mexico,Ahogamiento,Frontera EE.UU.-México,Colombia,1
26.11819904,-98.28519181,2026,Centroamérica,Mexico,Ahogamiento,Frontera EE.UU.-México,Desconocido,1
32.57084822,-116.6909238,2026,Centroamérica,Mexico,Violencia,Frontera EE.UU.-México,Mexico,2
17.49956054,-91.99016615,2026,Centroamérica,Mexico,Violencia,Sin ruta registrada,Cuba,1
26.10842592,-98.32854056,2026,Centroamérica,Mexico,Accidente de transporte,Frontera EE.UU.-México,Cuba,1
18.51238739,-67.12091573,2026,Caribe,Puerto Rico,Ahogamiento,Rep. Dominicana a Puerto Rico,Rep. Dominicana,1
